time,kw_wind
2012-01-01 00:00:00,1.199072002623681
2012-01-01 01:00:00,1.2715496296036215
2012-01-01 02:00:00,1.4270495642361258
2012-01-01 03:00:00,1.016340919362515
2012-01-01 04:00:00,1.1672102398352948
2012-01-01 05:00:00,1.5
2012-01-01 06:00:00,1.245338950000035
2012-01-01 07:00:00,1.5
2012-01-01 08:00:00,0.9181513964531778
2012-01-01 09:00:00,1.2007648099070547
2012-01-01 10:00:00,1.3070657512691892
2012-01-01 11:00:00,1.199072002623681
2012-01-01 12:00:00,0.956921283081357
2012-01-01 13:00:00,0.9453223642292241
2012-01-01 14:00:00,0.855886714245351
2012-01-01 15:00:00,0.8804430926081116
2012-01-01 16:00:00,0.5384169006981308
2012-01-01 17:00:00,1.3106533039394601
2012-01-01 18:00:00,1.5
2012-01-01 19:00:00,1.5
2012-01-01 20:00:00,1.343237133514117
2012-01-01 21:00:00,1.5
2012-01-01 22:00:00,1.2715496296036215
2012-01-01 23:00:00,1.486769970888186
2012-01-02 00:00:00,1.139185216660562
2012-01-02 01:00:00,1.1326569505431225
2012-01-02 02:00:00,0.8357753261952274
2012-01-02 03:00:00,0.8531867581496282
2012-01-02 04:00:00,1.34506301065475
2012-01-02 05:00:00,0.8640207471243355
2012-01-02 06:00:00,0.8984673579177987
2012-01-02 07:00:00,0.8873466924396199
2012-01-02 08:00:00,1.3745024808983426
2012-01-02 09:00:00,1.5
2012-01-02 10:00:00,1.4423051994909815
2012-01-02 11:00:00,1.5
2012-01-02 12:00:00,1.5
2012-01-02 13:00:00,1.5
2012-01-02 14:00:00,1.5
2012-01-02 15:00:00,1.5
2012-01-02 16:00:00,1.1805560121159482
2012-01-02 17:00:00,0.8371061783757097
2012-01-02 18:00:00,0.87769170993712
2012-01-02 19:00:00,0.7313792962923948
2012-01-02 20:00:00,0.6687589822362848
2012-01-02 21:00:00,0.6494581487276925
2012-01-02 22:00:00,0.38515860674264885
2012-01-02 23:00:00,0.25439773642863805
2012-01-03 00:00:00,0.3679619706586375
2012-01-03 01:00:00,0.1461091165293612
2012-01-03 02:00:00,0.13995941700439732
2012-01-03 03:00:00,0.28310111365092355
2012-01-03 04:00:00,0.11997947026837641
2012-01-03 05:00:00,0.12478301709365082
2012-01-03 06:00:00,0.07771933826405077
2012-01-03 07:00:00,0.1090257690840407
2012-01-03 08:00:00,0.04715962835971689
2012-01-03 09:00:00,0.0
2012-01-03 10:00:00,0.0
2012-01-03 11:00:00,0.0
2012-01-03 12:00:00,0.0
2012-01-03 13:00:00,0.0
2012-01-03 14:00:00,0.0448501897003658
2012-01-03 15:00:00,0.07909243997759287
2012-01-03 16:00:00,0.09590514429852574
2012-01-03 17:00:00,0.2672478587110087
2012-01-03 18:00:00,0.39395428048144304
2012-01-03 19:00:00,0.6427358063359371
2012-01-03 20:00:00,0.598037191065567
2012-01-03 21:00:00,0.5864080401584016
2012-01-03 22:00:00,0.6272310814684537
2012-01-03 23:00:00,0.6173966282942221
2012-01-04 00:00:00,0.6316352626183972
2012-01-04 01:00:00,0.6033736010548307
2012-01-04 02:00:00,0.5906192129270894
2012-01-04 03:00:00,0.5197848467609724
2012-01-04 04:00:00,0.5615606937546465
2012-01-04 05:00:00,0.6710544916170038
2012-01-04 06:00:00,0.5605409106618162
2012-01-04 07:00:00,0.5728600551268028
2012-01-04 08:00:00,0.5188163038175838
2012-01-04 09:00:00,0.2735161251870697
2012-01-04 10:00:00,0.20711454031363097
2012-01-04 11:00:00,0.19077124736684434
2012-01-04 12:00:00,0.22714462998202387
2012-01-04 13:00:00,0.2216092640785606
2012-01-04 14:00:00,0.20659019995449218
2012-01-04 15:00:00,0.192265532357003
2012-01-04 16:00:00,0.3460863374222033
2012-01-04 17:00:00,0.6065906336407012
2012-01-04 18:00:00,0.6382801147565375
2012-01-04 19:00:00,0.5991019454586257
2012-01-04 20:00:00,1.3634128686722318
2012-01-04 21:00:00,0.8344458853106681
2012-01-04 22:00:00,0.6756612569969347
2012-01-04 23:00:00,0.41028759627731487
2012-01-05 00:00:00,0.2384903586020211
2012-01-05 01:00:00,0.07032271411850549
2012-01-05 02:00:00,0.0
2012-01-05 03:00:00,0.046964215784070895
2012-01-05 04:00:00,0.05097616947117639
2012-01-05 05:00:00,0.0
2012-01-05 06:00:00,0.0
2012-01-05 07:00:00,0.0
2012-01-05 08:00:00,0.07609270778204756
2012-01-05 09:00:00,0.0
2012-01-05 10:00:00,0.0
2012-01-05 11:00:00,0.06854995710824976
2012-01-05 12:00:00,0.11997947026837641
2012-01-05 13:00:00,0.16383166299243251
2012-01-05 14:00:00,0.2747814252299653
2012-01-05 15:00:00,0.34830799759296277
2012-01-05 16:00:00,0.6884384698102479
2012-01-05 17:00:00,0.9863328198978756
2012-01-05 18:00:00,1.3912493948709093
2012-01-05 19:00:00,1.2384107937442432
2012-01-05 20:00:00,1.139185216660562
2012-01-05 21:00:00,1.3016967065278986
2012-01-05 22:00:00,1.2981255241416385
2012-01-05 23:00:00,1.4156787050651838
2012-01-06 00:00:00,1.2297867942342726
2012-01-06 01:00:00,0.981883204877059
2012-01-06 02:00:00,0.899863939053403
2012-01-06 03:00:00,0.8424437150308348
2012-01-06 04:00:00,0.8928954832487606
2012-01-06 05:00:00,0.9937786830476166
2012-01-06 06:00:00,0.8915061233063546
2012-01-06 07:00:00,0.8735753928506209
2012-01-06 08:00:00,0.5217255473621891
2012-01-06 09:00:00,0.1571906640290771
2012-01-06 10:00:00,0.1135342285313601
2012-01-06 11:00:00,0.22051309493703375
2012-01-06 12:00:00,0.3258046683456422
2012-01-06 13:00:00,0.42706623770459057
2012-01-06 14:00:00,0.411115902076509
2012-01-06 15:00:00,0.38278272075234654
2012-01-06 16:00:00,0.6791301329070546
2012-01-06 17:00:00,1.0750212901389384
2012-01-06 18:00:00,1.285677830333753
2012-01-06 19:00:00,1.247075017059774
2012-01-06 20:00:00,1.3341325297181503
2012-01-06 21:00:00,1.247075017059774
2012-01-06 22:00:00,0.9671478366893149
2012-01-06 23:00:00,0.822544302130999
2012-01-07 00:00:00,0.9153219642510884
2012-01-07 01:00:00,0.5811722851420466
2012-01-07 02:00:00,0.6699060814414552
2012-01-07 03:00:00,0.15329355451653678
2012-01-07 04:00:00,0.32367986200752435
2012-01-07 05:00:00,0.4903164666631966
2012-01-07 06:00:00,0.5811722851420466
2012-01-07 07:00:00,0.4228295005144076
2012-01-07 08:00:00,0.3286521803590783
2012-01-07 09:00:00,0.12553321359068198
2012-01-07 10:00:00,0.13595701046592962
2012-01-07 11:00:00,0.15675442746785528
2012-01-07 12:00:00,0.1063115607712375
2012-01-07 13:00:00,0.07609270778204756
2012-01-07 14:00:00,0.07212577393576419
2012-01-07 15:00:00,0.07057843282891657
2012-01-07 16:00:00,0.12932932759746027
2012-01-07 17:00:00,0.22491955562313368
2012-01-07 18:00:00,0.268493767473048
2012-01-07 19:00:00,0.2556034109033437
2012-01-07 20:00:00,0.45574052114252556
2012-01-07 21:00:00,0.49969726955660443
2012-01-07 22:00:00,0.536434999989028
2012-01-07 23:00:00,0.6217547061124065
2012-01-08 00:00:00,0.6460911489170862
2012-01-08 01:00:00,0.7939291357704595
2012-01-08 02:00:00,0.6316352626183972
2012-01-08 03:00:00,0.6884384698102479
2012-01-08 04:00:00,0.733815871626108
2012-01-08 05:00:00,0.6044446782033658
2012-01-08 06:00:00,0.5759677882714727
2012-01-08 07:00:00,0.5927323387013265
2012-01-08 08:00:00,0.2408039111078797
2012-01-08 09:00:00,0.08767196993984692
2012-01-08 10:00:00,0.09908055763035607
2012-01-08 11:00:00,0.12366333571212798
2012-01-08 12:00:00,0.1312557509002103
2012-01-08 13:00:00,0.14569364061782542
2012-01-08 14:00:00,0.15982509007380716
2012-01-08 15:00:00,0.16699376858983891
2012-01-08 16:00:00,0.2792406974580408
2012-01-08 17:00:00,0.6438529598630998
2012-01-08 18:00:00,0.6884384698102479
2012-01-08 19:00:00,0.5677053766279739
2012-01-08 20:00:00,0.3424045989049778
2012-01-08 21:00:00,0.3431388472589433
2012-01-08 22:00:00,0.21616456551531785
2012-01-08 23:00:00,0.13359259415620936
2012-01-09 00:00:00,0.14321731490531894
2012-01-09 01:00:00,0.10037009328039771
2012-01-09 02:00:00,0.07475464888319587
2012-01-09 03:00:00,0.07212577393576425
2012-01-09 04:00:00,0.1805274704581691
2012-01-09 05:00:00,0.26662635231211934
2012-01-09 06:00:00,0.3002409165611017
2012-01-09 07:00:00,0.3505391452660779
2012-01-09 08:00:00,0.0903617206565168
2012-01-09 09:00:00,0.0
2012-01-09 10:00:00,0.0
2012-01-09 11:00:00,0.0
2012-01-09 12:00:00,0.0
2012-01-09 13:00:00,0.0
2012-01-09 14:00:00,0.0
2012-01-09 15:00:00,0.0
2012-01-09 16:00:00,0.0
2012-01-09 17:00:00,0.04995258249285329
2012-01-09 18:00:00,0.043538499699120346
2012-01-09 19:00:00,0.0
2012-01-09 20:00:00,0.04447277073729832
2012-01-09 21:00:00,0.0
2012-01-09 22:00:00,0.07992401259617452
2012-01-09 23:00:00,0.06293535486241329
2012-01-10 00:00:00,0.0
2012-01-10 01:00:00,0.0
2012-01-10 02:00:00,0.0
2012-01-10 03:00:00,0.0
2012-01-10 04:00:00,0.0
2012-01-10 05:00:00,0.0
2012-01-10 06:00:00,0.0
2012-01-10 07:00:00,0.04834349750131756
2012-01-10 08:00:00,0.07992401259617452
2012-01-10 09:00:00,0.0
2012-01-10 10:00:00,0.0
2012-01-10 11:00:00,0.0
2012-01-10 12:00:00,0.0
2012-01-10 13:00:00,0.04814482584283114
2012-01-10 14:00:00,0.07609270778204756
2012-01-10 15:00:00,0.06804898498950512
2012-01-10 16:00:00,0.15158238653524497
2012-01-10 17:00:00,0.3083795404568513
2012-01-10 18:00:00,0.35804508457548406
2012-01-10 19:00:00,0.4819747789963247
2012-01-10 20:00:00,0.7061201116516179
2012-01-10 21:00:00,0.464676357779619
2012-01-10 22:00:00,0.544391879916041
2012-01-10 23:00:00,0.0
2012-01-11 00:00:00,0.2232603197131128
2012-01-11 01:00:00,0.09843995256678552
2012-01-11 02:00:00,0.10800259339054194
2012-01-11 03:00:00,0.08561724274239302
2012-01-11 04:00:00,0.15675442746785528
2012-01-11 05:00:00,0.0
2012-01-11 06:00:00,0.05056507331875757
2012-01-11 07:00:00,0.08020249322629969
2012-01-11 08:00:00,0.06981313122288323
2012-01-11 09:00:00,0.0
2012-01-11 10:00:00,0.0
2012-01-11 11:00:00,0.0
2012-01-11 12:00:00,0.07290785386627596
2012-01-11 13:00:00,0.10037009328039771
2012-01-11 14:00:00,0.12181211913378041
2012-01-11 15:00:00,0.1593839907184093
2012-01-11 16:00:00,0.20346273150218763
2012-01-11 17:00:00,0.24022412665945383
2012-01-11 18:00:00,0.15675442746785528
2012-01-11 19:00:00,0.13359259415620936
2012-01-11 20:00:00,0.34979437396028107
2012-01-11 21:00:00,0.5707944559594188
2012-01-11 22:00:00,0.650583075987254
2012-01-11 23:00:00,0.17437366382498062
2012-01-12 00:00:00,0.0
2012-01-12 01:00:00,0.0
2012-01-12 02:00:00,0.06656072514732687
2012-01-12 03:00:00,0.38595274795002704
2012-01-12 04:00:00,0.28699694625884986
2012-01-12 05:00:00,0.40534111487336516
2012-01-12 06:00:00,0.30226197804924176
2012-01-12 07:00:00,0.6630431245616616
2012-01-12 08:00:00,0.40288285337432844
2012-01-12 09:00:00,0.9054647359301434
2012-01-12 10:00:00,0.3875443036728875
2012-01-12 11:00:00,0.5864080401584016
2012-01-12 12:00:00,1.1310287903461134
2012-01-12 13:00:00,0.9997622817772158
2012-01-12 14:00:00,0.849147479851789
2012-01-12 15:00:00,0.748549050870166
2012-01-12 16:00:00,0.6814493003991164
2012-01-12 17:00:00,0.49405456854619584
2012-01-12 18:00:00,0.8518389120196136
2012-01-12 19:00:00,0.7362578525601214
2012-01-12 20:00:00,0.7510235911872634
2012-01-12 21:00:00,1.4750836230646924
2012-01-12 22:00:00,0.809453658961001
2012-01-12 23:00:00,1.4251502083663117
2012-01-13 00:00:00,1.5
2012-01-13 01:00:00,0.5585050497830658
2012-01-13 02:00:00,0.5044322091816849
2012-01-13 03:00:00,0.48289692436959963
2012-01-13 04:00:00,0.48752529805025174
2012-01-13 05:00:00,0.4194603570563509
2012-01-13 06:00:00,0.3641264008857694
2012-01-13 07:00:00,0.37493369802442245
2012-01-13 08:00:00,0.5139916327249116
2012-01-13 09:00:00,0.37104974738016666
2012-01-13 10:00:00,0.3475663910340453
2012-01-13 11:00:00,0.29290745470879975
2012-01-13 12:00:00,0.34093924598037956
2012-01-13 13:00:00,0.3173609125381933
2012-01-13 14:00:00,0.2460640067986814
2012-01-13 15:00:00,0.2623027666411714
2012-01-13 16:00:00,0.16338321890864865
2012-01-13 17:00:00,0.28374795524490537
2012-01-13 18:00:00,0.2915870624647251
2012-01-13 19:00:00,0.2935691429861554
2012-01-13 20:00:00,0.3542788629643656
2012-01-13 21:00:00,0.15675442746785528
2012-01-13 22:00:00,0.0
2012-01-13 23:00:00,0.0
2012-01-14 00:00:00,0.0
2012-01-14 01:00:00,0.0
2012-01-14 02:00:00,0.0
2012-01-14 03:00:00,0.0
2012-01-14 04:00:00,0.0
2012-01-14 05:00:00,0.07663237037263831
2012-01-14 06:00:00,0.13995941700439732
2012-01-14 07:00:00,0.14403961327572112
2012-01-14 08:00:00,0.20502249014141535
2012-01-14 09:00:00,0.12218087403762205
2012-01-14 10:00:00,0.0
2012-01-14 11:00:00,0.0
2012-01-14 12:00:00,0.0
2012-01-14 13:00:00,0.0
2012-01-14 14:00:00,0.04995258249285329
2012-01-14 15:00:00,0.110745386996901
2012-01-14 16:00:00,0.2766866825877898
2012-01-14 17:00:00,0.8572388257084556
2012-01-14 18:00:00,0.6250366890073722
2012-01-14 19:00:00,0.8928954832487601
2012-01-14 20:00:00,0.6283302011044195
2012-01-14 21:00:00,0.4912492180937922
2012-01-14 22:00:00,0.31736091253819354
2012-01-14 23:00:00,0.18682438249798325
2012-01-15 00:00:00,0.08561724274239302
2012-01-15 01:00:00,0.0
2012-01-15 02:00:00,0.0
2012-01-15 03:00:00,0.0
2012-01-15 04:00:00,0.0
2012-01-15 05:00:00,0.0
2012-01-15 06:00:00,0.0
2012-01-15 07:00:00,0.06293535486241329
2012-01-15 08:00:00,0.06656072514732687
2012-01-15 09:00:00,0.0511825504740249
2012-01-15 10:00:00,0.07909243997759287
2012-01-15 11:00:00,0.10298263438045784
2012-01-15 12:00:00,0.132420736003919
2012-01-15 13:00:00,0.19477331224941127
2012-01-15 14:00:00,0.2623027666411713
2012-01-15 15:00:00,0.30906432082978436
2012-01-15 16:00:00,0.598037191065567
2012-01-15 17:00:00,1.0640464374845076
2012-01-15 18:00:00,1.486769970888186
2012-01-15 19:00:00,1.5
2012-01-15 20:00:00,1.5
2012-01-15 21:00:00,1.5
2012-01-15 22:00:00,1.2488126968152267
2012-01-15 23:00:00,1.3615704190990991
2012-01-16 00:00:00,1.305274432535574
2012-01-16 01:00:00,1.4926362200498025
2012-01-16 02:00:00,1.5
2012-01-16 03:00:00,1.3726500519282012
2012-01-16 04:00:00,1.4156787050651838
2012-01-16 05:00:00,1.4518949634008993
2012-01-16 06:00:00,1.3542172194435027
2012-01-16 07:00:00,1.1872668782136213
2012-01-16 08:00:00,1.5
2012-01-16 09:00:00,1.402489237114789
2012-01-16 10:00:00,1.5
2012-01-16 11:00:00,1.5
2012-01-16 12:00:00,1.5
2012-01-16 13:00:00,1.5
2012-01-16 14:00:00,1.5
2012-01-16 15:00:00,1.5
2012-01-16 16:00:00,1.5
2012-01-16 17:00:00,1.5
2012-01-16 18:00:00,1.5
2012-01-16 19:00:00,1.5
2012-01-16 20:00:00,1.5
2012-01-16 21:00:00,1.434663863370614
2012-01-16 22:00:00,0.8928954832487606
2012-01-16 23:00:00,0.5874589503748454
2012-01-17 00:00:00,0.33511964158403346
2012-01-17 01:00:00,1.5
2012-01-17 02:00:00,1.5
2012-01-17 03:00:00,1.5
2012-01-17 04:00:00,1.5
2012-01-17 05:00:00,1.5
2012-01-17 06:00:00,1.5
2012-01-17 07:00:00,1.5
2012-01-17 08:00:00,1.5
2012-01-17 09:00:00,1.5
2012-01-17 10:00:00,1.2366827789325963
2012-01-17 11:00:00,0.7350361860187279
2012-01-17 12:00:00,1.0118014381084484
2012-01-17 13:00:00,1.4100159969697292
2012-01-17 14:00:00,1.4175696380813443
2012-01-17 15:00:00,1.1855867838240297
2012-01-17 16:00:00,0.7313792962923948
2012-01-17 17:00:00,0.4773816577658319
2012-01-17 18:00:00,0.39395428048144304
2012-01-17 19:00:00,0.6942991519023399
2012-01-17 20:00:00,0.21778849956110458
2012-01-17 21:00:00,0.1351657980407458
2012-01-17 22:00:00,0.3595590152790709
2012-01-17 23:00:00,0.14736028202556156
2012-01-18 00:00:00,0.06199134039191158
2012-01-18 01:00:00,0.09908055763035613
2012-01-18 02:00:00,0.07909243997759287
2012-01-18 03:00:00,0.08076139361463582
2012-01-18 04:00:00,0.11672719421672385
2012-01-18 05:00:00,0.10971146374214
2012-01-18 06:00:00,0.09465422350182187
2012-01-18 07:00:00,0.04447277073729832
2012-01-18 08:00:00,0.04447277073729832
2012-01-18 09:00:00,0.0
2012-01-18 10:00:00,0.0
2012-01-18 11:00:00,0.0
2012-01-18 12:00:00,0.0
2012-01-18 13:00:00,0.0
2012-01-18 14:00:00,0.0
2012-01-18 15:00:00,0.0
2012-01-18 16:00:00,0.0
2012-01-18 17:00:00,0.08532635768210453
2012-01-18 18:00:00,0.10463827229696371
2012-01-18 19:00:00,0.16383166299243251
2012-01-18 20:00:00,0.24313237767994136
2012-01-18 21:00:00,0.3258046683456422
2012-01-18 22:00:00,0.4020656470245047
2012-01-18 23:00:00,0.4566289039748654
2012-01-19 00:00:00,0.4203009587244833
2012-01-19 01:00:00,0.3483079975929629
2012-01-19 02:00:00,0.3394780797755709
2012-01-19 03:00:00,0.3187579505044235
2012-01-19 04:00:00,0.313194302031004
2012-01-19 05:00:00,0.3438741445389505
2012-01-19 06:00:00,0.303614378634597
2012-01-19 07:00:00,0.2076397671313232
2012-01-19 08:00:00,0.18731473495805806
2012-01-19 09:00:00,0.04561142150829668
2012-01-19 10:00:00,0.0431684861089853
2012-01-19 11:00:00,0.0
2012-01-19 12:00:00,0.0
2012-01-19 13:00:00,0.0
2012-01-19 14:00:00,0.0
2012-01-19 15:00:00,0.0
2012-01-19 16:00:00,0.0
2012-01-19 17:00:00,0.0
2012-01-19 18:00:00,0.3460863374222033
2012-01-19 19:00:00,1.177210083040826
2012-01-19 20:00:00,1.0546990846753597
2012-01-19 21:00:00,1.0469515710600963
2012-01-19 22:00:00,0.8585923604466533
2012-01-19 23:00:00,0.7722777323748555
2012-01-20 00:00:00,0.5948504987216044
2012-01-20 01:00:00,0.5111112380155938
2012-01-20 02:00:00,0.39476046225170636
2012-01-20 03:00:00,0.4746398425831098
2012-01-20 04:00:00,0.3656574138852642
2012-01-20 05:00:00,0.35277980065639764
2012-01-20 06:00:00,0.3152730185139282
2012-01-20 07:00:00,0.3243871010774399
2012-01-20 08:00:00,0.24488854378981026
2012-01-20 09:00:00,0.16293559390058876
2012-01-20 10:00:00,0.1351657980407458
2012-01-20 11:00:00,0.10766296284289
2012-01-20 12:00:00,0.08590878815440793
2012-01-20 13:00:00,0.08216999110522033
2012-01-20 14:00:00,0.13398474437835983
2012-01-20 15:00:00,0.29689253587404213
2012-01-20 16:00:00,0.44604424294834844
2012-01-20 17:00:00,0.3250953696072465
2012-01-20 18:00:00,0.27162546744224525
2012-01-20 19:00:00,0.3300821370834819
2012-01-20 20:00:00,0.23504788889962958
2012-01-20 21:00:00,0.2519977736799704
2012-01-20 22:00:00,0.4177825176206607
2012-01-20 23:00:00,0.43907946287704025
2012-01-21 00:00:00,0.17484199033557632
2012-01-21 01:00:00,0.14694243648453115
2012-01-21 02:00:00,0.21187358402455705
2012-01-21 03:00:00,0.2227090599136963
2012-01-21 04:00:00,0.24961295260172897
2012-01-21 05:00:00,0.21562505353782863
2012-01-21 06:00:00,0.23220459867001078
2012-01-21 07:00:00,0.4287688253560609
2012-01-21 08:00:00,0.4304759321492783
2012-01-21 09:00:00,0.268493767473048
2012-01-21 10:00:00,0.21134123858530565
2012-01-21 11:00:00,0.16744879223254833
2012-01-21 12:00:00,0.1259094367580967
2012-01-21 13:00:00,0.09559138725990207
2012-01-21 14:00:00,0.09465422350182187
2012-01-21 15:00:00,0.0931059301757708
2012-01-21 16:00:00,0.10397390430431595
2012-01-21 17:00:00,0.23619167224568702
2012-01-21 18:00:00,0.3424045989049778
2012-01-21 19:00:00,0.341671398728356
2012-01-21 20:00:00,0.3424045989049778
2012-01-21 21:00:00,0.19578249839408063
2012-01-21 22:00:00,0.1967951644875307
2012-01-21 23:00:00,0.3365682835669825
2012-01-22 00:00:00,0.33295448191558386
2012-01-22 01:00:00,0.33223483991290104
2012-01-22 02:00:00,0.26974354251208893
2012-01-22 03:00:00,0.3625996674446286
2012-01-22 04:00:00,0.2929074547087996
2012-01-22 05:00:00,0.27099718981771626
2012-01-22 06:00:00,0.2948955075949941
2012-01-22 07:00:00,0.3138861890463266
2012-01-22 08:00:00,0.3819929354705292
2012-01-22 09:00:00,0.3971856050901765
2012-01-22 10:00:00,0.4425527187958431
2012-01-22 11:00:00,0.5217255473621891
2012-01-22 12:00:00,0.5718266337493365
2012-01-22 13:00:00,0.5916751469078019
2012-01-22 14:00:00,0.956921283081357
2012-01-22 15:00:00,0.9997622817772158
2012-01-22 16:00:00,1.2075519713361722
2012-01-22 17:00:00,1.4137894543736604
2012-01-22 18:00:00,1.2058527896371531
2012-01-22 19:00:00,1.4213565540823665
2012-01-22 20:00:00,1.5
2012-01-22 21:00:00,1.5
2012-01-22 22:00:00,1.5
2012-01-22 23:00:00,1.5
2012-01-23 00:00:00,0.7811446951504472
2012-01-23 01:00:00,0.7132766802254069
2012-01-23 02:00:00,0.6283302011044195
2012-01-23 03:00:00,1.121292584706041
2012-01-23 04:00:00,1.4062492598799679
2012-01-23 05:00:00,1.5
2012-01-23 06:00:00,1.5
2012-01-23 07:00:00,1.5
2012-01-23 08:00:00,1.1923166833248662
2012-01-23 09:00:00,0.855886714245351
2012-01-23 10:00:00,0.7436162888598138
2012-01-23 11:00:00,0.6405053775377835
2012-01-23 12:00:00,0.7990817155437238
2012-01-23 13:00:00,0.8212289330272778
2012-01-23 14:00:00,0.8411072101796782
2012-01-23 15:00:00,0.8199149669838004
2012-01-23 16:00:00,0.4425527187958431
2012-01-23 17:00:00,0.523671072573979
2012-01-23 18:00:00,0.6494581487276925
2012-01-23 19:00:00,0.5636039689907065
2012-01-23 20:00:00,0.6108977700399872
2012-01-23 21:00:00,0.6676131932527939
2012-01-23 22:00:00,0.5677053766279739
2012-01-23 23:00:00,0.4287688253560609
2012-01-24 00:00:00,0.19578249839408063
2012-01-24 01:00:00,0.13086894638251204
2012-01-24 02:00:00,0.20659019995449218
2012-01-24 03:00:00,0.13955568816609074
2012-01-24 04:00:00,0.11494603706332349
2012-01-24 05:00:00,0.10971146374214
2012-01-24 06:00:00,0.07826665554404211
2012-01-24 07:00:00,0.0
2012-01-24 08:00:00,0.0
2012-01-24 09:00:00,0.0
2012-01-24 10:00:00,0.0
2012-01-24 11:00:00,0.0
2012-01-24 12:00:00,0.0
2012-01-24 13:00:00,0.0
2012-01-24 14:00:00,0.0
2012-01-24 15:00:00,0.0
2012-01-24 16:00:00,0.0
2012-01-24 17:00:00,0.05853539300062671
2012-01-24 18:00:00,0.22051309493703375
2012-01-24 19:00:00,0.303614378634597
2012-01-24 20:00:00,0.40616275201855984
2012-01-24 21:00:00,0.6055170221490896
2012-01-24 22:00:00,0.6460911489170865
2012-01-24 23:00:00,0.598037191065567
2012-01-25 00:00:00,0.5217255473621891
2012-01-25 01:00:00,0.4313311820957875
2012-01-25 02:00:00,0.2316387063148778
2012-01-25 03:00:00,0.2556034109033437
2012-01-25 04:00:00,0.1351657980407458
2012-01-25 05:00:00,0.07160750689085031
2012-01-25 06:00:00,0.10430573566383351
2012-01-25 07:00:00,0.11283268019093905
2012-01-25 08:00:00,0.0
2012-01-25 09:00:00,0.04447277073729832
2012-01-25 10:00:00,0.05608436292699648
2012-01-25 11:00:00,0.11459199407719714
2012-01-25 12:00:00,0.142807341924837
2012-01-25 13:00:00,0.07290785386627596
2012-01-25 14:00:00,0.13955568816609062
2012-01-25 15:00:00,0.09403286297427958
2012-01-25 16:00:00,0.15115659356385588
2012-01-25 17:00:00,0.17625199962121615
2012-01-25 18:00:00,0.24254886022277608
2012-01-25 19:00:00,0.20088074814083443
2012-01-25 20:00:00,0.22770318210095922
2012-01-25 21:00:00,0.19934209380372192
2012-01-25 22:00:00,0.09496592761024826
2012-01-25 23:00:00,0.10971146374214
2012-01-26 00:00:00,0.11494603706332349
2012-01-26 01:00:00,0.08620099466684743
2012-01-26 02:00:00,0.046964215784070895
2012-01-26 03:00:00,0.06880136256889205
2012-01-26 04:00:00,0.0
2012-01-26 05:00:00,0.0
2012-01-26 06:00:00,0.0
2012-01-26 07:00:00,0.044661214431005646
2012-01-26 08:00:00,0.06364962071358743
2012-01-26 09:00:00,0.0
2012-01-26 10:00:00,0.0
2012-01-26 11:00:00,0.0
2012-01-26 12:00:00,0.10834293744748566
2012-01-26 13:00:00,0.10597548653957266
2012-01-26 14:00:00,0.10265361662840973
2012-01-26 15:00:00,0.1762519996212162
2012-01-26 16:00:00,0.20242729974553297
2012-01-26 17:00:00,0.35277980065639764
2012-01-26 18:00:00,0.25379632358942544
2012-01-26 19:00:00,0.303614378634597
2012-01-26 20:00:00,0.2635332701910523
2012-01-26 21:00:00,0.23676495275369588
2012-01-26 22:00:00,0.22658699202347163
2012-01-26 23:00:00,0.19176657361223906
2012-01-27 00:00:00,0.1762519996212162
2012-01-27 01:00:00,0.2466531462298989
2012-01-27 02:00:00,0.2227090599136963
2012-01-27 03:00:00,0.14988400032796012
2012-01-27 04:00:00,0.22770318210095922
2012-01-27 05:00:00,0.31736091253819354
2012-01-27 06:00:00,0.2948955075949941
2012-01-27 07:00:00,0.23050968130581806
2012-01-27 08:00:00,0.09653471654685694
2012-01-27 09:00:00,0.0
2012-01-27 10:00:00,0.0
2012-01-27 11:00:00,0.0
2012-01-27 12:00:00,0.0
2012-01-27 13:00:00,0.0
2012-01-27 14:00:00,0.0
2012-01-27 15:00:00,0.0
2012-01-27 16:00:00,0.0
2012-01-27 17:00:00,0.0
2012-01-27 18:00:00,0.0
2012-01-27 19:00:00,0.0
2012-01-27 20:00:00,0.0
2012-01-27 21:00:00,0.0
2012-01-27 22:00:00,0.0
2012-01-27 23:00:00,0.0
2012-01-28 00:00:00,0.0
2012-01-28 01:00:00,0.043538499699120346
2012-01-28 02:00:00,0.06854995710824976
2012-01-28 03:00:00,0.13955568816609074
2012-01-28 04:00:00,0.37493369802442245
2012-01-28 05:00:00,0.6710544916170038
2012-01-28 06:00:00,0.5885111154093099
2012-01-28 07:00:00,0.48845450739012425
2012-01-28 08:00:00,0.4764665494060229
2012-01-28 09:00:00,0.3907405293145729
2012-01-28 10:00:00,0.2935691429861554
2012-01-28 11:00:00,0.26662635231211934
2012-01-28 12:00:00,0.20711454031363097
2012-01-28 13:00:00,0.20450168812950917
2012-01-28 14:00:00,0.19934209380372192
2012-01-28 15:00:00,0.14988400032796012
2012-01-28 16:00:00,0.10698583928066888
2012-01-28 17:00:00,0.1262864108697082
2012-01-28 18:00:00,0.15675442746785528
2012-01-28 19:00:00,0.12144410693845654
2012-01-28 20:00:00,0.2935691429861554
2012-01-28 21:00:00,0.3535288021064741
2012-01-28 22:00:00,0.38041662548713123
2012-01-28 23:00:00,0.3300821370834819
2012-01-29 00:00:00,0.5236710725739787
2012-01-29 01:00:00,0.656227200896671
2012-01-29 02:00:00,0.6472121859413072
2012-01-29 03:00:00,0.632739519820743
2012-01-29 04:00:00,0.4912492180937922
2012-01-29 05:00:00,0.42621663668526527
2012-01-29 06:00:00,0.8120605930609714
2012-01-29 07:00:00,0.7374808719989862
2012-01-29 08:00:00,0.8873466924396196
2012-01-29 09:00:00,0.6619038754560965
2012-01-29 10:00:00,0.7253114681527763
2012-01-29 11:00:00,0.5514183638166889
2012-01-29 12:00:00,0.5305184910981353
2012-01-29 13:00:00,0.41444027338803274
2012-01-29 14:00:00,0.2883034553940087
2012-01-29 15:00:00,0.19730280438679376
2012-01-29 16:00:00,0.24901910760293683
2012-01-29 17:00:00,0.2484262052150559
2012-01-29 18:00:00,0.17531115463934863
2012-01-29 19:00:00,0.11005538657601395
2012-01-29 20:00:00,0.33802109430096683
2012-01-29 21:00:00,0.11997947026837641
2012-01-29 22:00:00,0.14362807177271428
2012-01-29 23:00:00,0.218875628173043
2012-01-30 00:00:00,0.3002409165611017
2012-01-30 01:00:00,0.49405456854619584
2012-01-30 02:00:00,0.557488970499749
2012-01-30 03:00:00,0.4486749034159718
2012-01-30 04:00:00,0.5948504987216044
2012-01-30 05:00:00,0.7535035790317558
2012-01-30 06:00:00,0.899863939053403
2012-01-30 07:00:00,0.7547456176485198
2012-01-30 08:00:00,0.4601939802289665
2012-01-30 09:00:00,0.18244966349185654
2012-01-30 10:00:00,0.25319585935070854
2012-01-30 11:00:00,0.36489137206637345
2012-01-30 12:00:00,0.43907946287704025
2012-01-30 13:00:00,0.5677053766279739
2012-01-30 14:00:00,0.6261332443523371
2012-01-30 15:00:00,0.5585050497830658
2012-01-30 16:00:00,0.8081522867683072
2012-01-30 17:00:00,1.3070657512691883
2012-01-30 18:00:00,1.5
2012-01-30 19:00:00,1.332316560099509
2012-01-30 20:00:00,1.229786794234272
2012-01-30 21:00:00,1.5
2012-01-30 22:00:00,1.5
2012-01-30 23:00:00,1.5
2012-01-31 00:00:00,1.5
2012-01-31 01:00:00,1.3016967065278986
2012-01-31 02:00:00,1.2160718269400759
2012-01-31 03:00:00,1.121292584706041
2012-01-31 04:00:00,1.0987924081016474
2012-01-31 05:00:00,1.5
2012-01-31 06:00:00,1.4828676894939363
2012-01-31 07:00:00,1.4442197636653522
2012-01-31 08:00:00,0.8640207471243361
2012-01-31 09:00:00,0.4094604037921992
2012-01-31 10:00:00,0.40452058655006057
2012-01-31 11:00:00,0.530518491098135
2012-01-31 12:00:00,0.6438529598630998
2012-01-31 13:00:00,0.5874589503748454
2012-01-31 14:00:00,0.49311826828659394
2012-01-31 15:00:00,0.5749306316391729
2012-01-31 16:00:00,0.43562442727526124
2012-01-31 17:00:00,0.666468713742284
2012-01-31 18:00:00,0.9352505215971798
2012-01-31 19:00:00,0.8640207471243361
2012-01-31 20:00:00,0.5666781657012686
2012-01-31 21:00:00,0.5770061914861135
2012-01-31 22:00:00,0.5707944559594188
2012-01-31 23:00:00,0.32367986200752435
2012-02-01 00:00:00,0.35277980065639764
2012-02-01 01:00:00,0.2975602099927276
2012-02-01 02:00:00,0.1571906640290771
2012-02-01 03:00:00,0.4801340116230456
2012-02-01 04:00:00,0.1656336450587727
2012-02-01 05:00:00,0.2460640067986814
2012-02-01 06:00:00,0.15806556368207098
2012-02-01 07:00:00,0.06317284651751756
2012-02-01 08:00:00,0.0
2012-02-01 09:00:00,0.0
2012-02-01 10:00:00,0.0
2012-02-01 11:00:00,0.0
2012-02-01 12:00:00,0.0
2012-02-01 13:00:00,0.0
2012-02-01 14:00:00,0.0
2012-02-01 15:00:00,0.0
2012-02-01 16:00:00,0.0
2012-02-01 17:00:00,0.043724296745035134
2012-02-01 18:00:00,0.35277980065639764
2012-02-01 19:00:00,0.4893848966782065
2012-02-01 20:00:00,0.5053827721401405
2012-02-01 21:00:00,0.5217255473621891
2012-02-01 22:00:00,0.4968705789621836
2012-02-01 23:00:00,0.5305184910981353
2012-02-02 00:00:00,0.4313311820957875
2012-02-02 01:00:00,0.5666781657012686
2012-02-02 02:00:00,0.5728600551268028
2012-02-02 03:00:00,0.6228474206361049
2012-02-02 04:00:00,0.5666781657012686
2012-02-02 05:00:00,0.4339037271192936
2012-02-02 06:00:00,0.2413846276854434
2012-02-02 07:00:00,0.09006018012483266
2012-02-02 08:00:00,0.07032271411850545
2012-02-02 09:00:00,0.0
2012-02-02 10:00:00,0.0
2012-02-02 11:00:00,0.0
2012-02-02 12:00:00,0.0
2012-02-02 13:00:00,0.0
2012-02-02 14:00:00,0.0
2012-02-02 15:00:00,0.0
2012-02-02 16:00:00,0.05285368756430095
2012-02-02 17:00:00,0.14117527389808093
2012-02-02 18:00:00,0.25379632358942544
2012-02-02 19:00:00,0.393149197051296
2012-02-02 20:00:00,0.5188163038175834
2012-02-02 21:00:00,0.691950904227277
2012-02-02 22:00:00,0.8437816349214056
2012-02-02 23:00:00,0.9381208536792157
2012-02-03 00:00:00,0.9295274338697631
2012-02-03 01:00:00,0.9352505215971798
2012-02-03 02:00:00,1.0239368590469151
2012-02-03 03:00:00,1.0012619249501291
2012-02-03 04:00:00,0.9893066856970238
2012-02-03 05:00:00,1.0285125383568443
2012-02-03 06:00:00,1.0057698508252664
2012-02-03 07:00:00,0.885963095975208
2012-02-03 08:00:00,0.6065906336407016
2012-02-03 09:00:00,0.20974955396158862
2012-02-03 10:00:00,0.17204457196522027
2012-02-03 11:00:00,0.21562505353782863
2012-02-03 12:00:00,0.20088074814083454
2012-02-03 13:00:00,0.14946139531309177
2012-02-03 14:00:00,0.12181211913378041
2012-02-03 15:00:00,0.08076139361463577
2012-02-03 16:00:00,0.14861856988681163
2012-02-03 17:00:00,0.33079866824554827
2012-02-03 18:00:00,0.39395428048144293
2012-02-03 19:00:00,0.37104974738016666
2012-02-03 20:00:00,0.5295366557686333
2012-02-03 21:00:00,0.5265984196387044
2012-02-03 22:00:00,0.3610772075722574
2012-02-03 23:00:00,0.3891402287978744
2012-02-04 00:00:00,0.45043441084068947
2012-02-04 01:00:00,0.45574052114252556
2012-02-04 02:00:00,0.39476046225170636
2012-02-04 03:00:00,0.23050968130581806
2012-02-04 04:00:00,0.14861856988681169
2012-02-04 05:00:00,0.15243636980934755
2012-02-04 06:00:00,0.18390022825631602
2012-02-04 07:00:00,0.2413846276854434
2012-02-04 08:00:00,0.2419662771408427
2012-02-04 09:00:00,0.19176657361223906
2012-02-04 10:00:00,0.18829801240488828
2012-02-04 11:00:00,0.15073159870464414
2012-02-04 12:00:00,0.10134455343445707
2012-02-04 13:00:00,0.06461035361271936
2012-02-04 14:00:00,0.09372320505776743
2012-02-04 15:00:00,0.17204457196522027
2012-02-04 16:00:00,0.11318309199126793
2012-02-04 17:00:00,0.15458534736657453
2012-02-04 18:00:00,0.24371683026103674
2012-02-04 19:00:00,0.18535846118674204
2012-02-04 20:00:00,0.281166488610026
2012-02-04 21:00:00,0.23733916014995593
2012-02-04 22:00:00,0.17672368179670755
2012-02-04 23:00:00,0.15329355451653678
2012-02-05 00:00:00,0.15286456160945724
2012-02-05 01:00:00,0.044097475082049704
2012-02-05 02:00:00,0.0
2012-02-05 03:00:00,0.0511825504740249
2012-02-05 04:00:00,0.05434543871051447
2012-02-05 05:00:00,0.06755045961615963
2012-02-05 06:00:00,0.0
2012-02-05 07:00:00,0.05456081008017854
2012-02-05 08:00:00,0.08649386302840957
2012-02-05 09:00:00,0.08561724274239302
2012-02-05 10:00:00,0.09972393587169856
2012-02-05 11:00:00,0.10664834476870352
2012-02-05 12:00:00,0.10331235441132623
2012-02-05 13:00:00,0.10004666680577945
2012-02-05 14:00:00,0.10430573566383351
2012-02-05 15:00:00,0.12478301709365082
2012-02-05 16:00:00,0.13009761863023414
2012-02-05 17:00:00,0.15329355451653678
2012-02-05 18:00:00,0.17957145760144175
2012-02-05 19:00:00,0.155017552188514
2012-02-05 20:00:00,0.11601253991601754
2012-02-05 21:00:00,0.15372334927928408
2012-02-05 22:00:00,0.33079866824554827
2012-02-05 23:00:00,0.3915423222165591
2012-02-06 00:00:00,0.30975011419125
2012-02-06 01:00:00,0.2134759825181219
2012-02-06 02:00:00,0.16927715243043784
2012-02-06 03:00:00,0.14362807177271428
2012-02-06 04:00:00,0.10664834476870352
2012-02-06 05:00:00,0.15158238653524497
2012-02-06 06:00:00,0.21454872414732154
2012-02-06 07:00:00,0.19027487836881724
2012-02-06 08:00:00,0.046964215784070895
2012-02-06 09:00:00,0.0
2012-02-06 10:00:00,0.0
2012-02-06 11:00:00,0.0
2012-02-06 12:00:00,0.0
2012-02-06 13:00:00,0.0
2012-02-06 14:00:00,0.0
2012-02-06 15:00:00,0.0
2012-02-06 16:00:00,0.0
2012-02-06 17:00:00,0.0
2012-02-06 18:00:00,0.0
2012-02-06 19:00:00,0.0
2012-02-06 20:00:00,0.0
2012-02-06 21:00:00,0.0
2012-02-06 22:00:00,0.0
2012-02-06 23:00:00,0.0
2012-02-07 00:00:00,0.0
2012-02-07 01:00:00,0.0
2012-02-07 02:00:00,0.0
2012-02-07 03:00:00,0.0
2012-02-07 04:00:00,0.0
2012-02-07 05:00:00,0.0
2012-02-07 06:00:00,0.0
2012-02-07 07:00:00,0.0
2012-02-07 08:00:00,0.0
2012-02-07 09:00:00,0.0
2012-02-07 10:00:00,0.0
2012-02-07 11:00:00,0.0
2012-02-07 12:00:00,0.0
2012-02-07 13:00:00,0.0
2012-02-07 14:00:00,0.0
2012-02-07 15:00:00,0.06082465848873635
2012-02-07 16:00:00,0.15073159870464414
2012-02-07 17:00:00,0.15675442746785528
2012-02-07 18:00:00,0.22882303181477207
2012-02-07 19:00:00,0.23906735115522257
2012-02-07 20:00:00,0.21562505353782863
2012-02-07 21:00:00,0.23733916014995593
2012-02-07 22:00:00,0.2210607265454452
2012-02-07 23:00:00,0.2254744555927246
2012-02-08 00:00:00,0.16927715243043784
2012-02-08 01:00:00,0.12666413667421478
2012-02-08 02:00:00,0.08767196993984692
2012-02-08 03:00:00,0.1270426149203143
2012-02-08 04:00:00,0.14036392374003245
2012-02-08 05:00:00,0.1762519996212162
2012-02-08 06:00:00,0.3300821370834819
2012-02-08 07:00:00,0.3431388472589435
2012-02-08 08:00:00,0.21833161277646712
2012-02-08 09:00:00,0.1554505618609137
2012-02-08 10:00:00,0.12590943675809665
2012-02-08 11:00:00,0.13875056118667073
2012-02-08 12:00:00,0.17531115463934863
2012-02-08 13:00:00,0.15158238653524497
2012-02-08 14:00:00,0.1567544274678554
2012-02-08 15:00:00,0.1481983479780037
2012-02-08 16:00:00,0.17437366382498062
2012-02-08 17:00:00,0.23447738456418485
2012-02-08 18:00:00,0.2935691429861554
2012-02-08 19:00:00,0.17390617435886366
2012-02-08 20:00:00,0.20191090382196045
2012-02-08 21:00:00,0.19176657361223906
2012-02-08 22:00:00,0.28504459279558186
2012-02-08 23:00:00,0.40534111487336516
2012-02-09 00:00:00,0.39637612380737497
2012-02-09 01:00:00,0.3258046683456422
2012-02-09 02:00:00,0.2419662771408428
2012-02-09 03:00:00,0.1786188258653456
2012-02-09 04:00:00,0.13048290254208605
2012-02-09 05:00:00,0.09341422770783056
2012-02-09 06:00:00,0.06199134039191158
2012-02-09 07:00:00,0.0
2012-02-09 08:00:00,0.0
2012-02-09 09:00:00,0.0
2012-02-09 10:00:00,0.0
2012-02-09 11:00:00,0.0
2012-02-09 12:00:00,0.0
2012-02-09 13:00:00,0.0
2012-02-09 14:00:00,0.0
2012-02-09 15:00:00,0.0
2012-02-09 16:00:00,0.0
2012-02-09 17:00:00,0.0
2012-02-09 18:00:00,0.0
2012-02-09 19:00:00,0.0
2012-02-09 20:00:00,0.0
2012-02-09 21:00:00,0.0
2012-02-09 22:00:00,0.0
2012-02-09 23:00:00,0.0
2012-02-10 00:00:00,0.0
2012-02-10 01:00:00,0.0
2012-02-10 02:00:00,0.049143649631412
2012-02-10 03:00:00,0.07992401259617452
2012-02-10 04:00:00,0.1351657980407458
2012-02-10 05:00:00,0.09559138725990211
2012-02-10 06:00:00,0.13556101942251306
2012-02-10 07:00:00,0.14527895308539152
2012-02-10 08:00:00,0.10037009328039771
2012-02-10 09:00:00,0.09527831528004234
2012-02-10 10:00:00,0.10364277746971289
2012-02-10 11:00:00,0.13635377191969383
2012-02-10 12:00:00,0.15286456160945724
2012-02-10 13:00:00,0.15675442746785528
2012-02-10 14:00:00,0.18293233430939915
2012-02-10 15:00:00,0.1697363126301638
2012-02-10 16:00:00,0.14403961327572112
2012-02-10 17:00:00,0.22106072654544515
2012-02-10 18:00:00,0.24961295260172883
2012-02-10 19:00:00,0.4893848966782065
2012-02-10 20:00:00,1.3597296301383583
2012-02-10 21:00:00,1.4965556129391868
2012-02-10 22:00:00,0.9878190067197905
2012-02-10 23:00:00,0.9110887244793084
2012-02-11 00:00:00,0.6393921007693961
2012-02-11 01:00:00,0.9352505215971798
2012-02-11 02:00:00,0.7735403115240637
2012-02-11 03:00:00,1.1956911625047337
2012-02-11 04:00:00,0.9525606358560679
2012-02-11 05:00:00,0.9730241619547789
2012-02-11 06:00:00,1.1923166833248662
2012-02-11 07:00:00,1.0750212901389384
2012-02-11 08:00:00,1.0438632203366875
2012-02-11 09:00:00,1.2263484361322943
2012-02-11 10:00:00,1.0687407532496749
2012-02-11 11:00:00,1.1277771523100264
2012-02-11 12:00:00,0.891506123306355
2012-02-11 13:00:00,0.9997622817772158
2012-02-11 14:00:00,1.0813263843259664
2012-02-11 15:00:00,1.097196872424457
2012-02-11 16:00:00,0.9540127097463369
2012-02-11 17:00:00,0.7313792962923948
2012-02-11 18:00:00,0.5636039689907065
2012-02-11 19:00:00,0.4253681632052825
2012-02-11 20:00:00,0.35653540947191226
2012-02-11 21:00:00,0.3883417196857661
2012-02-11 22:00:00,0.4637775643001629
2012-02-11 23:00:00,0.45043441084068947
2012-02-12 00:00:00,0.27605062149778686
2012-02-12 01:00:00,0.20191090382196045
2012-02-12 02:00:00,0.21454872414732154
2012-02-12 03:00:00,0.2293843309070457
2012-02-12 04:00:00,0.23220459867001078
2012-02-12 05:00:00,0.33584344185597764
2012-02-12 06:00:00,0.3111247428745724
2012-02-12 07:00:00,0.23733916014995593
2012-02-12 08:00:00,0.14527895308539152
2012-02-12 09:00:00,0.10698583928066888
2012-02-12 10:00:00,0.09812068810491945
2012-02-12 11:00:00,0.08503613222484444
2012-02-12 12:00:00,0.07909243997759287
2012-02-12 13:00:00,0.06293535486241329
2012-02-12 14:00:00,0.05652481403462054
2012-02-12 15:00:00,0.0442848578705457
2012-02-12 16:00:00,0.05306510206449298
2012-02-12 17:00:00,0.08132288449840674
2012-02-12 18:00:00,0.0835948727795356
2012-02-12 19:00:00,0.06436927045281707
2012-02-12 20:00:00,0.06656072514732687
2012-02-12 21:00:00,0.0
2012-02-12 22:00:00,0.0
2012-02-12 23:00:00,0.0
2012-02-13 00:00:00,0.0
2012-02-13 01:00:00,0.0
2012-02-13 02:00:00,0.0
2012-02-13 03:00:00,0.0
2012-02-13 04:00:00,0.05808454472245238
2012-02-13 05:00:00,0.0682991648313535
2012-02-13 06:00:00,0.08532635768210453
2012-02-13 07:00:00,0.07854127513805244
2012-02-13 08:00:00,0.0442848578705457
2012-02-13 09:00:00,0.0
2012-02-13 10:00:00,0.07964617734381367
2012-02-13 11:00:00,0.11005538657601395
2012-02-13 12:00:00,0.1259094367580967
2012-02-13 13:00:00,0.16293559390058876
2012-02-13 14:00:00,0.14903958541560827
2012-02-13 15:00:00,0.30497080721574416
2012-02-13 16:00:00,0.31596796246360337
2012-02-13 17:00:00,0.14117527389808088
2012-02-13 18:00:00,0.2172462877782577
2012-02-13 19:00:00,0.4691877473817458
2012-02-13 20:00:00,0.23964527359146745
2012-02-13 21:00:00,0.2293843309070457
2012-02-13 22:00:00,0.20398176883266608
2012-02-13 23:00:00,0.15588437713247175
2012-02-14 00:00:00,0.16881882103951137
2012-02-14 01:00:00,0.2172462877782577
2012-02-14 02:00:00,0.26046420256162506
2012-02-14 03:00:00,0.2227090599136963
2012-02-14 04:00:00,0.18535846118674204
2012-02-14 05:00:00,0.17814377604578902
2012-02-14 06:00:00,0.18780594467746048
2012-02-14 07:00:00,0.15458534736657453
2012-02-14 08:00:00,0.10902576908404074
2012-02-14 09:00:00,0.06656072514732687
2012-02-14 10:00:00,0.06152289396483651
2012-02-14 11:00:00,0.0
2012-02-14 12:00:00,0.0
2012-02-14 13:00:00,0.0
2012-02-14 14:00:00,0.0
2012-02-14 15:00:00,0.0
2012-02-14 16:00:00,0.0
2012-02-14 17:00:00,0.08076139361463577
2012-02-14 18:00:00,0.12440904226663814
2012-02-14 19:00:00,0.04834349750131756
2012-02-14 20:00:00,0.0
2012-02-14 21:00:00,0.0
2012-02-14 22:00:00,0.0
2012-02-14 23:00:00,0.08132288449840681
2012-02-15 00:00:00,0.09908055763035607
2012-02-15 01:00:00,0.08826501395645224
2012-02-15 02:00:00,0.06880136256889205
2012-02-15 03:00:00,0.07717457853677777
2012-02-15 04:00:00,0.08886072633309508
2012-02-15 05:00:00,0.08915958502817586
2012-02-15 06:00:00,0.09940189972945675
2012-02-15 07:00:00,0.12403581538902991
2012-02-15 08:00:00,0.17390617435886374
2012-02-15 09:00:00,0.10199768496598163
2012-02-15 10:00:00,0.055210336755122255
2012-02-15 11:00:00,0.06128955833289958
2012-02-15 12:00:00,0.0
2012-02-15 13:00:00,0.056967565142815695
2012-02-15 14:00:00,0.06269845917099866
2012-02-15 15:00:00,0.04954701547592187
2012-02-15 16:00:00,0.12478301709365082
2012-02-15 17:00:00,0.2922467614512224
2012-02-15 18:00:00,0.0
2012-02-15 19:00:00,0.0
2012-02-15 20:00:00,0.0
2012-02-15 21:00:00,0.09279831171289007
2012-02-15 22:00:00,0.1343776612673673
2012-02-15 23:00:00,0.15200897836750948
2012-02-16 00:00:00,0.13635377191969383
2012-02-16 01:00:00,0.1786188258653456
2012-02-16 02:00:00,0.1270426149203143
2012-02-16 03:00:00,0.18977937112230622
2012-02-16 04:00:00,0.24901910760293683
2012-02-16 05:00:00,0.3009135994700935
2012-02-16 06:00:00,0.3718243812584825
2012-02-16 07:00:00,0.2747814252299654
2012-02-16 08:00:00,0.10834293744748566
2012-02-16 09:00:00,0.10397390430431595
2012-02-16 10:00:00,0.19527747070249732
2012-02-16 11:00:00,0.2691181713335942
2012-02-16 12:00:00,0.27099718981771626
2012-02-16 13:00:00,0.2502077409601301
2012-02-16 14:00:00,0.1947733122494112
2012-02-16 15:00:00,0.1554505618609137
2012-02-16 16:00:00,0.14198974462982084
2012-02-16 17:00:00,0.256207674036233
2012-02-16 18:00:00,0.3453478888718824
2012-02-16 19:00:00,0.437349670531315
2012-02-16 20:00:00,0.29092835700061015
2012-02-16 21:00:00,0.13915273647641455
2012-02-16 22:00:00,0.04638121842252083
2012-02-16 23:00:00,0.0
2012-02-17 00:00:00,0.0
2012-02-17 01:00:00,0.04316848610898528
2012-02-17 02:00:00,0.0
2012-02-17 03:00:00,0.048144825842831106
2012-02-17 04:00:00,0.0
2012-02-17 05:00:00,0.0
2012-02-17 06:00:00,0.0
2012-02-17 07:00:00,0.04353849969912036
2012-02-17 08:00:00,0.0
2012-02-17 09:00:00,0.0
2012-02-17 10:00:00,0.0
2012-02-17 11:00:00,0.0
2012-02-17 12:00:00,0.0
2012-02-17 13:00:00,0.0
2012-02-17 14:00:00,0.0
2012-02-17 15:00:00,0.0
2012-02-17 16:00:00,0.0
2012-02-17 17:00:00,0.0
2012-02-17 18:00:00,0.0
2012-02-17 19:00:00,0.0
2012-02-17 20:00:00,0.0
2012-02-17 21:00:00,0.0
2012-02-17 22:00:00,0.0
2012-02-17 23:00:00,0.0
2012-02-18 00:00:00,0.0
2012-02-18 01:00:00,0.0
2012-02-18 02:00:00,0.0
2012-02-18 03:00:00,0.0
2012-02-18 04:00:00,0.0
2012-02-18 05:00:00,0.0
2012-02-18 06:00:00,0.0
2012-02-18 07:00:00,0.05853539300062671
2012-02-18 08:00:00,0.05138948775956361
2012-02-18 09:00:00,0.05327707958565816
2012-02-18 10:00:00,0.11744477742440744
2012-02-18 11:00:00,0.1701963023873874
2012-02-18 12:00:00,0.18487153027699582
2012-02-18 13:00:00,0.22215870828507842
2012-02-18 14:00:00,0.2988985597607921
2012-02-18 15:00:00,0.33584344185597764
2012-02-18 16:00:00,0.33079866824554827
2012-02-18 17:00:00,0.6528368259826044
2012-02-18 18:00:00,0.7786043891920202
2012-02-18 19:00:00,0.6294306040089332
2012-02-18 20:00:00,0.682610861456836
2012-02-18 21:00:00,0.6966527063495546
2012-02-18 22:00:00,0.7875196205342841
2012-02-18 23:00:00,0.7374808719989862
2012-02-19 00:00:00,0.5315015393185629
2012-02-19 01:00:00,0.4236745958685517
2012-02-19 02:00:00,0.43476350968411576
2012-02-19 03:00:00,0.35128497298489775
2012-02-19 04:00:00,0.35277980065639764
2012-02-19 05:00:00,0.29556018542387336
2012-02-19 06:00:00,0.3438741445389505
2012-02-19 07:00:00,0.3083795404568513
2012-02-19 08:00:00,0.3250953696072465
2012-02-19 09:00:00,0.3015872863832409
2012-02-19 10:00:00,0.2896139236447338
2012-02-19 11:00:00,0.2419662771408428
2012-02-19 12:00:00,0.26353327019105244
2012-02-19 13:00:00,0.3104369212899467
2012-02-19 14:00:00,0.290270644310179
2012-02-19 15:00:00,0.268493767473048
2012-02-19 16:00:00,0.21778849956110463
2012-02-19 17:00:00,0.2514001507505527
2012-02-19 18:00:00,0.38278272075234654
2012-02-19 19:00:00,0.5885111154093096
2012-02-19 20:00:00,0.8159814797278531
2012-02-19 21:00:00,0.6283302011044195
2012-02-19 22:00:00,0.7798738526202815
2012-02-19 23:00:00,0.7132766802254069
2012-02-20 00:00:00,0.5091969657086994
2012-02-20 01:00:00,0.3955677431107844
2012-02-20 02:00:00,0.26600581023638625
2012-02-20 03:00:00,0.2293843309070457
2012-02-20 04:00:00,0.1927653558480753
2012-02-20 05:00:00,0.2413846276854434
2012-02-20 06:00:00,0.3015872863832409
2012-02-20 07:00:00,0.21562505353782863
2012-02-20 08:00:00,0.056304301355086184
2012-02-20 09:00:00,0.07006761383272703
2012-02-20 10:00:00,0.0903617206565168
2012-02-20 11:00:00,0.09716703801462076
2012-02-20 12:00:00,0.1262864108697082
2012-02-20 13:00:00,0.18633488654853755
2012-02-20 14:00:00,0.1983207016338864
2012-02-20 15:00:00,0.22714462998202387
2012-02-20 16:00:00,0.24488854378981026
2012-02-20 17:00:00,0.43476350968411576
2012-02-20 18:00:00,0.8291422197577025
2012-02-20 19:00:00,0.9952723381331045
2012-02-20 20:00:00,1.137550804834396
2012-02-20 21:00:00,1.5
2012-02-20 22:00:00,1.5
2012-02-20 23:00:00,1.4557427395732825
2012-02-21 00:00:00,1.0469515710600963
2012-02-21 01:00:00,1.0392420913084426
2012-02-21 02:00:00,1.1490245741817142
2012-02-21 03:00:00,1.202459209671293
2012-02-21 04:00:00,1.3232614265306684
2012-02-21 05:00:00,1.5
2012-02-21 06:00:00,1.5
2012-02-21 07:00:00,1.5
2012-02-21 08:00:00,1.1923166833248662
2012-02-21 09:00:00,1.1622316246831321
2012-02-21 10:00:00,0.9295274338697631
2012-02-21 11:00:00,0.8464617228155807
2012-02-21 12:00:00,0.8384384426008139
2012-02-21 13:00:00,1.121292584706041
2012-02-21 14:00:00,0.9997622817772158
2012-02-21 15:00:00,0.8504924861699
2012-02-21 16:00:00,0.6173966282942221
2012-02-21 17:00:00,0.6676131932527937
2012-02-21 18:00:00,0.6837737417206126
2012-02-21 19:00:00,0.6990115735585043
2012-02-21 20:00:00,0.8708383440048029
2012-02-21 21:00:00,0.7411580551873895
2012-02-21 22:00:00,0.6098190808778436
2012-02-21 23:00:00,1.0254605743612208
2012-02-22 00:00:00,1.1180596431589722
2012-02-22 01:00:00,1.116445505328725
2012-02-22 02:00:00,0.9224064682616284
2012-02-22 03:00:00,0.9612952182005704
2012-02-22 04:00:00,0.9453223642292241
2012-02-22 05:00:00,0.8901182053564952
2012-02-22 06:00:00,0.6619038754560965
2012-02-22 07:00:00,0.48659726790989044
2012-02-22 08:00:00,0.15286456160945724
2012-02-22 09:00:00,0.07502099536317287
2012-02-22 10:00:00,0.15073159870464414
2012-02-22 11:00:00,0.32936664137089117
2012-02-22 12:00:00,0.45043441084068947
2012-02-22 13:00:00,0.5149541636225365
2012-02-22 14:00:00,0.6472121859413072
2012-02-22 15:00:00,0.6228474206361052
2012-02-22 16:00:00,0.5006418766216544
2012-02-22 17:00:00,0.9878190067197905
2012-02-22 18:00:00,1.1923166833248662
2012-02-22 19:00:00,1.0438632203366884
2012-02-22 20:00:00,0.8133661564656435
2012-02-22 21:00:00,0.7204814409986613
2012-02-22 22:00:00,0.795215197835654
2012-02-22 23:00:00,0.6699060814414552
2012-02-23 00:00:00,0.11040002741136826
2012-02-23 01:00:00,0.0
2012-02-23 02:00:00,0.0
2012-02-23 03:00:00,0.0
2012-02-23 04:00:00,0.0
2012-02-23 05:00:00,0.05499325835378433
2012-02-23 06:00:00,0.12666413667421478
2012-02-23 07:00:00,0.23447738456418485
2012-02-23 08:00:00,0.14736028202556156
2012-02-23 09:00:00,0.20346273150218763
2012-02-23 10:00:00,0.19027487836881724
2012-02-23 11:00:00,0.1927653558480753
2012-02-23 12:00:00,0.10497151495240467
2012-02-23 13:00:00,0.110745386996901
2012-02-23 14:00:00,0.4513158869330332
2012-02-23 15:00:00,0.35578216589838657
2012-02-23 16:00:00,0.4755526112613483
2012-02-23 17:00:00,0.40452058655006057
2012-02-23 18:00:00,0.5906192129270894
2012-02-23 19:00:00,0.9082738282508808
2012-02-23 20:00:00,1.3487197273070386
2012-02-23 21:00:00,1.5
2012-02-23 22:00:00,1.5
2012-02-23 23:00:00,1.5
2012-02-24 00:00:00,0.8357753261952274
2012-02-24 01:00:00,1.3414129094988958
2012-02-24 02:00:00,1.5
2012-02-24 03:00:00,1.5
2012-02-24 04:00:00,1.183908275177019
2012-02-24 05:00:00,1.3671027526504642
2012-02-24 06:00:00,1.2522928974080632
2012-02-24 07:00:00,1.145738519242551
2012-02-24 08:00:00,1.3560530310592578
2012-02-24 09:00:00,1.1855867838240297
2012-02-24 10:00:00,1.2540354197428423
2012-02-24 11:00:00,1.255779557768128
2012-02-24 12:00:00,1.2522928974080632
2012-02-24 13:00:00,1.2627722817482847
2012-02-24 14:00:00,1.3414129094988958
2012-02-24 15:00:00,1.2750719257472745
2012-02-24 16:00:00,0.5969736989775096
2012-02-24 17:00:00,0.679130132907055
2012-02-24 18:00:00,0.2948955075949941
2012-02-24 19:00:00,0.8694719660993541
2012-02-24 20:00:00,1.0940104362600283
2012-02-24 21:00:00,1.5
2012-02-24 22:00:00,1.5
2012-02-24 23:00:00,1.1973807870724738
2012-02-25 00:00:00,0.7710165278353642
2012-02-25 01:00:00,0.508241624558953
2012-02-25 02:00:00,0.5256214283859264
2012-02-25 03:00:00,0.6261332443523371
2012-02-25 04:00:00,0.3372941674657462
2012-02-25 05:00:00,0.3535288021064741
2012-02-25 06:00:00,0.6360600120026142
2012-02-25 07:00:00,0.6141414682574784
2012-02-25 08:00:00,0.4682831440050137
2012-02-25 09:00:00,0.573894720840516
2012-02-25 10:00:00,0.43994606683027465
2012-02-25 11:00:00,0.34461049149369755
2012-02-25 12:00:00,0.26662635231211934
2012-02-25 13:00:00,0.20816588115626697
2012-02-25 14:00:00,0.19985410235641332
2012-02-25 15:00:00,0.1554505618609137
2012-02-25 16:00:00,0.061056813423765545
2012-02-25 17:00:00,0.0
2012-02-25 18:00:00,0.0
2012-02-25 19:00:00,0.0
2012-02-25 20:00:00,0.0
2012-02-25 21:00:00,0.09341422770783056
2012-02-25 22:00:00,0.22270905991369644
2012-02-25 23:00:00,0.41527415698809084
2012-02-26 00:00:00,0.48567041622034307
2012-02-26 01:00:00,0.5285560325813597
2012-02-26 02:00:00,0.6438529598630998
2012-02-26 03:00:00,0.7120805764833292
2012-02-26 04:00:00,0.7061201116516179
2012-02-26 05:00:00,0.825179252513967
2012-02-26 06:00:00,0.7875196205342841
2012-02-26 07:00:00,0.5159178954319185
2012-02-26 08:00:00,0.24547580623488469
2012-02-26 09:00:00,0.2519977736799704
2012-02-26 10:00:00,0.3152730185139282
2012-02-26 11:00:00,0.5780458420317933
2012-02-26 12:00:00,0.6261332443523371
2012-02-26 13:00:00,0.6427358063359374
2012-02-26 14:00:00,0.7990817155437238
2012-02-26 15:00:00,0.7722777323748555
2012-02-26 16:00:00,0.7108858106647606
2012-02-26 17:00:00,0.8120605930609714
2012-02-26 18:00:00,1.3468905416694914
2012-02-26 19:00:00,1.5
2012-02-26 20:00:00,1.4712018260505282
2012-02-26 21:00:00,1.5
2012-02-26 22:00:00,1.3893819462681314
2012-02-26 23:00:00,1.2999102977564403
2012-02-27 00:00:00,1.39873592268461
2012-02-27 01:00:00,1.459597307934853
2012-02-27 02:00:00,1.2436044948873102
2012-02-27 03:00:00,0.7710165278353642
2012-02-27 04:00:00,0.5453919872227359
2012-02-27 05:00:00,0.5770061914861135
2012-02-27 06:00:00,0.5091969657086994
2012-02-27 07:00:00,0.281166488610026
2012-02-27 08:00:00,0.0
2012-02-27 09:00:00,0.08826501395645224
2012-02-27 10:00:00,0.15415394664639726
2012-02-27 11:00:00,0.1814868704251124
2012-02-27 12:00:00,0.12515774061876606
2012-02-27 13:00:00,0.09403286297427958
2012-02-27 14:00:00,0.09403286297427958
2012-02-27 15:00:00,0.11178578574155114
2012-02-27 16:00:00,0.13048290254208605
2012-02-27 17:00:00,0.2995692369075673
2012-02-27 18:00:00,0.41862087693797584
2012-02-27 19:00:00,0.6896079573347794
2012-02-27 20:00:00,0.9012619666737414
2012-02-27 21:00:00,1.087656083727437
2012-02-27 22:00:00,1.0924195342753946
2012-02-27 23:00:00,1.0671744504898992
2012-02-28 00:00:00,0.9540127097463363
2012-02-28 01:00:00,0.8518389120196136
2012-02-28 02:00:00,0.728948120569397
2012-02-28 03:00:00,0.660765932080022
2012-02-28 04:00:00,0.7647310980792166
2012-02-28 05:00:00,0.7399309725639224
2012-02-28 06:00:00,0.7423864937031203
2012-02-28 07:00:00,0.3788446579527282
2012-02-28 08:00:00,0.08886072633309508
2012-02-28 09:00:00,0.06880136256889205
2012-02-28 10:00:00,0.05564620583035866
2012-02-28 11:00:00,0.06082465848873633
2012-02-28 12:00:00,0.08302296001817701
2012-02-28 13:00:00,0.11388609055991356
2012-02-28 14:00:00,0.16026700251534448
2012-02-28 15:00:00,0.25681288876441055
2012-02-28 16:00:00,0.33584344185597764
2012-02-28 17:00:00,0.6108977700399872
2012-02-28 18:00:00,0.7061201116516179
2012-02-28 19:00:00,1.0578087605668227
2012-02-28 20:00:00,1.011801438108448
2012-02-28 21:00:00,1.0469515710600963
2012-02-28 22:00:00,1.1855867838240297
2012-02-28 23:00:00,1.1132218918113164
2012-02-29 00:00:00,1.1973807870724738
2012-02-29 01:00:00,1.28745117881551
2012-02-29 02:00:00,1.3052744325355738
2012-02-29 03:00:00,1.005769850825267
2012-02-29 04:00:00,1.3395903378603857
2012-02-29 05:00:00,1.4043684095811546
2012-02-29 06:00:00,1.5
2012-02-29 07:00:00,1.44039232812302
2012-02-29 08:00:00,1.5
2012-02-29 09:00:00,1.5
2012-02-29 10:00:00,1.5
2012-02-29 11:00:00,1.5
2012-02-29 12:00:00,1.5
2012-02-29 13:00:00,1.5
2012-02-29 14:00:00,1.5
2012-02-29 15:00:00,1.5
2012-02-29 16:00:00,0.9467670746736536
2012-02-29 17:00:00,1.5
2012-02-29 18:00:00,1.5
2012-02-29 19:00:00,0.956921283081357
2012-02-29 20:00:00,1.5
2012-02-29 21:00:00,1.2246316630226575
2012-02-29 22:00:00,1.5
2012-02-29 23:00:00,1.2007648099070547
2012-03-01 00:00:00,1.1672102398352948
2012-03-01 01:00:00,0.9054647359301434
2012-03-01 02:00:00,0.809453658961001
2012-03-01 03:00:00,0.9195682965065879
2012-03-01 04:00:00,0.70730953326313
2012-03-01 05:00:00,0.8291422197577031
2012-03-01 06:00:00,0.46108813926716774
2012-03-01 07:00:00,0.27605062149778686
2012-03-01 08:00:00,0.0
2012-03-01 09:00:00,0.0
2012-03-01 10:00:00,0.0
2012-03-01 11:00:00,0.0
2012-03-01 12:00:00,0.0
2012-03-01 13:00:00,0.0
2012-03-01 14:00:00,0.08649386302840963
2012-03-01 15:00:00,0.17957145760144175
2012-03-01 16:00:00,0.18341585564798638
2012-03-01 17:00:00,0.25140015075055283
2012-03-01 18:00:00,0.5759677882714727
2012-03-01 19:00:00,1.0057698508252664
2012-03-01 20:00:00,1.2981255241416385
2012-03-01 21:00:00,1.2680338261699142
2012-03-01 22:00:00,1.381928862798672
2012-03-01 23:00:00,1.4906790923883004
2012-03-02 00:00:00,1.0813263843259664
2012-03-02 01:00:00,1.0750212901389384
2012-03-02 02:00:00,0.7622265222403387
2012-03-02 03:00:00,0.4903164666631966
2012-03-02 04:00:00,0.4601939802289665
2012-03-02 05:00:00,0.4304759321492783
2012-03-02 06:00:00,0.11494603706332349
2012-03-02 07:00:00,0.4691877473817458
2012-03-02 08:00:00,0.70730953326313
2012-03-02 09:00:00,1.145738519242551
2012-03-02 10:00:00,1.5
2012-03-02 11:00:00,1.5
2012-03-02 12:00:00,1.5
2012-03-02 13:00:00,1.5
2012-03-02 14:00:00,1.5
2012-03-02 15:00:00,1.5
2012-03-02 16:00:00,1.5
2012-03-02 17:00:00,1.5
2012-03-02 18:00:00,1.5
2012-03-02 19:00:00,1.5
2012-03-02 20:00:00,1.5
2012-03-02 21:00:00,0.9715528555076524
2012-03-02 22:00:00,0.6416199458103975
2012-03-02 23:00:00,0.15631899875188632
2012-03-03 00:00:00,0.15850422827123928
2012-03-03 01:00:00,0.30975011419125
2012-03-03 02:00:00,0.38595274795002704
2012-03-03 03:00:00,0.5275766207876159
2012-03-03 04:00:00,0.5334712774269895
2012-03-03 05:00:00,0.5707944559594188
2012-03-03 06:00:00,0.6619038754560965
2012-03-03 07:00:00,0.24547580623488469
2012-03-03 08:00:00,0.14861856988681163
2012-03-03 09:00:00,0.1814868704251124
2012-03-03 10:00:00,0.281166488610026
2012-03-03 11:00:00,0.32722635944299333
2012-03-03 12:00:00,0.3963761238073751
2012-03-03 13:00:00,0.532485801178615
2012-03-03 14:00:00,0.6438529598630998
2012-03-03 15:00:00,0.5801288881110612
2012-03-03 16:00:00,0.6837737417206131
2012-03-03 17:00:00,0.48289692436959963
2012-03-03 18:00:00,0.7990817155437238
2012-03-03 19:00:00,0.7547456176485198
2012-03-03 20:00:00,0.8304660229455502
2012-03-03 21:00:00,0.5354458760834978
2012-03-03 22:00:00,0.43476350968411576
2012-03-03 23:00:00,0.4773816577658319
2012-03-04 00:00:00,0.575967788271473
2012-03-04 01:00:00,0.38595274795002704
2012-03-04 02:00:00,0.38357359389250684
2012-03-04 03:00:00,0.3641264008857692
2012-03-04 04:00:00,0.2672478587110087
2012-03-04 05:00:00,0.20869288313716045
2012-03-04 06:00:00,0.18780594467746048
2012-03-04 07:00:00,0.11601253991601748
2012-03-04 08:00:00,0.047946699236563355
2012-03-04 09:00:00,0.07964617734381367
2012-03-04 10:00:00,0.1665395700124387
2012-03-04 11:00:00,0.3365682835669827
2012-03-04 12:00:00,0.3083795404568513
2012-03-04 13:00:00,0.3258046683456422
2012-03-04 14:00:00,0.3194580043186488
2012-03-04 15:00:00,0.37571372627256727
2012-03-04 16:00:00,0.5374253412776727
2012-03-04 17:00:00,0.062462158694575554
2012-03-04 18:00:00,0.12255037239867958
2012-03-04 19:00:00,0.0
2012-03-04 20:00:00,0.17111877356911995
2012-03-04 21:00:00,0.0
2012-03-04 22:00:00,0.17531115463934863
2012-03-04 23:00:00,0.38436555563970837
2012-03-05 00:00:00,0.4637775643001628
2012-03-05 01:00:00,0.45930097792933394
2012-03-05 02:00:00,0.5687338281474352
2012-03-05 03:00:00,0.5091969657086994
2012-03-05 04:00:00,0.5265984196387046
2012-03-05 05:00:00,0.33584344185597764
2012-03-05 06:00:00,0.3265149980413252
2012-03-05 07:00:00,0.2519977736799704
2012-03-05 08:00:00,0.13477134557192993
2012-03-05 09:00:00,0.08503613222484444
2012-03-05 10:00:00,0.050360356671791055
2012-03-05 11:00:00,0.0
2012-03-05 12:00:00,0.0
2012-03-05 13:00:00,0.0
2012-03-05 14:00:00,0.0
2012-03-05 15:00:00,0.0
2012-03-05 16:00:00,0.0
2012-03-05 17:00:00,0.0
2012-03-05 18:00:00,0.07032271411850545
2012-03-05 19:00:00,0.3475663910340453
2012-03-05 20:00:00,0.7265223384675309
2012-03-05 21:00:00,0.795215197835654
2012-03-05 22:00:00,0.89707222251823
2012-03-05 23:00:00,0.8984673579177987
2012-03-06 00:00:00,0.8749460652883865
2012-03-06 01:00:00,0.9686146936236185
2012-03-06 02:00:00,1.1539654279963762
2012-03-06 03:00:00,1.2007648099070547
2012-03-06 04:00:00,1.2505519900150905
2012-03-06 05:00:00,1.1872668782136213
2012-03-06 06:00:00,1.145738519242551
2012-03-06 07:00:00,0.9309560106187805
2012-03-06 08:00:00,0.4408138103020212
2012-03-06 09:00:00,0.3610772075722574
2012-03-06 10:00:00,0.48289692436959963
2012-03-06 11:00:00,0.7096923820210036
2012-03-06 12:00:00,1.1923166833248662
2012-03-06 13:00:00,1.5
2012-03-06 14:00:00,1.5
2012-03-06 15:00:00,1.5
2012-03-06 16:00:00,1.5
2012-03-06 17:00:00,1.5
2012-03-06 18:00:00,1.5
2012-03-06 19:00:00,1.5
2012-03-06 20:00:00,1.5
2012-03-06 21:00:00,1.5
2012-03-06 22:00:00,1.5
2012-03-06 23:00:00,1.5
2012-03-07 00:00:00,1.5
2012-03-07 01:00:00,1.5
2012-03-07 02:00:00,1.3268785400481244
2012-03-07 03:00:00,1.5
2012-03-07 04:00:00,1.5
2012-03-07 05:00:00,1.365256979606454
2012-03-07 06:00:00,1.0892423587577968
2012-03-07 07:00:00,1.3707992880626396
2012-03-07 08:00:00,1.5
2012-03-07 09:00:00,1.5
2012-03-07 10:00:00,1.5
2012-03-07 11:00:00,1.5
2012-03-07 12:00:00,1.5
2012-03-07 13:00:00,1.5
2012-03-07 14:00:00,1.5
2012-03-07 15:00:00,1.5
2012-03-07 16:00:00,1.5
2012-03-07 17:00:00,1.305274432535574
2012-03-07 18:00:00,1.449973620513907
2012-03-07 19:00:00,1.3578905010413105
2012-03-07 20:00:00,1.5
2012-03-07 21:00:00,1.5
2012-03-07 22:00:00,1.5
2012-03-07 23:00:00,1.5
2012-03-08 00:00:00,1.5
2012-03-08 01:00:00,1.5
2012-03-08 02:00:00,1.467326845183891
2012-03-08 03:00:00,1.0484980280792673
2012-03-08 04:00:00,0.8159814797278531
2012-03-08 05:00:00,0.6382801147565375
2012-03-08 06:00:00,0.6966527063495546
2012-03-08 07:00:00,1.5
2012-03-08 08:00:00,0.5811722851420462
2012-03-08 09:00:00,0.6733552478740252
2012-03-08 10:00:00,0.38357359389250684
2012-03-08 11:00:00,0.7001930013203758
2012-03-08 12:00:00,0.5236710725739787
2012-03-08 13:00:00,0.8970722225182297
2012-03-08 14:00:00,0.5874589503748454
2012-03-08 15:00:00,0.6349518937641537
2012-03-08 16:00:00,0.3215643140701429
2012-03-08 17:00:00,0.17158125649102515
2012-03-08 18:00:00,0.16836131770868643
2012-03-08 19:00:00,0.3875443036728875
2012-03-08 20:00:00,0.34979437396028107
2012-03-08 21:00:00,0.2216092640785606
2012-03-08 22:00:00,0.40616275201855984
2012-03-08 23:00:00,0.6239414146848611
2012-03-09 00:00:00,0.40370116629994746
2012-03-09 01:00:00,0.5101535032780136
2012-03-09 02:00:00,0.6393921007693961
2012-03-09 03:00:00,0.7228937652521344
2012-03-09 04:00:00,0.9642185670926456
2012-03-09 05:00:00,1.2177805927235055
2012-03-09 06:00:00,1.0224146538566814
2012-03-09 07:00:00,0.6371694187505094
2012-03-09 08:00:00,0.36719271243269813
2012-03-09 09:00:00,0.3633624995947538
2012-03-09 10:00:00,0.3867479800105405
2012-03-09 11:00:00,0.5256214283859261
2012-03-09 12:00:00,0.4810538083303727
2012-03-09 13:00:00,0.4539672137143816
2012-03-09 14:00:00,0.3695037087584515
2012-03-09 15:00:00,0.4691877473817458
2012-03-09 16:00:00,0.2818103810821819
2012-03-09 17:00:00,0.24547580623488469
2012-03-09 18:00:00,0.5677053766279739
2012-03-09 19:00:00,0.6382801147565375
2012-03-09 20:00:00,0.9323860503238904
2012-03-09 21:00:00,0.9082738282508802
2012-03-09 22:00:00,0.7824169175312159
2012-03-09 23:00:00,0.758479921261262
2012-03-10 00:00:00,0.9040623643634138
2012-03-10 01:00:00,0.9082738282508808
2012-03-10 02:00:00,0.9026614415275124
2012-03-10 03:00:00,0.9907958575782749
2012-03-10 04:00:00,1.011801438108448
2012-03-10 05:00:00,0.8572388257084556
2012-03-10 06:00:00,0.7253114681527763
2012-03-10 07:00:00,0.22215870828507842
2012-03-10 08:00:00,0.06388890475194922
2012-03-10 09:00:00,0.0
2012-03-10 10:00:00,0.0
2012-03-10 11:00:00,0.0
2012-03-10 12:00:00,0.0
2012-03-10 13:00:00,0.0
2012-03-10 14:00:00,0.0
2012-03-10 15:00:00,0.05808454472245238
2012-03-10 16:00:00,0.0931059301757708
2012-03-10 17:00:00,0.13203164496221564
2012-03-10 18:00:00,0.17719620476016804
2012-03-10 19:00:00,0.3152730185139282
2012-03-10 20:00:00,0.6849379419391441
2012-03-10 21:00:00,0.9012619666737414
2012-03-10 22:00:00,0.8357753261952274
2012-03-10 23:00:00,0.6184842322046729
2012-03-11 00:00:00,0.6012352441545378
2012-03-11 01:00:00,0.6990115735585043
2012-03-11 02:00:00,0.767241154388206
2012-03-11 03:00:00,0.822544302130999
2012-03-11 04:00:00,0.809453658961001
2012-03-11 05:00:00,0.7241019439972098
2012-03-11 06:00:00,0.899863939053403
2012-03-11 07:00:00,0.8068523101488762
2012-03-11 08:00:00,0.23333914682497311
2012-03-11 09:00:00,0.1967951644875307
2012-03-11 10:00:00,0.22381248843202578
2012-03-11 11:00:00,0.281166488610026
2012-03-11 12:00:00,0.3104369212899467
2012-03-11 13:00:00,0.3453478888718822
2012-03-11 14:00:00,0.43821399769361963
2012-03-11 15:00:00,0.4773816577658319
2012-03-11 16:00:00,0.5082416245589529
2012-03-11 17:00:00,0.656227200896671
2012-03-11 18:00:00,0.5504109005511364
2012-03-11 19:00:00,0.6573599288417626
2012-03-11 20:00:00,0.6528368259826044
2012-03-11 21:00:00,0.9395582193952595
2012-03-11 22:00:00,0.7887987533985401
2012-03-11 23:00:00,1.011801438108448
2012-03-12 00:00:00,1.4100159969697292
2012-03-12 01:00:00,1.5
2012-03-12 02:00:00,1.5
2012-03-12 03:00:00,1.4251502083663121
2012-03-12 04:00:00,1.5
2012-03-12 05:00:00,1.5
2012-03-12 06:00:00,1.1973807870724738
2012-03-12 07:00:00,1.5
2012-03-12 08:00:00,1.343237133514117
2012-03-12 09:00:00,1.2488126968152267
2012-03-12 10:00:00,0.9181513964531778
2012-03-12 11:00:00,1.2109551219098769
2012-03-12 12:00:00,1.005769850825267
2012-03-12 13:00:00,1.222916492875658
2012-03-12 14:00:00,1.2436044948873095
2012-03-12 15:00:00,1.2126590922819598
2012-03-12 16:00:00,1.2999102977564403
2012-03-12 17:00:00,0.7180744894027723
2012-03-12 18:00:00,1.030040788535558
2012-03-12 19:00:00,0.9642185670926451
2012-03-12 20:00:00,0.8424437150308348
2012-03-12 21:00:00,0.6779725249753161
2012-03-12 22:00:00,1.0531465347510292
2012-03-12 23:00:00,0.6573599288417626
2012-03-13 00:00:00,0.6152252470693236
2012-03-13 01:00:00,0.6261332443523371
2012-03-13 02:00:00,0.6055170221490896
2012-03-13 03:00:00,0.6849379419391441
2012-03-13 04:00:00,0.4477968705862016
2012-03-13 05:00:00,0.41028759627731487
2012-03-13 06:00:00,0.2232603197131128
2012-03-13 07:00:00,0.10597548653957266
2012-03-13 08:00:00,0.07799267683560764
2012-03-13 09:00:00,0.0
2012-03-13 10:00:00,0.0
2012-03-13 11:00:00,0.0
2012-03-13 12:00:00,0.05763601740839597
2012-03-13 13:00:00,0.08975931117534654
2012-03-13 14:00:00,0.11143826541329432
2012-03-13 15:00:00,0.16518191718511088
2012-03-13 16:00:00,0.1554505618609137
2012-03-13 17:00:00,0.17484199033557632
2012-03-13 18:00:00,0.17111877356911995
2012-03-13 19:00:00,0.17957145760144175
2012-03-13 20:00:00,0.2140119052369073
2012-03-13 21:00:00,0.31250343249640283
2012-03-13 22:00:00,0.33511964158403346
2012-03-13 23:00:00,0.3610772075722574
2012-03-14 00:00:00,0.3394780797755709
2012-03-14 01:00:00,0.29092835700061004
2012-03-14 02:00:00,0.26600581023638625
2012-03-14 03:00:00,0.28504459279558186
2012-03-14 04:00:00,0.2227090599136963
2012-03-14 05:00:00,0.2525963429637896
2012-03-14 06:00:00,0.3111247428745724
2012-03-14 07:00:00,0.18928472487861311
2012-03-14 08:00:00,0.09096681946127146
2012-03-14 09:00:00,0.08503613222484444
2012-03-14 10:00:00,0.14445194016303753
2012-03-14 11:00:00,0.16927715243043784
2012-03-14 12:00:00,0.2586342500076543
2012-03-14 13:00:00,0.3891402287978744
2012-03-14 14:00:00,0.4321875640738276
2012-03-14 15:00:00,0.45574052114252556
2012-03-14 16:00:00,0.5656521946186208
2012-03-14 17:00:00,0.6001679629053834
2012-03-14 18:00:00,0.5025346605443072
2012-03-14 19:00:00,1.0781707645754395
2012-03-14 20:00:00,0.8344458853106681
2012-03-14 21:00:00,0.6360600120026142
2012-03-14 22:00:00,0.6405053775377835
2012-03-14 23:00:00,0.5344579688123842
2012-03-15 00:00:00,0.6802890577987555
2012-03-15 01:00:00,0.7926444610428486
2012-03-15 02:00:00,0.7473138216626448
2012-03-15 03:00:00,0.6228474206361052
2012-03-15 04:00:00,0.5615606937546461
2012-03-15 05:00:00,0.5139916327249116
2012-03-15 06:00:00,0.6907787685575559
2012-03-15 07:00:00,0.07964617734381367
2012-03-15 08:00:00,0.0
2012-03-15 09:00:00,0.3250953696072465
2012-03-15 10:00:00,0.0
2012-03-15 11:00:00,0.0
2012-03-15 12:00:00,0.0
2012-03-15 13:00:00,0.13714960905305712
2012-03-15 14:00:00,0.19477331224941127
2012-03-15 15:00:00,0.07083477071265858
2012-03-15 16:00:00,0.0
2012-03-15 17:00:00,0.16518191718511088
2012-03-15 18:00:00,0.37027619012972257
2012-03-15 19:00:00,0.3138861890463266
2012-03-15 20:00:00,0.37493369802442245
2012-03-15 21:00:00,0.3695037087584515
2012-03-15 22:00:00,0.41194532193847977
2012-03-15 23:00:00,0.3899398317579108
2012-03-16 00:00:00,0.49969726955660443
2012-03-16 01:00:00,0.4228295005144076
2012-03-16 02:00:00,0.3542788629643656
2012-03-16 03:00:00,0.21833161277646712
2012-03-16 04:00:00,0.16608619575164923
2012-03-16 05:00:00,0.11816529552865301
2012-03-16 06:00:00,0.08590878815440793
2012-03-16 07:00:00,0.0
2012-03-16 08:00:00,0.0
2012-03-16 09:00:00,0.0
2012-03-16 10:00:00,0.0
2012-03-16 11:00:00,0.10364277746971289
2012-03-16 12:00:00,0.0
2012-03-16 13:00:00,0.0
2012-03-16 14:00:00,0.04794669923656336
2012-03-16 15:00:00,0.13955568816609062
2012-03-16 16:00:00,0.14158211881789032
2012-03-16 17:00:00,0.09341422770783056
2012-03-16 18:00:00,0.2232603197131128
2012-03-16 19:00:00,0.17672368179670755
2012-03-16 20:00:00,0.3343968820024518
2012-03-16 21:00:00,0.2798816475466535
2012-03-16 22:00:00,0.27162546744224525
2012-03-16 23:00:00,0.18780594467746048
2012-03-17 00:00:00,0.24430221871476046
2012-03-17 01:00:00,0.265386231735111
2012-03-17 02:00:00,0.1343776612673673
2012-03-17 03:00:00,0.142807341924837
2012-03-17 04:00:00,0.12932932759746027
2012-03-17 05:00:00,0.0903617206565168
2012-03-17 06:00:00,0.11708561933284438
2012-03-17 07:00:00,0.04599524633232969
2012-03-17 08:00:00,0.0
2012-03-17 09:00:00,0.0
2012-03-17 10:00:00,0.09372320505776743
2012-03-17 11:00:00,0.06981313122288323
2012-03-17 12:00:00,0.4912492180937922
2012-03-17 13:00:00,0.07160750689085035
2012-03-17 14:00:00,0.0
2012-03-17 15:00:00,0.0
2012-03-17 16:00:00,0.0
2012-03-17 17:00:00,0.0
2012-03-17 18:00:00,0.06981313122288323
2012-03-17 19:00:00,0.2514001507505527
2012-03-17 20:00:00,0.575967788271473
2012-03-17 21:00:00,0.5832628309302077
2012-03-17 22:00:00,0.1656336450587727
2012-03-17 23:00:00,0.29092835700061015
2012-03-18 00:00:00,0.2824552558462483
2012-03-18 01:00:00,0.28699694625884986
2012-03-18 02:00:00,0.0
2012-03-18 03:00:00,0.0
2012-03-18 04:00:00,0.0
2012-03-18 05:00:00,0.0
2012-03-18 06:00:00,0.07032271411850545
2012-03-18 07:00:00,0.06804898498950512
2012-03-18 08:00:00,0.04447277073729832
2012-03-18 09:00:00,0.20294457538937608
2012-03-18 10:00:00,0.132420736003919
2012-03-18 11:00:00,0.17437366382498062
2012-03-18 12:00:00,0.3258046683456422
2012-03-18 13:00:00,0.3104369212899467
2012-03-18 14:00:00,0.3431388472589435
2012-03-18 15:00:00,0.25924327860396645
2012-03-18 16:00:00,0.3679619706586375
2012-03-18 17:00:00,0.3899398317579108
2012-03-18 18:00:00,0.5937907890563613
2012-03-18 19:00:00,0.656227200896671
2012-03-18 20:00:00,0.3788446579527282
2012-03-18 21:00:00,0.5718266337493365
2012-03-18 22:00:00,0.5969736989775096
2012-03-18 23:00:00,0.6539656502157898
2012-03-19 00:00:00,0.6283302011044195
2012-03-19 01:00:00,0.6173966282942221
2012-03-19 02:00:00,0.6294306040089332
2012-03-19 03:00:00,0.748549050870166
2012-03-19 04:00:00,0.4442961943480907
2012-03-19 05:00:00,0.42452081651594387
2012-03-19 06:00:00,0.2948955075949941
2012-03-19 07:00:00,0.26414996246114214
2012-03-19 08:00:00,0.1887909388890399
2012-03-19 09:00:00,0.26046420256162506
2012-03-19 10:00:00,0.3641264008857692
2012-03-19 11:00:00,0.3819929354705292
2012-03-19 12:00:00,0.46737970410513324
2012-03-19 13:00:00,0.5959114684457547
2012-03-19 14:00:00,0.8016663444298224
2012-03-19 15:00:00,0.9438791242278679
2012-03-19 16:00:00,0.7647310980792169
2012-03-19 17:00:00,1.036168927926045
2012-03-19 18:00:00,0.9686146936236185
2012-03-19 19:00:00,1.5
2012-03-19 20:00:00,1.1805560121159482
2012-03-19 21:00:00,0.9482132563098548
2012-03-19 22:00:00,1.0734488555417028
2012-03-19 23:00:00,1.139185216660562
2012-03-20 00:00:00,1.0687407532496749
2012-03-20 01:00:00,0.9759712296027435
2012-03-20 02:00:00,0.7836905205112864
2012-03-20 03:00:00,0.6942991519023399
2012-03-20 04:00:00,0.720481440998661
2012-03-20 05:00:00,0.5315015393185629
2012-03-20 06:00:00,0.4792153881256451
2012-03-20 07:00:00,0.47100044756055603
2012-03-20 08:00:00,0.23964527359146745
2012-03-20 09:00:00,0.28634517448786273
2012-03-20 10:00:00,0.39074052931457276
2012-03-20 11:00:00,0.6130589629811065
2012-03-20 12:00:00,0.9700830329801651
2012-03-20 13:00:00,1.2645245094565678
2012-03-20 14:00:00,1.5
2012-03-20 15:00:00,1.5
2012-03-20 16:00:00,1.3268785400481244
2012-03-20 17:00:00,0.9195682965065879
2012-03-20 18:00:00,1.3232614265306684
2012-03-20 19:00:00,1.2592726838850068
2012-03-20 20:00:00,1.152316906205769
2012-03-20 21:00:00,1.1196753360351785
2012-03-20 22:00:00,1.097196872424457
2012-03-20 23:00:00,0.9540127097463369
2012-03-21 00:00:00,0.9224064682616284
2012-03-21 01:00:00,1.1245317524265315
2012-03-21 02:00:00,1.0829065005657346
2012-03-21 03:00:00,0.9281003193281403
2012-03-21 04:00:00,0.7241019439972098
2012-03-21 05:00:00,0.7535035790317558
2012-03-21 06:00:00,0.7824169175312163
2012-03-21 07:00:00,0.6065906336407016
2012-03-21 08:00:00,0.3453478888718822
2012-03-21 09:00:00,0.3641264008857692
2012-03-21 10:00:00,0.5687338281474356
2012-03-21 11:00:00,1.1605752378189582
2012-03-21 12:00:00,1.3250691604701816
2012-03-21 13:00:00,1.2575253122326169
2012-03-21 14:00:00,1.28745117881551
2012-03-21 15:00:00,1.5
2012-03-21 16:00:00,1.5
2012-03-21 17:00:00,0.86130370274312
2012-03-21 18:00:00,1.2645245094565678
2012-03-21 19:00:00,1.4906790923883004
2012-03-21 20:00:00,1.5
2012-03-21 21:00:00,1.5
2012-03-21 22:00:00,1.5
2012-03-21 23:00:00,1.494595059983866
2012-03-22 00:00:00,0.9167359526175771
2012-03-22 01:00:00,0.9715528555076524
2012-03-22 02:00:00,1.175539491876249
2012-03-22 03:00:00,0.7096923820210036
2012-03-22 04:00:00,0.4127758566119252
2012-03-22 05:00:00,0.5207545943596084
2012-03-22 06:00:00,0.12366333571212808
2012-03-22 07:00:00,0.0
2012-03-22 08:00:00,0.0
2012-03-22 09:00:00,0.0
2012-03-22 10:00:00,0.0
2012-03-22 11:00:00,0.07032271411850545
2012-03-22 12:00:00,0.36489137206637345
2012-03-22 13:00:00,0.5091969657086994
2012-03-22 14:00:00,0.28569439024967264
2012-03-22 15:00:00,0.0
2012-03-22 16:00:00,0.0
2012-03-22 17:00:00,0.0
2012-03-22 18:00:00,0.06880136256889205
2012-03-22 19:00:00,0.11178578574155114
2012-03-22 20:00:00,0.10004666680577945
2012-03-22 21:00:00,0.11318309199126793
2012-03-22 22:00:00,0.10134455343445707
2012-03-22 23:00:00,0.08188697186719743
2012-03-23 00:00:00,0.07212577393576419
2012-03-23 01:00:00,0.0
2012-03-23 02:00:00,0.0
2012-03-23 03:00:00,0.0
2012-03-23 04:00:00,0.11178578574155114
2012-03-23 05:00:00,0.3387490648213422
2012-03-23 06:00:00,0.4127758566119253
2012-03-23 07:00:00,0.14158211881789032
2012-03-23 08:00:00,0.0
2012-03-23 09:00:00,0.0
2012-03-23 10:00:00,0.05542798566441434
2012-03-23 11:00:00,0.13164331684387864
2012-03-23 12:00:00,0.3812042372983569
2012-03-23 13:00:00,0.6687589822362848
2012-03-23 14:00:00,0.936684954662755
2012-03-23 15:00:00,0.9922865231122393
2012-03-23 16:00:00,0.9540127097463363
2012-03-23 17:00:00,0.7387052450840205
2012-03-23 18:00:00,0.7659854408005988
2012-03-23 19:00:00,0.8722061526723256
2012-03-23 20:00:00,0.7001930013203758
2012-03-23 21:00:00,0.5780458420317933
2012-03-23 22:00:00,0.5738947208405154
2012-03-23 23:00:00,0.8172912410827863
2012-03-24 00:00:00,0.6272310814684537
2012-03-24 01:00:00,0.49687057896218384
2012-03-24 02:00:00,0.31736091253819354
2012-03-24 03:00:00,0.30565053387648483
2012-03-24 04:00:00,0.1776695692602958
2012-03-24 05:00:00,0.10199768496598159
2012-03-24 06:00:00,0.07134930699492735
2012-03-24 07:00:00,0.0
2012-03-24 08:00:00,0.0
2012-03-24 09:00:00,0.0
2012-03-24 10:00:00,0.04696421578407091
2012-03-24 11:00:00,0.06364962071358743
2012-03-24 12:00:00,0.132420736003919
2012-03-24 13:00:00,0.12780183173208517
2012-03-24 14:00:00,0.11283268019093905
2012-03-24 15:00:00,0.17625199962121615
2012-03-24 16:00:00,0.142807341924837
2012-03-24 17:00:00,0.10037009328039771
2012-03-24 18:00:00,0.05763601740839597
2012-03-24 19:00:00,0.0
2012-03-24 20:00:00,0.0
2012-03-24 21:00:00,0.0
2012-03-24 22:00:00,0.0
2012-03-24 23:00:00,0.0
2012-03-25 00:00:00,0.15850422827123928
2012-03-25 01:00:00,0.17065712245080683
2012-03-25 02:00:00,0.35653540947191226
2012-03-25 03:00:00,0.7156729044748822
2012-03-25 04:00:00,0.7773363041169661
2012-03-25 05:00:00,0.6382801147565375
2012-03-25 06:00:00,0.4339037271192936
2012-03-25 07:00:00,0.14861856988681169
2012-03-25 08:00:00,0.08474656562191459
2012-03-25 09:00:00,0.13595701046592962
2012-03-25 10:00:00,0.1776695692602958
2012-03-25 11:00:00,0.16790464168926475
2012-03-25 12:00:00,0.17578115748499598
2012-03-25 13:00:00,0.25681288876441055
2012-03-25 14:00:00,0.24022412665945383
2012-03-25 15:00:00,0.22658699202347163
2012-03-25 16:00:00,0.20763976713132332
2012-03-25 17:00:00,0.2124068226606449
2012-03-25 18:00:00,0.142807341924837
2012-03-25 19:00:00,0.07316979800140991
2012-03-25 20:00:00,0.10004666680577945
2012-03-25 21:00:00,0.08532635768210453
2012-03-25 22:00:00,0.06436927045281707
2012-03-25 23:00:00,0.06656072514732687
2012-03-26 00:00:00,0.11388609055991356
2012-03-26 01:00:00,0.05944407640766852
2012-03-26 02:00:00,0.0
2012-03-26 03:00:00,0.0
2012-03-26 04:00:00,0.18780594467746048
2012-03-26 05:00:00,0.2922467614512224
2012-03-26 06:00:00,0.47281781063114914
2012-03-26 07:00:00,0.1983207016338865
2012-03-26 08:00:00,0.14239815208257026
2012-03-26 09:00:00,0.1375486862300525
2012-03-26 10:00:00,0.13915273647641455
2012-03-26 11:00:00,0.10664834476870352
2012-03-26 12:00:00,0.09157461357919533
2012-03-26 13:00:00,0.09218510899987327
2012-03-26 14:00:00,0.09685053325396077
2012-03-26 15:00:00,0.10530546437885435
2012-03-26 16:00:00,0.12255037239867958
2012-03-26 17:00:00,0.19126847886508566
2012-03-26 18:00:00,0.42791696701195636
2012-03-26 19:00:00,0.8873466924396199
2012-03-26 20:00:00,1.1359179570385658
2012-03-26 21:00:00,1.1572671868782396
2012-03-26 22:00:00,1.0531465347510292
2012-03-26 23:00:00,1.1490245741817142
2012-03-27 00:00:00,1.0656096788177425
2012-03-27 01:00:00,1.0484980280792673
2012-03-27 02:00:00,0.8572388257084556
2012-03-27 03:00:00,0.8722061526723259
2012-03-27 04:00:00,0.7436162888598138
2012-03-27 05:00:00,0.6676131932527939
2012-03-27 06:00:00,0.5666781657012686
2012-03-27 07:00:00,0.2915870624647251
2012-03-27 08:00:00,0.20711454031363097
2012-03-27 09:00:00,0.13125575090021016
2012-03-27 10:00:00,0.10766296284289
2012-03-27 11:00:00,0.1312557509002103
2012-03-27 12:00:00,0.11744477742440744
2012-03-27 13:00:00,0.11672719421672385
2012-03-27 14:00:00,0.12704261492031438
2012-03-27 15:00:00,0.17390617435886366
2012-03-27 16:00:00,0.2299465471544951
2012-03-27 17:00:00,0.24022412665945383
2012-03-27 18:00:00,0.5082416245589529
2012-03-27 19:00:00,0.9309560106187805
2012-03-27 20:00:00,1.1889485590944935
2012-03-27 21:00:00,1.1872668782136213
2012-03-27 22:00:00,1.0438632203366875
2012-03-27 23:00:00,1.0407809490418731
2012-03-28 00:00:00,0.968614693623618
2012-03-28 01:00:00,0.9209866535265051
2012-03-28 02:00:00,0.7013757595187754
2012-03-28 03:00:00,0.7697566971568905
2012-03-28 04:00:00,0.8016663444298224
2012-03-28 05:00:00,0.767241154388206
2012-03-28 06:00:00,0.86130370274312
2012-03-28 07:00:00,0.464676357779619
2012-03-28 08:00:00,0.132420736003919
2012-03-28 09:00:00,0.15675442746785528
2012-03-28 10:00:00,0.21778849956110458
2012-03-28 11:00:00,0.303614378634597
2012-03-28 12:00:00,0.34682583789335814
2012-03-28 13:00:00,0.30565053387648483
2012-03-28 14:00:00,0.43047593214927843
2012-03-28 15:00:00,0.16248878721955504
2012-03-28 16:00:00,0.0
2012-03-28 17:00:00,0.0
2012-03-28 18:00:00,0.0
2012-03-28 19:00:00,0.0
2012-03-28 20:00:00,0.04774911693381615
2012-03-28 21:00:00,0.07964617734381367
2012-03-28 22:00:00,0.05967270722072899
2012-03-28 23:00:00,0.0
2012-03-29 00:00:00,0.0
2012-03-29 01:00:00,0.0
2012-03-29 02:00:00,0.043538499699120346
2012-03-29 03:00:00,0.10397390430431595
2012-03-29 04:00:00,0.08975931117534654
2012-03-29 05:00:00,0.12403581538902991
2012-03-29 06:00:00,0.10037009328039771
2012-03-29 07:00:00,0.0
2012-03-29 08:00:00,0.0
2012-03-29 09:00:00,0.0
2012-03-29 10:00:00,0.0
2012-03-29 11:00:00,0.0
2012-03-29 12:00:00,0.0
2012-03-29 13:00:00,0.0
2012-03-29 14:00:00,0.08445765712461689
2012-03-29 15:00:00,0.08388181145212548
2012-03-29 16:00:00,0.11318309199126793
2012-03-29 17:00:00,0.09066393351909703
2012-03-29 18:00:00,0.17343952118852726
2012-03-29 19:00:00,0.4236745958685518
2012-03-29 20:00:00,1.0042657087254558
2012-03-29 21:00:00,0.672204213511628
2012-03-29 22:00:00,0.23333914682497311
2012-03-29 23:00:00,0.0
2012-03-30 00:00:00,0.06152289396483651
2012-03-30 01:00:00,0.4127758566119252
2012-03-30 02:00:00,0.6676131932527939
2012-03-30 03:00:00,0.6849379419391441
2012-03-30 04:00:00,0.5504109005511364
2012-03-30 05:00:00,0.6217547061124061
2012-03-30 06:00:00,0.5354458760834978
2012-03-30 07:00:00,0.1947733122494112
2012-03-30 08:00:00,0.16881882103951137
2012-03-30 09:00:00,0.26476761605959565
2012-03-30 10:00:00,0.4764665494060229
2012-03-30 11:00:00,0.5554605105017427
2012-03-30 12:00:00,0.6931243650926386
2012-03-30 13:00:00,0.6779725249753161
2012-03-30 14:00:00,0.6239414146848611
2012-03-30 15:00:00,0.5770061914861135
2012-03-30 16:00:00,0.5006418766216544
2012-03-30 17:00:00,0.39395428048144293
2012-03-30 18:00:00,0.5149541636225365
2012-03-30 19:00:00,0.4253681632052825
2012-03-30 20:00:00,0.7547456176485198
2012-03-30 21:00:00,0.32226846925257385
2012-03-30 22:00:00,0.3718243812584825
2012-03-30 23:00:00,0.2161645655153177
2012-03-31 00:00:00,0.24488854378981026
2012-03-31 01:00:00,0.09812068810491945
2012-03-31 02:00:00,0.0
2012-03-31 03:00:00,0.0
2012-03-31 04:00:00,0.22270905991369644
2012-03-31 05:00:00,0.3899398317579108
2012-03-31 06:00:00,0.3827827207523465
2012-03-31 07:00:00,0.07771933826405077
2012-03-31 08:00:00,0.04676934376845497
2012-03-31 09:00:00,0.0
2012-03-31 10:00:00,0.0
2012-03-31 11:00:00,0.0
2012-03-31 12:00:00,0.0
2012-03-31 13:00:00,0.0
2012-03-31 14:00:00,0.0
2012-03-31 15:00:00,0.0
2012-03-31 16:00:00,0.0
2012-03-31 17:00:00,0.0
2012-03-31 18:00:00,0.10597548653957271
2012-03-31 19:00:00,0.2408039111078797
2012-03-31 20:00:00,0.268493767473048
2012-03-31 21:00:00,0.330082137083482
2012-03-31 22:00:00,0.34979437396028107
2012-03-31 23:00:00,0.3733768818935209
2012-04-01 00:00:00,0.41028759627731487
2012-04-01 01:00:00,0.4601939802289665
2012-04-01 02:00:00,0.3788446579527282
2012-04-01 03:00:00,0.29092835700061004
2012-04-01 04:00:00,0.2293843309070457
2012-04-01 05:00:00,0.1776695692602958
2012-04-01 06:00:00,0.2150864399980626
2012-04-01 07:00:00,0.06364962071358743
2012-04-01 08:00:00,0.05327707958565816
2012-04-01 09:00:00,0.07160750689085035
2012-04-01 10:00:00,0.18928472487861311
2012-04-01 11:00:00,0.3460863374222033
2012-04-01 12:00:00,0.40534111487336516
2012-04-01 13:00:00,0.5217255473621891
2012-04-01 14:00:00,0.7001930013203758
2012-04-01 15:00:00,0.6978314754844633
2012-04-01 16:00:00,0.7460799520908772
2012-04-01 17:00:00,0.46108813926716774
2012-04-01 18:00:00,0.9424373539208873
2012-04-01 19:00:00,0.6438529598630998
2012-04-01 20:00:00,1.1788822562044925
2012-04-01 21:00:00,0.981883204877059
2012-04-01 22:00:00,0.9012619666737414
2012-04-01 23:00:00,0.8331178549733341
2012-04-02 00:00:00,0.7423864937031203
2012-04-02 01:00:00,0.6676131932527939
2012-04-02 02:00:00,0.5991019454586257
2012-04-02 03:00:00,0.6814493003991164
2012-04-02 04:00:00,0.6483345189619429
2012-04-02 05:00:00,0.6483345189619429
2012-04-02 06:00:00,0.3641264008857692
2012-04-02 07:00:00,0.07717457853677777
2012-04-02 08:00:00,0.05159698207649065
2012-04-02 09:00:00,0.10497151495240467
2012-04-02 10:00:00,0.0835948727795356
2012-04-02 11:00:00,0.0
2012-04-02 12:00:00,0.0
2012-04-02 13:00:00,0.0
2012-04-02 14:00:00,0.0
2012-04-02 15:00:00,0.0450396972940769
2012-04-02 16:00:00,0.0
2012-04-02 17:00:00,0.10597548653957266
2012-04-02 18:00:00,0.19527747070249732
2012-04-02 19:00:00,0.3424045989049778
2012-04-02 20:00:00,0.5295366557686336
2012-04-02 21:00:00,0.656227200896671
2012-04-02 22:00:00,0.6294306040089332
2012-04-02 23:00:00,0.6393921007693961
2012-04-03 00:00:00,0.5759677882714727
2012-04-03 01:00:00,0.5728600551268025
2012-04-03 02:00:00,0.5130303019903448
2012-04-03 03:00:00,0.4287688253560609
2012-04-03 04:00:00,0.2824552558462483
2012-04-03 05:00:00,0.25439773642863805
2012-04-03 06:00:00,0.10004666680577945
2012-04-03 07:00:00,0.0
2012-04-03 08:00:00,0.0
2012-04-03 09:00:00,0.0
2012-04-03 10:00:00,0.0
2012-04-03 11:00:00,0.04774911693381615
2012-04-03 12:00:00,0.05876168937300339
2012-04-03 13:00:00,0.06981313122288323
2012-04-03 14:00:00,0.1135342285313601
2012-04-03 15:00:00,0.10800259339054201
2012-04-03 16:00:00,0.1927653558480753
2012-04-03 17:00:00,0.25500009861704487
2012-04-03 18:00:00,0.5344579688123846
2012-04-03 19:00:00,0.0
2012-04-03 20:00:00,0.062226452684445904
2012-04-03 21:00:00,0.1332012098522178
2012-04-03 22:00:00,0.12440904226663814
2012-04-03 23:00:00,0.05159698207649066
2012-04-04 00:00:00,0.08561724274239302
2012-04-04 01:00:00,0.07006761383272703
2012-04-04 02:00:00,0.10004666680577945
2012-04-04 03:00:00,0.09972393587169856
2012-04-04 04:00:00,0.0
2012-04-04 05:00:00,0.0
2012-04-04 06:00:00,0.08561724274239302
2012-04-04 07:00:00,0.0
2012-04-04 08:00:00,0.044097475082049704
2012-04-04 09:00:00,0.08048161998288747
2012-04-04 10:00:00,0.0
2012-04-04 11:00:00,0.07264653564275578
2012-04-04 12:00:00,0.08273798443201204
2012-04-04 13:00:00,0.1207103076785696
2012-04-04 14:00:00,0.09843995256678552
2012-04-04 15:00:00,0.09940189972945675
2012-04-04 16:00:00,0.09527831528004234
2012-04-04 17:00:00,0.2525963429637896
2012-04-04 18:00:00,0.6699060814414552
2012-04-04 19:00:00,0.38595274795002704
2012-04-04 20:00:00,0.17625199962121615
2012-04-04 21:00:00,0.14486505318336165
2012-04-04 22:00:00,0.0
2012-04-04 23:00:00,0.0
2012-04-05 00:00:00,0.07422384863204516
2012-04-05 01:00:00,0.04618796359480644
2012-04-05 02:00:00,0.05608436292699648
2012-04-05 03:00:00,0.0448501897003658
2012-04-05 04:00:00,0.10732404505583172
2012-04-05 05:00:00,0.06317284651751756
2012-04-05 06:00:00,0.0
2012-04-05 07:00:00,0.06905338196197848
2012-04-05 08:00:00,0.142807341924837
2012-04-05 09:00:00,0.07395939336347523
2012-04-05 10:00:00,0.46108813926716774
2012-04-05 11:00:00,0.3618379036866959
2012-04-05 12:00:00,0.0
2012-04-05 13:00:00,0.20711454031363097
2012-04-05 14:00:00,0.4719085458600307
2012-04-05 15:00:00,0.7241019439972098
2012-04-05 16:00:00,0.8016663444298224
2012-04-05 17:00:00,0.6141414682574784
2012-04-05 18:00:00,0.6573599288417626
2012-04-05 19:00:00,0.7204814409986613
2012-04-05 20:00:00,0.5843099811847808
2012-04-05 21:00:00,0.9124983509306522
2012-04-05 22:00:00,1.059365888031352
2012-04-05 23:00:00,1.086071349517772
2012-04-06 00:00:00,1.4119018852580745
2012-04-06 01:00:00,1.45766917435607
2012-04-06 02:00:00,1.3893819462681314
2012-04-06 03:00:00,1.2715496296036215
2012-04-06 04:00:00,0.9642185670926456
2012-04-06 05:00:00,0.9153219642510884
2012-04-06 06:00:00,0.87769170993712
2012-04-06 07:00:00,0.4810538083303727
2012-04-06 08:00:00,0.30565053387648483
2012-04-06 09:00:00,0.2232603197131128
2012-04-06 10:00:00,0.18780594467746048
2012-04-06 11:00:00,0.18731473495805806
2012-04-06 12:00:00,0.1819678424466603
2012-04-06 13:00:00,0.19077124736684434
2012-04-06 14:00:00,0.1887909388890399
2012-04-06 15:00:00,0.19628839607285892
2012-04-06 16:00:00,0.218875628173043
2012-04-06 17:00:00,0.2580261760014231
2012-04-06 18:00:00,0.4177825176206607
2012-04-06 19:00:00,0.45396721371438137
2012-04-06 20:00:00,0.8942862859324091
2012-04-06 21:00:00,1.105190018913209
2012-04-06 22:00:00,1.2768355104570757
2012-04-06 23:00:00,1.381928862798672
2012-04-07 00:00:00,1.4062492598799679
2012-04-07 01:00:00,1.0224146538566814
2012-04-07 02:00:00,0.7913611729041237
2012-04-07 03:00:00,0.5948504987216044
2012-04-07 04:00:00,0.43821399769361963
2012-04-07 05:00:00,0.3915423222165591
2012-04-07 06:00:00,0.31666392688879247
2012-04-07 07:00:00,0.07290785386627596
2012-04-07 08:00:00,0.0
2012-04-07 09:00:00,0.05696756514281568
2012-04-07 10:00:00,0.0
2012-04-07 11:00:00,0.0
2012-04-07 12:00:00,0.0
2012-04-07 13:00:00,0.0
2012-04-07 14:00:00,0.0
2012-04-07 15:00:00,0.0
2012-04-07 16:00:00,0.0
2012-04-07 17:00:00,0.0
2012-04-07 18:00:00,0.0
2012-04-07 19:00:00,0.0
2012-04-07 20:00:00,0.0
2012-04-07 21:00:00,0.0
2012-04-07 22:00:00,0.09875990882569836
2012-04-07 23:00:00,0.11178578574155114
2012-04-08 00:00:00,0.11780466924011092
2012-04-08 01:00:00,0.3187579505044235
2012-04-08 02:00:00,0.5991019454586257
2012-04-08 03:00:00,0.5646274626313326
2012-04-08 04:00:00,0.437349670531315
2012-04-08 05:00:00,0.3460863374222033
2012-04-08 06:00:00,0.6768162332548425
2012-04-08 07:00:00,0.6472121859413072
2012-04-08 08:00:00,0.43907946287704025
2012-04-08 09:00:00,0.3505391452660779
2012-04-08 10:00:00,0.26291753850062816
2012-04-08 11:00:00,0.20398176883266608
2012-04-08 12:00:00,0.12780183173208517
2012-04-08 13:00:00,0.10800259339054201
2012-04-08 14:00:00,0.06930601603620701
2012-04-08 15:00:00,0.04618796359480644
2012-04-08 16:00:00,0.0
2012-04-08 17:00:00,0.0
2012-04-08 18:00:00,0.0
2012-04-08 19:00:00,0.0
2012-04-08 20:00:00,0.0
2012-04-08 21:00:00,0.0442848578705457
2012-04-08 22:00:00,0.045420312449344226
2012-04-08 23:00:00,0.043538499699120346
2012-04-09 00:00:00,0.0
2012-04-09 01:00:00,0.0
2012-04-09 02:00:00,0.0
2012-04-09 03:00:00,0.0
2012-04-09 04:00:00,0.055210336755122255
2012-04-09 05:00:00,0.11005538657601395
2012-04-09 06:00:00,0.14694243648453112
2012-04-09 07:00:00,0.0
2012-04-09 08:00:00,0.0
2012-04-09 09:00:00,0.0
2012-04-09 10:00:00,0.17672368179670755
2012-04-09 11:00:00,0.28504459279558186
2012-04-09 12:00:00,0.2282626491289759
2012-04-09 13:00:00,0.192265532357003
2012-04-09 14:00:00,0.2419662771408428
2012-04-09 15:00:00,0.33511964158403346
2012-04-09 16:00:00,0.3453478888718824
2012-04-09 17:00:00,0.22882303181477207
2012-04-09 18:00:00,0.10364277746971289
2012-04-09 19:00:00,0.06730211258726634
2012-04-09 20:00:00,0.10766296284289
2012-04-09 21:00:00,0.0931059301757708
2012-04-09 22:00:00,0.12704261492031438
2012-04-09 23:00:00,0.07264653564275578
2012-04-10 00:00:00,0.0
2012-04-10 01:00:00,0.13009761863023414
2012-04-10 02:00:00,0.24371683026103674
2012-04-10 03:00:00,0.3402081399123504
2012-04-10 04:00:00,0.4086343238724641
2012-04-10 05:00:00,0.6349518937641533
2012-04-10 06:00:00,0.47463984258311
2012-04-10 07:00:00,0.19376760006393773
2012-04-10 08:00:00,0.17297370356527328
2012-04-10 09:00:00,0.16204279811684935
2012-04-10 10:00:00,0.2150864399980626
2012-04-10 11:00:00,0.24254886022277608
2012-04-10 12:00:00,0.26476761605959576
2012-04-10 13:00:00,0.3625996674446286
2012-04-10 14:00:00,0.3718243812584825
2012-04-10 15:00:00,0.5423953346720523
2012-04-10 16:00:00,0.45574052114252556
2012-04-10 17:00:00,0.3610772075722574
2012-04-10 18:00:00,0.2863451744878626
2012-04-10 19:00:00,0.8722061526723256
2012-04-10 20:00:00,0.8818209375736996
2012-04-10 21:00:00,0.8186024032518691
2012-04-10 22:00:00,0.8437816349214056
2012-04-10 23:00:00,0.4792153881256451
2012-04-11 00:00:00,0.2975602099927276
2012-04-11 01:00:00,0.4921831517186921
2012-04-11 02:00:00,0.37104974738016666
2012-04-11 03:00:00,0.4949920532461962
2012-04-11 04:00:00,0.4601939802289665
2012-04-11 05:00:00,0.46287993055406784
2012-04-11 06:00:00,0.2915870624647251
2012-04-11 07:00:00,0.0
2012-04-11 08:00:00,0.14903958541560827
2012-04-11 09:00:00,0.16518191718511088
2012-04-11 10:00:00,0.22994654715449503
2012-04-11 11:00:00,0.18148687042511252
2012-04-11 12:00:00,0.14694243648453115
2012-04-11 13:00:00,0.11178578574155114
2012-04-11 14:00:00,0.14036392374003245
2012-04-11 15:00:00,0.15030740120891162
2012-04-11 16:00:00,0.14569364061782542
2012-04-11 17:00:00,0.12292061496565092
2012-04-11 18:00:00,0.2889581942555764
2012-04-11 19:00:00,0.3394780797755709
2012-04-11 20:00:00,0.3215643140701429
2012-04-11 21:00:00,0.45485329130526364
2012-04-11 22:00:00,0.33223483991290104
2012-04-11 23:00:00,0.39799618770788664
2012-04-12 00:00:00,0.2948955075949941
2012-04-12 01:00:00,0.21294095524226703
2012-04-12 02:00:00,0.16026700251534448
2012-04-12 03:00:00,0.09685053325396072
2012-04-12 04:00:00,0.05564620583035866
2012-04-12 05:00:00,0.0
2012-04-12 06:00:00,0.056304301355086184
2012-04-12 07:00:00,0.0
2012-04-12 08:00:00,0.0
2012-04-12 09:00:00,0.06013172604129659
2012-04-12 10:00:00,0.057189805068872675
2012-04-12 11:00:00,0.050360356671791055
2012-04-12 12:00:00,0.0
2012-04-12 13:00:00,0.0
2012-04-12 14:00:00,0.0
2012-04-12 15:00:00,0.0
2012-04-12 16:00:00,0.0
2012-04-12 17:00:00,0.0
2012-04-12 18:00:00,0.0
2012-04-12 19:00:00,0.049143649631412
2012-04-12 20:00:00,0.06317284651751756
2012-04-12 21:00:00,0.05370272668570029
2012-04-12 22:00:00,0.049143649631412
2012-04-12 23:00:00,0.08048161998288747
2012-04-13 00:00:00,0.15806556368207098
2012-04-13 01:00:00,0.3250953696072465
2012-04-13 02:00:00,0.37806030073215446
2012-04-13 03:00:00,0.453082287621181
2012-04-13 04:00:00,0.5178489647807437
2012-04-13 05:00:00,0.4931182682865941
2012-04-13 06:00:00,0.2747814252299653
2012-04-13 07:00:00,0.16608619575164923
2012-04-13 08:00:00,0.17204457196522027
2012-04-13 09:00:00,0.30293767521679454
2012-04-13 10:00:00,0.34093924598037956
2012-04-13 11:00:00,0.3180589201605044
2012-04-13 12:00:00,0.30158728638324084
2012-04-13 13:00:00,0.15806556368207098
2012-04-13 14:00:00,0.04542031244934422
2012-04-13 15:00:00,0.05898856823250384
2012-04-13 16:00:00,0.0
2012-04-13 17:00:00,0.11530080853270355
2012-04-13 18:00:00,0.3542788629643656
2012-04-13 19:00:00,0.7399309725639224
2012-04-13 20:00:00,1.0500460072016813
2012-04-13 21:00:00,1.142458735398696
2012-04-13 22:00:00,1.2803675568961181
2012-04-13 23:00:00,1.3377694178498907
2012-04-14 00:00:00,1.1132218918113164
2012-04-14 01:00:00,1.1622316246831321
2012-04-14 02:00:00,0.8640207471243355
2012-04-14 03:00:00,0.8845809385085497
2012-04-14 04:00:00,0.7760695966464207
2012-04-14 05:00:00,0.7722777323748555
2012-04-14 06:00:00,0.7156729044748822
2012-04-14 07:00:00,0.6261332443523371
2012-04-14 08:00:00,0.39476046225170636
2012-04-14 09:00:00,0.5666781657012686
2012-04-14 10:00:00,1.2803675568961181
2012-04-14 11:00:00,1.5
2012-04-14 12:00:00,1.5
2012-04-14 13:00:00,1.5
2012-04-14 14:00:00,1.5
2012-04-14 15:00:00,1.5
2012-04-14 16:00:00,1.5
2012-04-14 17:00:00,1.0469515710600963
2012-04-14 18:00:00,1.3745024808983426
2012-04-14 19:00:00,1.5
2012-04-14 20:00:00,1.5
2012-04-14 21:00:00,1.5
2012-04-14 22:00:00,1.5
2012-04-14 23:00:00,1.5
2012-04-15 00:00:00,1.2575253122326169
2012-04-15 01:00:00,1.0656096788177418
2012-04-15 02:00:00,0.9467670746736536
2012-04-15 03:00:00,1.4518949634008993
2012-04-15 04:00:00,1.5
2012-04-15 05:00:00,1.0148262535621742
2012-04-15 06:00:00,1.1755394918762492
2012-04-15 07:00:00,1.2910027662750294
2012-04-15 08:00:00,1.5
2012-04-15 09:00:00,1.5
2012-04-15 10:00:00,1.5
2012-04-15 11:00:00,1.5
2012-04-15 12:00:00,1.5
2012-04-15 13:00:00,1.5
2012-04-15 14:00:00,1.5
2012-04-15 15:00:00,1.5
2012-04-15 16:00:00,1.5
2012-04-15 17:00:00,1.5
2012-04-15 18:00:00,1.3745024808983426
2012-04-15 19:00:00,1.5
2012-04-15 20:00:00,1.5
2012-04-15 21:00:00,1.5
2012-04-15 22:00:00,1.5
2012-04-15 23:00:00,1.5
2012-04-16 00:00:00,1.5
2012-04-16 01:00:00,0.9952723381331045
2012-04-16 02:00:00,1.0624847257414964
2012-04-16 03:00:00,0.7900792706055869
2012-04-16 04:00:00,1.0829065005657346
2012-04-16 05:00:00,0.6261332443523371
2012-04-16 06:00:00,1.0703085878457683
2012-04-16 07:00:00,1.219490958474781
2012-04-16 08:00:00,1.5
2012-04-16 09:00:00,1.3707992880626396
2012-04-16 10:00:00,1.1277771523100264
2012-04-16 11:00:00,0.8749460652883865
2012-04-16 12:00:00,0.6550957749375794
2012-04-16 13:00:00,0.532485801178615
2012-04-16 14:00:00,0.2876497063113326
2012-04-16 15:00:00,0.22714462998202387
2012-04-16 16:00:00,0.2316387063148778
2012-04-16 17:00:00,0.20974955396158862
2012-04-16 18:00:00,0.1725087207404037
2012-04-16 19:00:00,0.5034828388993063
2012-04-16 20:00:00,0.5707944559594188
2012-04-16 21:00:00,0.40124954650177863
2012-04-16 22:00:00,0.30975011419125
2012-04-16 23:00:00,0.26414996246114214
2012-04-17 00:00:00,0.2691181713335942
2012-04-17 01:00:00,0.256207674036233
2012-04-17 02:00:00,0.23220459867001078
2012-04-17 03:00:00,0.2356193178772308
2012-04-17 04:00:00,0.25924327860396645
2012-04-17 05:00:00,0.31457909429106856
2012-04-17 06:00:00,0.2316387063148779
2012-04-17 07:00:00,0.046964215784070895
2012-04-17 08:00:00,0.11005538657601395
2012-04-17 09:00:00,0.16518191718511088
2012-04-17 10:00:00,0.15762770918424956
2012-04-17 11:00:00,0.16070972879171921
2012-04-17 12:00:00,0.1297130938982582
2012-04-17 13:00:00,0.1281825717951526
2012-04-17 14:00:00,0.13009761863023414
2012-04-17 15:00:00,0.1135342285313601
2012-04-17 16:00:00,0.1063115607712375
2012-04-17 17:00:00,0.09559138725990211
2012-04-17 18:00:00,0.20036698688588495
2012-04-17 19:00:00,0.19376760006393773
2012-04-17 20:00:00,0.09403286297427958
2012-04-17 21:00:00,0.12440904226663814
2012-04-17 22:00:00,0.19276535584807522
2012-04-17 23:00:00,0.20711454031363097
2012-04-18 00:00:00,0.40534111487336527
2012-04-18 01:00:00,0.5483996568659981
2012-04-18 02:00:00,0.5718266337493365
2012-04-18 03:00:00,0.569763521008351
2012-04-18 04:00:00,0.43734967053131524
2012-04-18 05:00:00,0.5082416245589529
2012-04-18 06:00:00,0.2915870624647251
2012-04-18 07:00:00,0.0
2012-04-18 08:00:00,0.06105681342376553
2012-04-18 09:00:00,0.09621958714461132
2012-04-18 10:00:00,0.11708561933284438
2012-04-18 11:00:00,0.08160460324782555
2012-04-18 12:00:00,0.05608436292699648
2012-04-18 13:00:00,0.0
2012-04-18 14:00:00,0.0
2012-04-18 15:00:00,0.0
2012-04-18 16:00:00,0.0
2012-04-18 17:00:00,0.0
2012-04-18 18:00:00,0.0
2012-04-18 19:00:00,0.0
2012-04-18 20:00:00,0.04391062162311222
2012-04-18 21:00:00,0.0
2012-04-18 22:00:00,0.0
2012-04-18 23:00:00,0.0
2012-04-19 00:00:00,0.0
2012-04-19 01:00:00,0.0
2012-04-19 02:00:00,0.0
2012-04-19 03:00:00,0.0
2012-04-19 04:00:00,0.0
2012-04-19 05:00:00,0.0
2012-04-19 06:00:00,0.04391062162311222
2012-04-19 07:00:00,0.0
2012-04-19 08:00:00,0.0
2012-04-19 09:00:00,0.0
2012-04-19 10:00:00,0.04298426806736881
2012-04-19 11:00:00,0.04995258249285329
2012-04-19 12:00:00,0.05830967836667575
2012-04-19 13:00:00,0.062226452684445904
2012-04-19 14:00:00,0.10199768496598159
2012-04-19 15:00:00,0.13635377191969383
2012-04-19 16:00:00,0.20346273150218763
2012-04-19 17:00:00,0.2210607265454452
2012-04-19 18:00:00,0.29889855976079227
2012-04-19 19:00:00,0.5790867406572098
2012-04-19 20:00:00,0.8478038923165813
2012-04-19 21:00:00,0.9482132563098542
2012-04-19 22:00:00,1.34506301065475
2012-04-19 23:00:00,1.0087826391926737
2012-04-20 00:00:00,1.2803675568961175
2012-04-20 01:00:00,1.1940031281717642
2012-04-20 02:00:00,0.9878190067197905
2012-04-20 03:00:00,0.8291422197577025
2012-04-20 04:00:00,1.005769850825267
2012-04-20 05:00:00,0.9774469923009764
2012-04-20 06:00:00,0.6884384698102479
2012-04-20 07:00:00,0.23220459867001078
2012-04-20 08:00:00,0.28374795524490537
2012-04-20 09:00:00,0.3365682835669827
2012-04-20 10:00:00,0.37415475014763977
2012-04-20 11:00:00,0.4691877473817458
2012-04-20 12:00:00,0.4094604037921992
2012-04-20 13:00:00,0.5159178954319185
2012-04-20 14:00:00,1.4232525385646242
2012-04-20 15:00:00,0.9804029791894362
2012-04-20 16:00:00,0.6130589629811065
2012-04-20 17:00:00,0.7697566971568905
2012-04-20 18:00:00,0.32722635944299333
2012-04-20 19:00:00,0.466477426933406
2012-04-20 20:00:00,0.7013757595187754
2012-04-20 21:00:00,0.6449714071405834
2012-04-20 22:00:00,0.6119777304915088
2012-04-20 23:00:00,0.2754155359614113
2012-04-21 00:00:00,0.26291753850062816
2012-04-21 01:00:00,0.33295448191558386
2012-04-21 02:00:00,0.4287688253560609
2012-04-21 03:00:00,0.27860072666654595
2012-04-21 04:00:00,0.5354458760834978
2012-04-21 05:00:00,0.5178489647807437
2012-04-21 06:00:00,0.3424045989049778
2012-04-21 07:00:00,0.2161645655153177
2012-04-21 08:00:00,0.2766866825877898
2012-04-21 09:00:00,0.2210607265454452
2012-04-21 10:00:00,0.2124068226606449
2012-04-21 11:00:00,0.1725087207404037
2012-04-21 12:00:00,0.20711454031363097
2012-04-21 13:00:00,0.17484199033557632
2012-04-21 14:00:00,0.13635377191969383
2012-04-21 15:00:00,0.12515774061876606
2012-04-21 16:00:00,0.13556101942251306
2012-04-21 17:00:00,0.12666413667421478
2012-04-21 18:00:00,0.17158125649102515
2012-04-21 19:00:00,0.20346273150218763
2012-04-21 20:00:00,0.45219851227696434
2012-04-21 21:00:00,0.4486749034159718
2012-04-21 22:00:00,0.3899398317579108
2012-04-21 23:00:00,0.34093924598037956
2012-04-22 00:00:00,0.24254886022277608
2012-04-22 01:00:00,0.11248299238167538
2012-04-22 02:00:00,0.09843995256678552
2012-04-22 03:00:00,0.05413063485401214
2012-04-22 04:00:00,0.0
2012-04-22 05:00:00,0.0
2012-04-22 06:00:00,0.0
2012-04-22 07:00:00,0.0
2012-04-22 08:00:00,0.0
2012-04-22 09:00:00,0.0
2012-04-22 10:00:00,0.09403286297427958
2012-04-22 11:00:00,0.11672719421672381
2012-04-22 12:00:00,0.11040002741136831
2012-04-22 13:00:00,0.5494046651504725
2012-04-22 14:00:00,0.4364864806414283
2012-04-22 15:00:00,1.5
2012-04-22 16:00:00,0.5916751469078019
2012-04-22 17:00:00,0.41610915839441603
2012-04-22 18:00:00,0.546393318650828
2012-04-22 19:00:00,0.6349518937641533
2012-04-22 20:00:00,1.145738519242551
2012-04-22 21:00:00,1.5
2012-04-22 22:00:00,1.5
2012-04-22 23:00:00,1.5
2012-04-23 00:00:00,1.5
2012-04-23 01:00:00,1.1019881183894726
2012-04-23 02:00:00,0.9878190067197905
2012-04-23 03:00:00,0.9438791242278683
2012-04-23 04:00:00,0.8956785321059996
2012-04-23 05:00:00,0.9907958575782744
2012-04-23 06:00:00,0.5494046651504725
2012-04-23 07:00:00,0.2140119052369073
2012-04-23 08:00:00,0.15458534736657453
2012-04-23 09:00:00,0.2883034553940087
2012-04-23 10:00:00,0.48567041622034307
2012-04-23 11:00:00,0.6023037899547874
2012-04-23 12:00:00,0.9309560106187805
2012-04-23 13:00:00,0.6942991519023399
2012-04-23 14:00:00,0.6966527063495546
2012-04-23 15:00:00,0.8599473192086421
2012-04-23 16:00:00,0.7990817155437238
2012-04-23 17:00:00,0.632739519820743
2012-04-23 18:00:00,0.265386231735111
2012-04-23 19:00:00,0.393149197051296
2012-04-23 20:00:00,0.45396721371438137
2012-04-23 21:00:00,0.18341585564798638
2012-04-23 22:00:00,0.16115326965162954
2012-04-23 23:00:00,0.30226197804924176
2012-04-24 00:00:00,0.7423864937031206
2012-04-24 01:00:00,0.9496609098865257
2012-04-24 02:00:00,0.8984673579177984
2012-04-24 03:00:00,1.1342866725243745
2012-04-24 04:00:00,1.2981255241416385
2012-04-24 05:00:00,1.3160469321829487
2012-04-24 06:00:00,0.5246456462805839
2012-04-24 07:00:00,0.0833085892177855
2012-04-24 08:00:00,0.13398474437835983
2012-04-24 09:00:00,0.24961295260172897
2012-04-24 10:00:00,0.32086118535281033
2012-04-24 11:00:00,0.39476046225170636
2012-04-24 12:00:00,0.2975602099927276
2012-04-24 13:00:00,0.32297365164880176
2012-04-24 14:00:00,0.4637775643001631
2012-04-24 15:00:00,0.5504109005511364
2012-04-24 16:00:00,0.5354458760834978
2012-04-24 17:00:00,0.5636039689907065
2012-04-24 18:00:00,0.4893848966782065
2012-04-24 19:00:00,0.6206632703650667
2012-04-24 20:00:00,0.9167359526175771
2012-04-24 21:00:00,0.9744969530702433
2012-04-24 22:00:00,1.2627722817482847
2012-04-24 23:00:00,1.233231573171178
2012-04-25 00:00:00,1.3856520638424692
2012-04-25 01:00:00,0.9195682965065879
2012-04-25 02:00:00,0.5780458420317933
2012-04-25 03:00:00,0.956921283081357
2012-04-25 04:00:00,0.9656824614285568
2012-04-25 05:00:00,0.9381208536792157
2012-04-25 06:00:00,0.6405053775377835
2012-04-25 07:00:00,0.18293233430939915
2012-04-25 08:00:00,0.20711454031363097
2012-04-25 09:00:00,0.29092835700061004
2012-04-25 10:00:00,0.38041662548713123
2012-04-25 11:00:00,0.6012352441545378
2012-04-25 12:00:00,0.3152730185139282
2012-04-25 13:00:00,0.7659854408005988
2012-04-25 14:00:00,1.5
2012-04-25 15:00:00,1.5
2012-04-25 16:00:00,1.5
2012-04-25 17:00:00,1.283906111019068
2012-04-25 18:00:00,1.202459209671293
2012-04-25 19:00:00,1.1245317524265315
2012-04-25 20:00:00,1.1229113899202592
2012-04-25 21:00:00,1.168872932234889
2012-04-25 22:00:00,1.3745024808983426
2012-04-25 23:00:00,1.2927810067501886
2012-04-26 00:00:00,1.5
2012-04-26 01:00:00,1.5
2012-04-26 02:00:00,1.3359501487187113
2012-04-26 03:00:00,1.188948559094493
2012-04-26 04:00:00,1.0609245428400105
2012-04-26 05:00:00,0.8491474798517884
2012-04-26 06:00:00,0.4584091316195715
2012-04-26 07:00:00,0.1043057356638336
2012-04-26 08:00:00,0.04995258249285329
2012-04-26 09:00:00,0.04522973796083701
2012-04-26 10:00:00,0.11494603706332349
2012-04-26 11:00:00,0.21996636850462845
2012-04-26 12:00:00,0.281166488610026
2012-04-26 13:00:00,0.2580261760014231
2012-04-26 14:00:00,0.3595590152790709
2012-04-26 15:00:00,0.3542788629643656
2012-04-26 16:00:00,0.3695037087584515
2012-04-26 17:00:00,0.4451696466428691
2012-04-26 18:00:00,0.6393921007693961
2012-04-26 19:00:00,1.0624847257414964
2012-04-26 20:00:00,1.097196872424457
2012-04-26 21:00:00,1.2366827789325958
2012-04-26 22:00:00,1.4194622541708395
2012-04-26 23:00:00,1.5
2012-04-27 00:00:00,1.177210083040826
2012-04-27 01:00:00,0.7748042660316857
2012-04-27 02:00:00,0.5916751469078019
2012-04-27 03:00:00,0.7634781254753628
2012-04-27 04:00:00,0.466477426933406
2012-04-27 05:00:00,0.6472121859413072
2012-04-27 06:00:00,0.7265223384675309
2012-04-27 07:00:00,0.7374808719989862
2012-04-27 08:00:00,0.35352880210647397
2012-04-27 09:00:00,0.38436555563970837
2012-04-27 10:00:00,0.3438741445389505
2012-04-27 11:00:00,0.3365682835669825
2012-04-27 12:00:00,0.5256214283859261
2012-04-27 13:00:00,0.2232603197131128
2012-04-27 14:00:00,0.0
2012-04-27 15:00:00,0.1978113165193463
2012-04-27 16:00:00,0.4408138103020212
2012-04-27 17:00:00,0.3194580043186488
2012-04-27 18:00:00,0.20191090382196045
2012-04-27 19:00:00,0.6141414682574788
2012-04-27 20:00:00,0.7535035790317558
2012-04-27 21:00:00,0.6405053775377835
2012-04-27 22:00:00,0.7862418712641219
2012-04-27 23:00:00,1.0027630670166428
2012-04-28 00:00:00,0.8749460652883865
2012-04-28 01:00:00,0.9744969530702433
2012-04-28 02:00:00,1.0042657087254558
2012-04-28 03:00:00,0.6802890577987555
2012-04-28 04:00:00,0.5305184910981353
2012-04-28 05:00:00,0.6814493003991164
2012-04-28 06:00:00,0.45930097792933383
2012-04-28 07:00:00,0.31596796246360337
2012-04-28 08:00:00,0.4194603570563509
2012-04-28 09:00:00,0.5364349999890277
2012-04-28 10:00:00,0.5374253412776727
2012-04-28 11:00:00,0.48659726790989066
2012-04-28 12:00:00,0.46108813926716774
2012-04-28 13:00:00,0.45574052114252556
2012-04-28 14:00:00,0.35653540947191226
2012-04-28 15:00:00,0.30293767521679454
2012-04-28 16:00:00,0.36489137206637345
2012-04-28 17:00:00,0.3453478888718822
2012-04-28 18:00:00,0.17719620476016804
2012-04-28 19:00:00,0.0511825504740249
2012-04-28 20:00:00,0.0
2012-04-28 21:00:00,0.5504109005511364
2012-04-28 22:00:00,0.7265223384675309
2012-04-28 23:00:00,0.4111159020765089
2012-04-29 00:00:00,0.19730280438679376
2012-04-29 01:00:00,0.2419662771408428
2012-04-29 02:00:00,0.09940189972945675
2012-04-29 03:00:00,0.0
2012-04-29 04:00:00,0.054776749711702453
2012-04-29 05:00:00,0.07826665554404214
2012-04-29 06:00:00,0.13875056118667073
2012-04-29 07:00:00,0.0
2012-04-29 08:00:00,0.05434543871051447
2012-04-29 09:00:00,0.11005538657601395
2012-04-29 10:00:00,0.17909471946766387
2012-04-29 11:00:00,0.17625199962121615
2012-04-29 12:00:00,0.16744879223254833
2012-04-29 13:00:00,0.17297370356527328
2012-04-29 14:00:00,0.24488854378981026
2012-04-29 15:00:00,0.3258046683456422
2012-04-29 16:00:00,0.2580261760014231
2012-04-29 17:00:00,0.341671398728356
2012-04-29 18:00:00,0.45043441084068947
2012-04-29 19:00:00,0.9467670746736536
2012-04-29 20:00:00,0.8873466924396199
2012-04-29 21:00:00,0.8845809385085497
2012-04-29 22:00:00,1.0239368590469151
2012-04-29 23:00:00,0.8667434995798853
2012-04-30 00:00:00,0.9181513964531778
2012-04-30 01:00:00,0.748549050870166
2012-04-30 02:00:00,0.6405053775377835
2012-04-30 03:00:00,0.6195731126453886
2012-04-30 04:00:00,0.532485801178615
2012-04-30 05:00:00,0.5006418766216544
2012-04-30 06:00:00,0.28374795524490537
2012-04-30 07:00:00,0.09372320505776743
2012-04-30 08:00:00,0.17531115463934863
2012-04-30 09:00:00,0.41694527835570666
2012-04-30 10:00:00,0.6119777304915088
2012-04-30 11:00:00,0.6195731126453886
2012-04-30 12:00:00,1.3782123371471586
2012-04-30 13:00:00,1.5
2012-04-30 14:00:00,1.5
2012-04-30 15:00:00,0.7760695966464207
2012-04-30 16:00:00,0.393149197051296
2012-04-30 17:00:00,0.2766866825877898
2012-04-30 18:00:00,0.28569439024967264
2012-04-30 19:00:00,0.3111247428745724
2012-04-30 20:00:00,0.1656336450587727
2012-04-30 21:00:00,0.0
2012-04-30 22:00:00,0.062226452684445904
2012-04-30 23:00:00,0.04316848610898528
2012-05-01 00:00:00,0.0
2012-05-01 01:00:00,0.0
2012-05-01 02:00:00,0.059216030327826207
2012-05-01 03:00:00,0.12440904226663814
2012-05-01 04:00:00,0.1448650531833617
2012-05-01 05:00:00,0.04954701547592187
2012-05-01 06:00:00,0.0
2012-05-01 07:00:00,0.0
2012-05-01 08:00:00,0.18780594467746048
2012-05-01 09:00:00,0.313194302031004
2012-05-01 10:00:00,0.2896139236447338
2012-05-01 11:00:00,0.3867479800105405
2012-05-01 12:00:00,0.5780458420317933
2012-05-01 13:00:00,1.0346346207796822
2012-05-01 14:00:00,0.21996636850462845
2012-05-01 15:00:00,0.6630431245616619
2012-05-01 16:00:00,1.0578087605668227
2012-05-01 17:00:00,0.7362578525601214
2012-05-01 18:00:00,0.6826108614568362
2012-05-01 19:00:00,0.9424373539208869
2012-05-01 20:00:00,0.9381208536792157
2012-05-01 21:00:00,1.121292584706041
2012-05-01 22:00:00,1.1605752378189582
2012-05-01 23:00:00,0.9438791242278683
2012-05-02 00:00:00,0.913909430605013
2012-05-02 01:00:00,1.0609245428400105
2012-05-02 02:00:00,1.3160469321829487
2012-05-02 03:00:00,1.1990720026236814
2012-05-02 04:00:00,1.163889586808115
2012-05-02 05:00:00,1.0118014381084484
2012-05-02 06:00:00,0.6573599288417626
2012-05-02 07:00:00,0.40616275201855984
2012-05-02 08:00:00,0.3710497473801668
2012-05-02 09:00:00,0.45219851227696434
2012-05-02 10:00:00,0.6438529598630998
2012-05-02 11:00:00,0.7001930013203758
2012-05-02 12:00:00,0.6250366890073722
2012-05-02 13:00:00,0.32297365164880176
2012-05-02 14:00:00,0.4810538083303727
2012-05-02 15:00:00,0.4069854987343424
2012-05-02 16:00:00,0.2948955075949941
2012-05-02 17:00:00,0.33295448191558386
2012-05-02 18:00:00,0.45043441084068947
2012-05-02 19:00:00,1.0454066353954692
2012-05-02 20:00:00,1.5
2012-05-02 21:00:00,1.1035882944975028
2012-05-02 22:00:00,0.6184842322046729
2012-05-02 23:00:00,0.7387052450840208
2012-05-03 00:00:00,0.5063345285233716
2012-05-03 01:00:00,0.7013757595187754
2012-05-03 02:00:00,0.6272310814684533
2012-05-03 03:00:00,0.540403676929277
2012-05-03 04:00:00,0.4903164666631966
2012-05-03 05:00:00,0.41527415698809084
2012-05-03 06:00:00,0.20763976713132332
2012-05-03 07:00:00,0.1571906640290771
2012-05-03 08:00:00,0.15631899875188632
2012-05-03 09:00:00,0.2210607265454452
2012-05-03 10:00:00,0.2299465471544951
2012-05-03 11:00:00,0.3104369212899467
2012-05-03 12:00:00,0.2265869920234717
2012-05-03 13:00:00,0.15806556368207098
2012-05-03 14:00:00,0.30565053387648483
2012-05-03 15:00:00,0.21833161277646712
2012-05-03 16:00:00,0.2896139236447338
2012-05-03 17:00:00,0.2635332701910523
2012-05-03 18:00:00,0.5334712774269895
2012-05-03 19:00:00,0.7849655048393556
2012-05-03 20:00:00,0.7836905205112864
2012-05-03 21:00:00,0.8653814094684699
2012-05-03 22:00:00,0.6261332443523371
2012-05-03 23:00:00,0.6119777304915088
2012-05-04 00:00:00,0.6919509042272766
2012-05-04 01:00:00,0.3438741445389505
2012-05-04 02:00:00,0.37571372627256727
2012-05-04 03:00:00,0.2216092640785606
2012-05-04 04:00:00,0.12329160248723445
2012-05-04 05:00:00,0.2350478888996295
2012-05-04 06:00:00,0.2460640067986814
2012-05-04 07:00:00,0.192265532357003
2012-05-04 08:00:00,0.12181211913378041
2012-05-04 09:00:00,0.16881882103951137
2012-05-04 10:00:00,0.14158211881789032
2012-05-04 11:00:00,0.1701963023873874
2012-05-04 12:00:00,0.30497080721574416
2012-05-04 13:00:00,0.23964527359146745
2012-05-04 14:00:00,0.23619167224568702
2012-05-04 15:00:00,0.6699060814414558
2012-05-04 16:00:00,0.05015619331272233
2012-05-04 17:00:00,0.0
2012-05-04 18:00:00,0.1576277091842495
2012-05-04 19:00:00,0.32367986200752435
2012-05-04 20:00:00,0.30429208905134764
2012-05-04 21:00:00,0.09157461357919533
2012-05-04 22:00:00,0.0
2012-05-04 23:00:00,0.054776749711702453
2012-05-05 00:00:00,0.14198974462982084
2012-05-05 01:00:00,0.06779941683400653
2012-05-05 02:00:00,0.18535846118674204
2012-05-05 03:00:00,0.6272310814684537
2012-05-05 04:00:00,1.5
2012-05-05 05:00:00,1.5
2012-05-05 06:00:00,0.6217547061124065
2012-05-05 07:00:00,0.0
2012-05-05 08:00:00,0.0
2012-05-05 09:00:00,0.08856253622541992
2012-05-05 10:00:00,0.0
2012-05-05 11:00:00,0.0
2012-05-05 12:00:00,0.0
2012-05-05 13:00:00,0.0
2012-05-05 14:00:00,0.0
2012-05-05 15:00:00,0.0
2012-05-05 16:00:00,0.0
2012-05-05 17:00:00,0.0
2012-05-05 18:00:00,0.06293535486241326
2012-05-05 19:00:00,0.2508034734268388
2012-05-05 20:00:00,0.38041662548713123
2012-05-05 21:00:00,0.7659854408005988
2012-05-05 22:00:00,0.8003733344462356
2012-05-05 23:00:00,1.0407809490418731
2012-05-06 00:00:00,0.3875443036728875
2012-05-06 01:00:00,0.5025346605443072
2012-05-06 02:00:00,0.3996206599428263
2012-05-06 03:00:00,0.3656574138852642
2012-05-06 04:00:00,0.45043441084068947
2012-05-06 05:00:00,0.3152730185139282
2012-05-06 06:00:00,0.49875385142414164
2012-05-06 07:00:00,0.22491955562313354
2012-05-06 08:00:00,0.07160750689085035
2012-05-06 09:00:00,0.05413063485401214
2012-05-06 10:00:00,0.0511825504740249
2012-05-06 11:00:00,0.0
2012-05-06 12:00:00,0.0
2012-05-06 13:00:00,0.0
2012-05-06 14:00:00,0.0
2012-05-06 15:00:00,0.0
2012-05-06 16:00:00,0.0
2012-05-06 17:00:00,0.0
2012-05-06 18:00:00,0.14736028202556156
2012-05-06 19:00:00,0.5544481282896564
2012-05-06 20:00:00,0.35653540947191226
2012-05-06 21:00:00,0.508241624558953
2012-05-06 22:00:00,0.6173966282942221
2012-05-06 23:00:00,0.47281781063114914
2012-05-07 00:00:00,0.41028759627731487
2012-05-07 01:00:00,0.2754155359614113
2012-05-07 02:00:00,0.2172462877782577
2012-05-07 03:00:00,0.18682438249798325
2012-05-07 04:00:00,0.062226452684445904
2012-05-07 05:00:00,0.0629353548624133
2012-05-07 06:00:00,0.0567459017142977
2012-05-07 07:00:00,0.0
2012-05-07 08:00:00,0.08886072633309508
2012-05-07 09:00:00,0.05785999131925848
2012-05-07 10:00:00,0.16518191718511088
2012-05-07 11:00:00,0.21942054649953086
2012-05-07 12:00:00,0.2537963235894253
2012-05-07 13:00:00,0.12255037239867952
2012-05-07 14:00:00,0.0
2012-05-07 15:00:00,0.0
2012-05-07 16:00:00,0.0
2012-05-07 17:00:00,0.09218510899987327
2012-05-07 18:00:00,0.16026700251534448
2012-05-07 19:00:00,0.18633488654853755
2012-05-07 20:00:00,0.1571906640290771
2012-05-07 21:00:00,0.35128497298489775
2012-05-07 22:00:00,0.3641264008857692
2012-05-07 23:00:00,0.2691181713335943
2012-05-08 00:00:00,0.2293843309070457
2012-05-08 01:00:00,0.27162546744224525
2012-05-08 02:00:00,0.2210607265454452
2012-05-08 03:00:00,0.12553321359068198
2012-05-08 04:00:00,0.14445194016303753
2012-05-08 05:00:00,0.20711454031363097
2012-05-08 06:00:00,0.13086894638251204
2012-05-08 07:00:00,0.13635377191969383
2012-05-08 08:00:00,0.10597548653957271
2012-05-08 09:00:00,0.1207103076785696
2012-05-08 10:00:00,0.13164331684387864
2012-05-08 11:00:00,0.17672368179670755
2012-05-08 12:00:00,0.2265869920234717
2012-05-08 13:00:00,0.2419662771408427
2012-05-08 14:00:00,0.20659019995449218
2012-05-08 15:00:00,0.1967951644875307
2012-05-08 16:00:00,0.23619167224568702
2012-05-08 17:00:00,0.20450168812950917
2012-05-08 18:00:00,0.24783424468938803
2012-05-08 19:00:00,0.34830799759296277
2012-05-08 20:00:00,0.32936664137089117
2012-05-08 21:00:00,0.45043441084068947
2012-05-08 22:00:00,0.6942991519023399
2012-05-08 23:00:00,0.7773363041169661
2012-05-09 00:00:00,0.7301630338539055
2012-05-09 01:00:00,0.4865972679098908
2012-05-09 02:00:00,0.26046420256162506
2012-05-09 03:00:00,0.062226452684445904
2012-05-09 04:00:00,0.050156193312722315
2012-05-09 05:00:00,0.20974955396158862
2012-05-09 06:00:00,0.15158238653524497
2012-05-09 07:00:00,0.0
2012-05-09 08:00:00,0.09748423157753519
2012-05-09 09:00:00,0.16881882103951135
2012-05-09 10:00:00,0.26291753850062816
2012-05-09 11:00:00,0.33295448191558386
2012-05-09 12:00:00,0.311813579693825
2012-05-09 13:00:00,0.3365682835669825
2012-05-09 14:00:00,0.313194302031004
2012-05-09 15:00:00,0.33151623560578874
2012-05-09 16:00:00,0.3138861890463266
2012-05-09 17:00:00,0.33295448191558386
2012-05-09 18:00:00,0.27162546744224525
2012-05-09 19:00:00,0.6710544916170041
2012-05-09 20:00:00,0.5433929959820458
2012-05-09 21:00:00,0.4912492180937922
2012-05-09 22:00:00,0.33367516236253464
2012-05-09 23:00:00,0.17719620476016804
2012-05-10 00:00:00,0.19477331224941127
2012-05-10 01:00:00,0.20502249014141535
2012-05-10 02:00:00,0.1063115607712375
2012-05-10 03:00:00,0.054993258353784324
2012-05-10 04:00:00,0.0
2012-05-10 05:00:00,0.0
2012-05-10 06:00:00,0.0
2012-05-10 07:00:00,0.0
2012-05-10 08:00:00,0.0
2012-05-10 09:00:00,0.0
2012-05-10 10:00:00,0.0
2012-05-10 11:00:00,0.0
2012-05-10 12:00:00,0.04676934376845497
2012-05-10 13:00:00,0.0
2012-05-10 14:00:00,0.0
2012-05-10 15:00:00,0.0442848578705457
2012-05-10 16:00:00,0.0
2012-05-10 17:00:00,0.0
2012-05-10 18:00:00,0.06436927045281707
2012-05-10 19:00:00,0.21294095524226703
2012-05-10 20:00:00,0.3138861890463266
2012-05-10 21:00:00,0.3286521803590784
2012-05-10 22:00:00,0.27099718981771626
2012-05-10 23:00:00,0.33079866824554827
2012-05-11 00:00:00,0.27732371998011873
2012-05-11 01:00:00,0.35728971544804516
2012-05-11 02:00:00,0.38515860674264885
2012-05-11 03:00:00,0.40616275201855984
2012-05-11 04:00:00,0.45485329130526364
2012-05-11 05:00:00,0.32297365164880176
2012-05-11 06:00:00,0.17343952118852726
2012-05-11 07:00:00,0.0
2012-05-11 08:00:00,0.06269845917099866
2012-05-11 09:00:00,0.15158238653524506
2012-05-11 10:00:00,0.16204279811684935
2012-05-11 11:00:00,0.13359259415620936
2012-05-11 12:00:00,0.12292061496565092
2012-05-11 13:00:00,0.12742184635670512
2012-05-11 14:00:00,0.12403581538902991
2012-05-11 15:00:00,0.1262864108697082
2012-05-11 16:00:00,0.09812068810491945
2012-05-11 17:00:00,0.12478301709365082
2012-05-11 18:00:00,0.16699376858983891
2012-05-11 19:00:00,0.34167139872835584
2012-05-11 20:00:00,0.3788446579527282
2012-05-11 21:00:00,0.3664245270911397
2012-05-11 22:00:00,0.47829793708947327
2012-05-11 23:00:00,0.5168828289017545
2012-05-12 00:00:00,0.46287993055406784
2012-05-12 01:00:00,0.4136075068455434
2012-05-12 02:00:00,0.3215643140701429
2012-05-12 03:00:00,0.23504788889962958
2012-05-12 04:00:00,0.18928472487861311
2012-05-12 05:00:00,0.3899398317579108
2012-05-12 06:00:00,0.15286456160945733
2012-05-12 07:00:00,0.0
2012-05-12 08:00:00,0.0
2012-05-12 09:00:00,0.0
2012-05-12 10:00:00,0.0
2012-05-12 11:00:00,0.0
2012-05-12 12:00:00,0.0448501897003658
2012-05-12 13:00:00,0.0710917285184294
2012-05-12 14:00:00,0.0
2012-05-12 15:00:00,0.0
2012-05-12 16:00:00,0.7748042660316857
2012-05-12 17:00:00,0.15158238653524497
2012-05-12 18:00:00,0.0
2012-05-12 19:00:00,0.0
2012-05-12 20:00:00,0.054993258353784324
2012-05-12 21:00:00,0.10463827229696371
2012-05-12 22:00:00,0.20036698688588495
2012-05-12 23:00:00,0.1343776612673673
2012-05-13 00:00:00,0.07448893355571934
2012-05-13 01:00:00,0.05056507331875757
2012-05-13 02:00:00,0.10331235441132623
2012-05-13 03:00:00,0.11459199407719721
2012-05-13 04:00:00,0.11494603706332349
2012-05-13 05:00:00,0.13875056118667073
2012-05-13 06:00:00,0.12292061496565092
2012-05-13 07:00:00,0.2635332701910523
2012-05-13 08:00:00,0.4700935149840271
2012-05-13 09:00:00,0.4566289039748654
2012-05-13 10:00:00,0.4069854987343424
2012-05-13 11:00:00,0.4012495465017785
2012-05-13 12:00:00,0.36489137206637345
2012-05-13 13:00:00,0.45930097792933394
2012-05-13 14:00:00,0.41194532193847977
2012-05-13 15:00:00,0.6756612569969351
2012-05-13 16:00:00,0.3394780797755709
2012-05-13 17:00:00,0.2883034553940087
2012-05-13 18:00:00,0.19985410235641332
2012-05-13 19:00:00,0.3618379036866961
2012-05-13 20:00:00,0.3265149980413252
2012-05-13 21:00:00,0.268493767473048
2012-05-13 22:00:00,0.10463827229696371
2012-05-13 23:00:00,0.0
2012-05-14 00:00:00,0.0
2012-05-14 01:00:00,0.0
2012-05-14 02:00:00,0.06364962071358743
2012-05-14 03:00:00,0.13359259415620936
2012-05-14 04:00:00,0.35502998397877045
2012-05-14 05:00:00,0.4211426826910715
2012-05-14 06:00:00,0.12553321359068198
2012-05-14 07:00:00,0.0924913715704903
2012-05-14 08:00:00,0.1967951644875307
2012-05-14 09:00:00,0.19527747070249732
2012-05-14 10:00:00,0.18293233430939915
2012-05-14 11:00:00,0.18244966349185662
2012-05-14 12:00:00,0.18390022825631602
2012-05-14 13:00:00,0.25439773642863805
2012-05-14 14:00:00,0.14736028202556156
2012-05-14 15:00:00,0.1589437037004527
2012-05-14 16:00:00,0.09716703801462076
2012-05-14 17:00:00,0.34682583789335814
2012-05-14 18:00:00,0.2635332701910523
2012-05-14 19:00:00,0.27924069745804064
2012-05-14 20:00:00,0.30226197804924176
2012-05-14 21:00:00,0.2508034734268388
2012-05-14 22:00:00,0.17297370356527328
2012-05-14 23:00:00,0.06656072514732687
2012-05-15 00:00:00,0.0
2012-05-15 01:00:00,0.0
2012-05-15 02:00:00,0.0
2012-05-15 03:00:00,0.0
2012-05-15 04:00:00,0.0
2012-05-15 05:00:00,0.0
2012-05-15 06:00:00,0.0
2012-05-15 07:00:00,0.0
2012-05-15 08:00:00,0.0
2012-05-15 09:00:00,0.0
2012-05-15 10:00:00,0.0
2012-05-15 11:00:00,0.06317284651751756
2012-05-15 12:00:00,0.0
2012-05-15 13:00:00,0.0
2012-05-15 14:00:00,0.0
2012-05-15 15:00:00,0.0
2012-05-15 16:00:00,0.0
2012-05-15 17:00:00,0.0
2012-05-15 18:00:00,0.09972393587169856
2012-05-15 19:00:00,0.16115326965162954
2012-05-15 20:00:00,0.05264283533638394
2012-05-15 21:00:00,0.0
2012-05-15 22:00:00,0.0
2012-05-15 23:00:00,0.0
2012-05-16 00:00:00,0.049143649631412
2012-05-16 01:00:00,0.0
2012-05-16 02:00:00,0.04599524633232969
2012-05-16 03:00:00,0.0
2012-05-16 04:00:00,0.0
2012-05-16 05:00:00,0.0
2012-05-16 06:00:00,0.0
2012-05-16 07:00:00,0.0
2012-05-16 08:00:00,0.0
2012-05-16 09:00:00,0.0
2012-05-16 10:00:00,0.04280057486312223
2012-05-16 11:00:00,0.0
2012-05-16 12:00:00,0.0
2012-05-16 13:00:00,0.0
2012-05-16 14:00:00,0.043910621623112205
2012-05-16 15:00:00,0.07448893355571934
2012-05-16 16:00:00,0.07475464888319587
2012-05-16 17:00:00,0.12971309389825827
2012-05-16 18:00:00,0.4530822876211812
2012-05-16 19:00:00,0.8172912410827863
2012-05-16 20:00:00,1.2436044948873095
2012-05-16 21:00:00,1.3505505683160908
2012-05-16 22:00:00,1.3707992880626396
2012-05-16 23:00:00,1.2315083807240104
2012-05-17 00:00:00,1.0163409193625144
2012-05-17 01:00:00,0.7748042660316862
2012-05-17 02:00:00,0.7460799520908772
2012-05-17 03:00:00,0.6872703052352634
2012-05-17 04:00:00,0.6630431245616616
2012-05-17 05:00:00,0.6676131932527939
2012-05-17 06:00:00,0.30565053387648483
2012-05-17 07:00:00,0.15286456160945724
2012-05-17 08:00:00,0.13009761863023414
2012-05-17 09:00:00,0.11672719421672385
2012-05-17 10:00:00,0.1010190358460384
2012-05-17 11:00:00,0.10698583928066888
2012-05-17 12:00:00,0.09496592761024826
2012-05-17 13:00:00,0.06558070578507298
2012-05-17 14:00:00,0.059444076407668536
2012-05-17 15:00:00,0.07717457853677777
2012-05-17 16:00:00,0.06755045961615963
2012-05-17 17:00:00,0.1010190358460384
2012-05-17 18:00:00,0.2466531462298989
2012-05-17 19:00:00,0.8212289330272778
2012-05-17 20:00:00,0.9863328198978756
2012-05-17 21:00:00,1.1589204254668932
2012-05-17 22:00:00,1.163889586808115
2012-05-17 23:00:00,1.1019881183894726
2012-05-18 00:00:00,1.0133130933937182
2012-05-18 01:00:00,0.6687589822362848
2012-05-18 02:00:00,0.4682831440050137
2012-05-18 03:00:00,0.36719271243269813
2012-05-18 04:00:00,0.37571372627256727
2012-05-18 05:00:00,0.2419662771408427
2012-05-18 06:00:00,0.048542714960720774
2012-05-18 07:00:00,0.0
2012-05-18 08:00:00,0.0
2012-05-18 09:00:00,0.0
2012-05-18 10:00:00,0.0
2012-05-18 11:00:00,0.0
2012-05-18 12:00:00,0.0
2012-05-18 13:00:00,0.0
2012-05-18 14:00:00,0.0
2012-05-18 15:00:00,0.0
2012-05-18 16:00:00,0.13281059071768705
2012-05-18 17:00:00,0.10902576908404074
2012-05-18 18:00:00,0.2293843309070457
2012-05-18 19:00:00,0.822544302130999
2012-05-18 20:00:00,0.9598357621470113
2012-05-18 21:00:00,0.7423864937031203
2012-05-18 22:00:00,0.6931243650926386
2012-05-18 23:00:00,0.6768162332548425
2012-05-19 00:00:00,0.5770061914861135
2012-05-19 01:00:00,0.5295366557686333
2012-05-19 02:00:00,0.27605062149778686
2012-05-19 03:00:00,0.2419662771408427
2012-05-19 04:00:00,0.25259634296378947
2012-05-19 05:00:00,0.3104369212899467
2012-05-19 06:00:00,0.07475464888319587
2012-05-19 07:00:00,0.0
2012-05-19 08:00:00,0.0
2012-05-19 09:00:00,0.0
2012-05-19 10:00:00,0.05285368756430095
2012-05-19 11:00:00,0.050360356671791055
2012-05-19 12:00:00,0.06804898498950512
2012-05-19 13:00:00,0.07609270778204756
2012-05-19 14:00:00,0.10397390430431595
2012-05-19 15:00:00,0.06293535486241326
2012-05-19 16:00:00,0.060362115546199954
2012-05-19 17:00:00,0.24313237767994136
2012-05-19 18:00:00,0.47190854586003084
2012-05-19 19:00:00,0.6528368259826044
2012-05-19 20:00:00,0.6517093014893255
2012-05-19 21:00:00,0.5959114684457547
2012-05-19 22:00:00,0.3243871010774399
2012-05-19 23:00:00,0.3187579505044235
2012-05-20 00:00:00,0.2299465471544951
2012-05-20 01:00:00,0.20554417561708246
2012-05-20 02:00:00,0.10530546437885435
2012-05-20 03:00:00,0.0
2012-05-20 04:00:00,0.0
2012-05-20 05:00:00,0.0
2012-05-20 06:00:00,0.0
2012-05-20 07:00:00,0.0
2012-05-20 08:00:00,0.0
2012-05-20 09:00:00,0.0
2012-05-20 10:00:00,0.0
2012-05-20 11:00:00,0.0
2012-05-20 12:00:00,0.0
2012-05-20 13:00:00,0.13995941700439732
2012-05-20 14:00:00,0.08796815877749393
2012-05-20 15:00:00,0.0511825504740249
2012-05-20 16:00:00,0.3679619706586375
2012-05-20 17:00:00,0.0
2012-05-20 18:00:00,0.2722547153795149
2012-05-20 19:00:00,0.13556101942251306
2012-05-20 20:00:00,0.15850422827123928
2012-05-20 21:00:00,0.0
2012-05-20 22:00:00,0.5130303019903445
2012-05-20 23:00:00,0.06533721331467668
2012-05-21 00:00:00,0.0
2012-05-21 01:00:00,0.0
2012-05-21 02:00:00,0.05306510206449298
2012-05-21 03:00:00,0.05830967836667575
2012-05-21 04:00:00,0.04894279027706989
2012-05-21 05:00:00,0.0
2012-05-21 06:00:00,0.0
2012-05-21 07:00:00,0.09716703801462076
2012-05-21 08:00:00,0.09843995256678552
2012-05-21 09:00:00,0.0835948727795356
2012-05-21 10:00:00,0.16115326965162954
2012-05-21 11:00:00,0.2935691429861554
2012-05-21 12:00:00,0.3029376752167945
2012-05-21 13:00:00,0.44429619434809053
2012-05-21 14:00:00,0.40288285337432844
2012-05-21 15:00:00,0.4968705789621836
2012-05-21 16:00:00,0.573894720840516
2012-05-21 17:00:00,0.41610915839441626
2012-05-21 18:00:00,0.5564741243222076
2012-05-21 19:00:00,0.7609762876254456
2012-05-21 20:00:00,0.666468713742284
2012-05-21 21:00:00,0.6528368259826044
2012-05-21 22:00:00,0.672204213511628
2012-05-21 23:00:00,0.7760695966464207
2012-05-22 00:00:00,1.352383065445347
2012-05-22 01:00:00,1.2963423849347948
2012-05-22 02:00:00,1.1506699551837807
2012-05-22 03:00:00,0.936684954662755
2012-05-22 04:00:00,0.7622265222403387
2012-05-22 05:00:00,0.6990115735585043
2012-05-22 06:00:00,0.11318309199126793
2012-05-22 07:00:00,0.1285640672946056
2012-05-22 08:00:00,0.17158125649102515
2012-05-22 09:00:00,0.21187358402455705
2012-05-22 10:00:00,0.19883096047911222
2012-05-22 11:00:00,0.1932660448341542
2012-05-22 12:00:00,0.17484199033557632
2012-05-22 13:00:00,0.15675442746785528
2012-05-22 14:00:00,0.132420736003919
2012-05-22 15:00:00,0.11816529552865301
2012-05-22 16:00:00,0.11213402781477876
2012-05-22 17:00:00,0.08886072633309508
2012-05-22 18:00:00,0.15982509007380716
2012-05-22 19:00:00,0.18535846118674204
2012-05-22 20:00:00,0.09341422770783056
2012-05-22 21:00:00,0.09972393587169856
2012-05-22 22:00:00,0.08503613222484444
2012-05-22 23:00:00,0.06269845917099864
2012-05-23 00:00:00,0.04995258249285329
2012-05-23 01:00:00,0.0
2012-05-23 02:00:00,0.0
2012-05-23 03:00:00,0.0
2012-05-23 04:00:00,0.0
2012-05-23 05:00:00,0.0
2012-05-23 06:00:00,0.0
2012-05-23 07:00:00,0.0
2012-05-23 08:00:00,0.0
2012-05-23 09:00:00,0.0
2012-05-23 10:00:00,0.0
2012-05-23 11:00:00,0.0
2012-05-23 12:00:00,0.0
2012-05-23 13:00:00,0.0
2012-05-23 14:00:00,0.04715962835971689
2012-05-23 15:00:00,0.043724296745035134
2012-05-23 16:00:00,0.07502099536317293
2012-05-23 17:00:00,0.07690315588366545
2012-05-23 18:00:00,0.24724322527723497
2012-05-23 19:00:00,0.5178489647807437
2012-05-23 20:00:00,1.0750212901389384
2012-05-23 21:00:00,0.9167359526175771
2012-05-23 22:00:00,1.034634620779682
2012-05-23 23:00:00,0.9124983509306522
2012-05-24 00:00:00,0.9054647359301434
2012-05-24 01:00:00,0.8384384426008139
2012-05-24 02:00:00,0.8451209706000884
2012-05-24 03:00:00,0.9482132563098548
2012-05-24 04:00:00,1.0269858005482984
2012-05-24 05:00:00,0.9381208536792157
2012-05-24 06:00:00,0.38357359389250684
2012-05-24 07:00:00,0.192265532357003
2012-05-24 08:00:00,0.2876497063113326
2012-05-24 09:00:00,0.49781162147556723
2012-05-24 10:00:00,0.6405053775377835
2012-05-24 11:00:00,0.86130370274312
2012-05-24 12:00:00,1.0469515710600963
2012-05-24 13:00:00,1.4213565540823665
2012-05-24 14:00:00,1.5
2012-05-24 15:00:00,1.5
2012-05-24 16:00:00,1.4653919089341485
2012-05-24 17:00:00,1.4423051994909815
2012-05-24 18:00:00,1.121292584706041
2012-05-24 19:00:00,1.0987924081016474
2012-05-24 20:00:00,1.0012619249501284
2012-05-24 21:00:00,0.9997622817772158
2012-05-24 22:00:00,1.105190018913209
2012-05-24 23:00:00,0.9863328198978756
2012-05-25 00:00:00,0.7990817155437238
2012-05-25 01:00:00,0.6076655134268993
2012-05-25 02:00:00,0.48474474223291075
2012-05-25 03:00:00,0.5354458760834978
2012-05-25 04:00:00,0.5937907890563613
2012-05-25 05:00:00,0.5948504987216044
2012-05-25 06:00:00,0.2798816475466535
2012-05-25 07:00:00,0.28569439024967264
2012-05-25 08:00:00,0.3187579505044235
2012-05-25 09:00:00,0.32086118535281033
2012-05-25 10:00:00,0.17437366382498062
2012-05-25 11:00:00,0.17204457196522036
2012-05-25 12:00:00,0.18829801240488833
2012-05-25 13:00:00,0.20974955396158862
2012-05-25 14:00:00,0.2519977736799704
2012-05-25 15:00:00,0.2293843309070457
2012-05-25 16:00:00,0.24254886022277608
2012-05-25 17:00:00,0.32015908235187845
2012-05-25 18:00:00,0.256207674036233
2012-05-25 19:00:00,0.8531867581496282
2012-05-25 20:00:00,0.573894720840516
2012-05-25 21:00:00,0.6316352626183972
2012-05-25 22:00:00,0.5534369769372506
2012-05-25 23:00:00,0.5091969657086994
2012-05-26 00:00:00,0.3520318578654381
2012-05-26 01:00:00,0.35578216589838657
2012-05-26 02:00:00,0.393149197051296
2012-05-26 03:00:00,0.6098190808778436
2012-05-26 04:00:00,0.5015876733679894
2012-05-26 05:00:00,0.5718266337493365
2012-05-26 06:00:00,0.23107373410971305
2012-05-26 07:00:00,0.059216030327826186
2012-05-26 08:00:00,0.08416940598425315
2012-05-26 09:00:00,0.12034451911661033
2012-05-26 10:00:00,0.1351657980407458
2012-05-26 11:00:00,0.1285640672946056
2012-05-26 12:00:00,0.14777891894048645
2012-05-26 13:00:00,0.1207103076785696
2012-05-26 14:00:00,0.14117527389808088
2012-05-26 15:00:00,0.1589437037004527
2012-05-26 16:00:00,0.1343776612673673
2012-05-26 17:00:00,0.16293559390058876
2012-05-26 18:00:00,0.2635332701910523
2012-05-26 19:00:00,0.4086343238724641
2012-05-26 20:00:00,0.36719271243269824
2012-05-26 21:00:00,0.37963009928815433
2012-05-26 22:00:00,0.5354458760834978
2012-05-26 23:00:00,0.3875443036728875
2012-05-27 00:00:00,0.33079866824554827
2012-05-27 01:00:00,0.3372941674657462
2012-05-27 02:00:00,0.5044322091816846
2012-05-27 03:00:00,0.530518491098135
2012-05-27 04:00:00,0.41694527835570666
2012-05-27 05:00:00,0.47372824262260965
2012-05-27 06:00:00,0.13009761863023414
2012-05-27 07:00:00,0.0511825504740249
2012-05-27 08:00:00,0.06656072514732687
2012-05-27 09:00:00,0.09972393587169856
2012-05-27 10:00:00,0.11109146608131042
2012-05-27 11:00:00,0.07964617734381367
2012-05-27 12:00:00,0.07448893355571934
2012-05-27 13:00:00,0.06930601603620701
2012-05-27 14:00:00,0.08886072633309508
2012-05-27 15:00:00,0.06175682106827448
2012-05-27 16:00:00,0.06082465848873633
2012-05-27 17:00:00,0.09527831528004234
2012-05-27 18:00:00,0.20398176883266608
2012-05-27 19:00:00,0.23277141192380982
2012-05-27 20:00:00,0.268493767473048
2012-05-27 21:00:00,0.5780458420317933
2012-05-27 22:00:00,0.6896079573347794
2012-05-27 23:00:00,0.6676131932527939
2012-05-28 00:00:00,0.6966527063495546
2012-05-28 01:00:00,0.5034828388993065
2012-05-28 02:00:00,0.3588015176029266
2012-05-28 03:00:00,0.3180589201605044
2012-05-28 04:00:00,0.12107683670295225
2012-05-28 05:00:00,0.12329160248723445
2012-05-28 06:00:00,0.0
2012-05-28 07:00:00,0.0
2012-05-28 08:00:00,0.05696756514281568
2012-05-28 09:00:00,0.10069421604425131
2012-05-28 10:00:00,0.28634517448786273
2012-05-28 11:00:00,0.26662635231211934
2012-05-28 12:00:00,0.24488854378981026
2012-05-28 13:00:00,0.28634517448786273
2012-05-28 14:00:00,0.3009135994700935
2012-05-28 15:00:00,0.3520318578654381
2012-05-28 16:00:00,0.3111247428745724
2012-05-28 17:00:00,0.22770318210095922
2012-05-28 18:00:00,0.33223483991290104
2012-05-28 19:00:00,0.3625996674446288
2012-05-28 20:00:00,0.7622265222403387
2012-05-28 21:00:00,1.1067932923852901
2012-05-28 22:00:00,0.8722061526723259
2012-05-28 23:00:00,0.8304660229455502
2012-05-29 00:00:00,0.21778849956110463
2012-05-29 01:00:00,0.21454872414732154
2012-05-29 02:00:00,0.5885111154093099
2012-05-29 03:00:00,0.1762519996212162
2012-05-29 04:00:00,0.28374795524490537
2012-05-29 05:00:00,0.11530080853270355
2012-05-29 06:00:00,0.060593092779113816
2012-05-29 07:00:00,0.3664245270911397
2012-05-29 08:00:00,0.40370116629994746
2012-05-29 09:00:00,0.13164331684387864
2012-05-29 10:00:00,0.08302296001817701
2012-05-29 11:00:00,0.0
2012-05-29 12:00:00,0.0
2012-05-29 13:00:00,0.0
2012-05-29 14:00:00,0.0
2012-05-29 15:00:00,0.0
2012-05-29 16:00:00,0.06582480245483804
2012-05-29 17:00:00,0.0682991648313535
2012-05-29 18:00:00,0.047552078185891404
2012-05-29 19:00:00,0.07290785386627596
2012-05-29 20:00:00,0.07160750689085035
2012-05-29 21:00:00,0.09096681946127146
2012-05-29 22:00:00,0.055210336755122255
2012-05-29 23:00:00,0.047946699236563355
2012-05-30 00:00:00,0.04542031244934422
2012-05-30 01:00:00,0.0
2012-05-30 02:00:00,0.08915958502817586
2012-05-30 03:00:00,0.0
2012-05-30 04:00:00,0.0
2012-05-30 05:00:00,0.11040002741136831
2012-05-30 06:00:00,0.0
2012-05-30 07:00:00,0.09875990882569836
2012-05-30 08:00:00,0.3542788629643656
2012-05-30 09:00:00,0.2995692369075673
2012-05-30 10:00:00,0.3265149980413251
2012-05-30 11:00:00,0.14321731490531894
2012-05-30 12:00:00,0.09434320220606497
2012-05-30 13:00:00,0.0
2012-05-30 14:00:00,0.0
2012-05-30 15:00:00,0.0
2012-05-30 16:00:00,0.08273798443201204
2012-05-30 17:00:00,0.09066393351909703
2012-05-30 18:00:00,0.11388609055991362
2012-05-30 19:00:00,0.28439578137689214
2012-05-30 20:00:00,0.31736091253819354
2012-05-30 21:00:00,0.7001930013203758
2012-05-30 22:00:00,1.1572671868782396
2012-05-30 23:00:00,1.2981255241416385
2012-05-31 00:00:00,1.233231573171178
2012-05-31 01:00:00,1.0640464374845076
2012-05-31 02:00:00,0.9381208536792157
2012-05-31 03:00:00,0.9082738282508802
2012-05-31 04:00:00,0.721686931168851
2012-05-31 05:00:00,0.46198345579263533
2012-05-31 06:00:00,0.16115326965162954
2012-05-31 07:00:00,0.16518191718511088
2012-05-31 08:00:00,0.2922467614512224
2012-05-31 09:00:00,0.25985326253905716
2012-05-31 10:00:00,0.21833161277646712
2012-05-31 11:00:00,0.14694243648453115
2012-05-31 12:00:00,0.1351657980407458
2012-05-31 13:00:00,0.3152730185139282
2012-05-31 14:00:00,1.1261536729735542
2012-05-31 15:00:00,0.22770318210095922
2012-05-31 16:00:00,0.08216999110522033
2012-05-31 17:00:00,0.0758238292050877
2012-05-31 18:00:00,0.05077034400231998
2012-05-31 19:00:00,0.0
2012-05-31 20:00:00,0.31596796246360337
2012-05-31 21:00:00,0.6438529598630998
2012-05-31 22:00:00,0.6065906336407016
2012-05-31 23:00:00,0.5707944559594188
2012-06-01 00:00:00,0.49875385142414164
2012-06-01 01:00:00,0.4287688253560609
2012-06-01 02:00:00,0.4364864806414283
2012-06-01 03:00:00,0.3772770268777351
2012-06-01 04:00:00,0.44779687058620177
2012-06-01 05:00:00,0.4236745958685518
2012-06-01 06:00:00,0.4460442429483486
2012-06-01 07:00:00,0.5433929959820458
2012-06-01 08:00:00,0.42452081651594387
2012-06-01 09:00:00,0.43821399769361963
2012-06-01 10:00:00,0.5168828289017545
2012-06-01 11:00:00,0.4755526112613482
2012-06-01 12:00:00,0.3610772075722574
2012-06-01 13:00:00,0.3618379036866961
2012-06-01 14:00:00,0.43907946287704025
2012-06-01 15:00:00,0.28634517448786273
2012-06-01 16:00:00,0.3402081399123506
2012-06-01 17:00:00,0.29556018542387336
2012-06-01 18:00:00,0.17531115463934863
2012-06-01 19:00:00,0.08076139361463582
2012-06-01 20:00:00,0.0
2012-06-01 21:00:00,0.0
2012-06-01 22:00:00,0.0
2012-06-01 23:00:00,0.0
2012-06-02 00:00:00,0.0
2012-06-02 01:00:00,0.0
2012-06-02 02:00:00,0.0
2012-06-02 03:00:00,0.0
2012-06-02 04:00:00,0.0
2012-06-02 05:00:00,0.0
2012-06-02 06:00:00,0.0
2012-06-02 07:00:00,0.0
2012-06-02 08:00:00,0.058761689373003405
2012-06-02 09:00:00,0.09940189972945675
2012-06-02 10:00:00,0.13009761863023414
2012-06-02 11:00:00,0.20974955396158862
2012-06-02 12:00:00,0.2188756281730431
2012-06-02 13:00:00,0.20088074814083454
2012-06-02 14:00:00,0.20139538686996034
2012-06-02 15:00:00,0.2792406974580408
2012-06-02 16:00:00,0.1932660448341542
2012-06-02 17:00:00,0.4408138103020212
2012-06-02 18:00:00,0.09157461357919533
2012-06-02 19:00:00,0.09653471654685694
2012-06-02 20:00:00,0.0
2012-06-02 21:00:00,0.05243254463204386
2012-06-02 22:00:00,0.047946699236563355
2012-06-02 23:00:00,0.04954701547592187
2012-06-03 00:00:00,0.11109146608131042
2012-06-03 01:00:00,0.12742184635670512
2012-06-03 02:00:00,0.04335322973666975
2012-06-03 03:00:00,0.0
2012-06-03 04:00:00,0.0
2012-06-03 05:00:00,0.0
2012-06-03 06:00:00,0.0
2012-06-03 07:00:00,0.0
2012-06-03 08:00:00,0.0
2012-06-03 09:00:00,0.0
2012-06-03 10:00:00,0.0
2012-06-03 11:00:00,0.0
2012-06-03 12:00:00,0.0
2012-06-03 13:00:00,0.0
2012-06-03 14:00:00,0.0
2012-06-03 15:00:00,0.055210336755122255
2012-06-03 16:00:00,0.0
2012-06-03 17:00:00,0.0
2012-06-03 18:00:00,0.19126847886508566
2012-06-03 19:00:00,0.2988985597607921
2012-06-03 20:00:00,0.38357359389250684
2012-06-03 21:00:00,0.1932660448341542
2012-06-03 22:00:00,0.0
2012-06-03 23:00:00,0.0
2012-06-04 00:00:00,0.0
2012-06-04 01:00:00,0.0
2012-06-04 02:00:00,0.0
2012-06-04 03:00:00,0.0
2012-06-04 04:00:00,0.0
2012-06-04 05:00:00,0.0
2012-06-04 06:00:00,0.0
2012-06-04 07:00:00,0.0
2012-06-04 08:00:00,0.0
2012-06-04 09:00:00,0.0
2012-06-04 10:00:00,0.0
2012-06-04 11:00:00,0.0
2012-06-04 12:00:00,0.0
2012-06-04 13:00:00,0.0
2012-06-04 14:00:00,0.0
2012-06-04 15:00:00,0.0
2012-06-04 16:00:00,0.0
2012-06-04 17:00:00,0.3138861890463265
2012-06-04 18:00:00,0.3194580043186488
2012-06-04 19:00:00,0.24313237767994136
2012-06-04 20:00:00,0.35502998397877045
2012-06-04 21:00:00,0.809453658961001
2012-06-04 22:00:00,0.5394096789990992
2012-06-04 23:00:00,0.24901910760293683
2012-06-05 00:00:00,0.19077124736684434
2012-06-05 01:00:00,0.2623027666411714
2012-06-05 02:00:00,0.17578115748499598
2012-06-05 03:00:00,0.17343952118852726
2012-06-05 04:00:00,0.21080978559419253
2012-06-05 05:00:00,0.132420736003919
2012-06-05 06:00:00,0.05763601740839597
2012-06-05 07:00:00,0.13477134557193
2012-06-05 08:00:00,0.11961516038516963
2012-06-05 09:00:00,0.14239815208257026
2012-06-05 10:00:00,0.24371683026103674
2012-06-05 11:00:00,0.3250953696072465
2012-06-05 12:00:00,0.30226197804924176
2012-06-05 13:00:00,0.24430221871476046
2012-06-05 14:00:00,0.2586342500076543
2012-06-05 15:00:00,0.35502998397877045
2012-06-05 16:00:00,0.2948955075949941
2012-06-05 17:00:00,0.30769577232375295
2012-06-05 18:00:00,0.24901910760293683
2012-06-05 19:00:00,0.341671398728356
2012-06-05 20:00:00,0.7824169175312163
2012-06-05 21:00:00,1.0285125383568448
2012-06-05 22:00:00,1.0269858005482984
2012-06-05 23:00:00,1.0224146538566814
2012-06-06 00:00:00,1.0484980280792673
2012-06-06 01:00:00,0.9338175537337908
2012-06-06 02:00:00,0.695475265405079
2012-06-06 03:00:00,0.6449714071405834
2012-06-06 04:00:00,0.5236710725739787
2012-06-06 05:00:00,0.40124954650177863
2012-06-06 06:00:00,0.21080978559419253
2012-06-06 07:00:00,0.12034451911661027
2012-06-06 08:00:00,0.1805274704581691
2012-06-06 09:00:00,0.17204457196522027
2012-06-06 10:00:00,0.2460640067986814
2012-06-06 11:00:00,0.22882303181477207
2012-06-06 12:00:00,0.26476761605959565
2012-06-06 13:00:00,0.24547580623488469
2012-06-06 14:00:00,0.23676495275369588
2012-06-06 15:00:00,0.1983207016338864
2012-06-06 16:00:00,0.17814377604578896
2012-06-06 17:00:00,0.17437366382498062
2012-06-06 18:00:00,0.22051309493703375
2012-06-06 19:00:00,0.37963009928815433
2012-06-06 20:00:00,0.5091969657086994
2012-06-06 21:00:00,0.26291753850062816
2012-06-06 22:00:00,0.4020656470245047
2012-06-06 23:00:00,0.4020656470245047
2012-06-07 00:00:00,0.3372941674657462
2012-06-07 01:00:00,0.3542788629643656
2012-06-07 02:00:00,0.3286521803590784
2012-06-07 03:00:00,0.40124954650177863
2012-06-07 04:00:00,0.3490506583188086
2012-06-07 05:00:00,0.3258046683456422
2012-06-07 06:00:00,0.14569364061782542
2012-06-07 07:00:00,0.05586499800165334
2012-06-07 08:00:00,0.08532635768210453
2012-06-07 09:00:00,0.16518191718511088
2012-06-07 10:00:00,0.16518191718511088
2012-06-07 11:00:00,0.12742184635670512
2012-06-07 12:00:00,0.10364277746971289
2012-06-07 13:00:00,0.15806556368207098
2012-06-07 14:00:00,0.14946139531309177
2012-06-07 15:00:00,0.12034451911661027
2012-06-07 16:00:00,0.13477134557192993
2012-06-07 17:00:00,0.16070972879171913
2012-06-07 18:00:00,0.2260302674766047
2012-06-07 19:00:00,0.23447738456418485
2012-06-07 20:00:00,0.18633488654853755
2012-06-07 21:00:00,0.20346273150218763
2012-06-07 22:00:00,0.1481983479780037
2012-06-07 23:00:00,0.14946139531309177
2012-06-08 00:00:00,0.06341093488500958
2012-06-08 01:00:00,0.0
2012-06-08 02:00:00,0.04599524633232969
2012-06-08 03:00:00,0.05056507331875757
2012-06-08 04:00:00,0.06175682106827448
2012-06-08 05:00:00,0.04447277073729832
2012-06-08 06:00:00,0.0
2012-06-08 07:00:00,0.0
2012-06-08 08:00:00,0.0
2012-06-08 09:00:00,0.06013172604129659
2012-06-08 10:00:00,0.08302296001817701
2012-06-08 11:00:00,0.09006018012483266
2012-06-08 12:00:00,0.08620099466684743
2012-06-08 13:00:00,0.062226452684445904
2012-06-08 14:00:00,0.07032271411850545
2012-06-08 15:00:00,0.10037009328039771
2012-06-08 16:00:00,0.08104181487024287
2012-06-08 17:00:00,0.10167076955820543
2012-06-08 18:00:00,0.1571906640290771
2012-06-08 19:00:00,0.16744879223254833
2012-06-08 20:00:00,0.26353327019105244
2012-06-08 21:00:00,0.155017552188514
2012-06-08 22:00:00,0.11530080853270355
2012-06-08 23:00:00,0.1010190358460384
2012-06-09 00:00:00,0.11888875451904549
2012-06-09 01:00:00,0.14239815208257026
2012-06-09 02:00:00,0.17672368179670755
2012-06-09 03:00:00,0.2502077409601301
2012-06-09 04:00:00,0.18487153027699582
2012-06-09 05:00:00,0.2134759825181219
2012-06-09 06:00:00,0.09527831528004234
2012-06-09 07:00:00,0.0
2012-06-09 08:00:00,0.046575011564170966
2012-06-09 09:00:00,0.08048161998288747
2012-06-09 10:00:00,0.11925158871829204
2012-06-09 11:00:00,0.546393318650828
2012-06-09 12:00:00,0.2227090599136963
2012-06-09 13:00:00,0.24371683026103674
2012-06-09 14:00:00,0.10936825816104831
2012-06-09 15:00:00,0.16026700251534448
2012-06-09 16:00:00,0.3996206599428263
2012-06-09 17:00:00,0.2227090599136963
2012-06-09 18:00:00,0.06485203797719792
2012-06-09 19:00:00,0.10564012132501105
2012-06-09 20:00:00,0.3867479800105405
2012-06-09 21:00:00,0.6184842322046726
2012-06-09 22:00:00,0.43562442727526135
2012-06-09 23:00:00,0.1810067466785147
2012-06-10 00:00:00,0.13009761863023414
2012-06-10 01:00:00,0.050360356671791055
2012-06-10 02:00:00,0.09218510899987327
2012-06-10 03:00:00,0.10037009328039771
2012-06-10 04:00:00,0.14861856988681169
2012-06-10 05:00:00,0.28439578137689214
2012-06-10 06:00:00,0.11780466924011086
2012-06-10 07:00:00,0.19527747070249732
2012-06-10 08:00:00,0.09096681946127146
2012-06-10 09:00:00,0.15458534736657453
2012-06-10 10:00:00,0.15329355451653678
2012-06-10 11:00:00,0.11636950132734757
2012-06-10 12:00:00,0.16159762584377357
2012-06-10 13:00:00,0.5044322091816846
2012-06-10 14:00:00,0.09341422770783056
2012-06-10 15:00:00,0.18293233430939915
2012-06-10 16:00:00,0.15286456160945724
2012-06-10 17:00:00,0.14652538156869707
2012-06-10 18:00:00,0.2243655668191333
2012-06-10 19:00:00,0.43907946287704025
2012-06-10 20:00:00,0.41444027338803263
2012-06-10 21:00:00,0.3453478888718822
2012-06-10 22:00:00,0.3015872863832409
2012-06-10 23:00:00,0.2232603197131128
2012-06-11 00:00:00,0.21080978559419253
2012-06-11 01:00:00,0.2460640067986814
2012-06-11 02:00:00,0.19985410235641332
2012-06-11 03:00:00,0.16338321890864865
2012-06-11 04:00:00,0.10834293744748572
2012-06-11 05:00:00,0.07528797374434842
2012-06-11 06:00:00,0.0
2012-06-11 07:00:00,0.04580306588639246
2012-06-11 08:00:00,0.047552078185891404
2012-06-11 09:00:00,0.05876168937300339
2012-06-11 10:00:00,0.05542798566441434
2012-06-11 11:00:00,0.06105681342376553
2012-06-11 12:00:00,0.41028759627731487
2012-06-11 13:00:00,0.2935691429861554
2012-06-11 14:00:00,0.09465422350182187
2012-06-11 15:00:00,0.08445765712461689
2012-06-11 16:00:00,0.20036698688588495
2012-06-11 17:00:00,0.1090257690840407
2012-06-11 18:00:00,0.05763601740839597
2012-06-11 19:00:00,0.14076920912169427
2012-06-11 20:00:00,0.11565630923403553
2012-06-11 21:00:00,0.2754155359614113
2012-06-11 22:00:00,0.2666263523121195
2012-06-11 23:00:00,0.33151623560578863
2012-06-12 00:00:00,0.26476761605959576
2012-06-12 01:00:00,0.19628839607285892
2012-06-12 02:00:00,0.14362807177271428
2012-06-12 03:00:00,0.16026700251534448
2012-06-12 04:00:00,0.16836131770868643
2012-06-12 05:00:00,0.22051309493703375
2012-06-12 06:00:00,0.2243655668191333
2012-06-12 07:00:00,0.21454872414732154
2012-06-12 08:00:00,0.28374795524490537
2012-06-12 09:00:00,0.22270905991369644
2012-06-12 10:00:00,0.23676495275369597
2012-06-12 11:00:00,0.23791429518316495
2012-06-12 12:00:00,0.2484262052150559
2012-06-12 13:00:00,0.24901910760293683
2012-06-12 14:00:00,0.25379632358942544
2012-06-12 15:00:00,0.3083795404568513
2012-06-12 16:00:00,0.44691998401322675
2012-06-12 17:00:00,0.3535288021064741
2012-06-12 18:00:00,0.30565053387648483
2012-06-12 19:00:00,0.7436162888598138
2012-06-12 20:00:00,0.936684954662755
2012-06-12 21:00:00,1.1359179570385658
2012-06-12 22:00:00,1.3016967065278986
2012-06-12 23:00:00,1.332316560099509
2012-06-13 00:00:00,1.1973807870724738
2012-06-13 01:00:00,1.2662783573475447
2012-06-13 02:00:00,1.321455337480887
2012-06-13 03:00:00,1.248812696815226
2012-06-13 04:00:00,1.0042657087254558
2012-06-13 05:00:00,0.6653255429560573
2012-06-13 06:00:00,0.17719620476016804
2012-06-13 07:00:00,0.06509432429495104
2012-06-13 08:00:00,0.05097616947117639
2012-06-13 09:00:00,0.06364962071358743
2012-06-13 10:00:00,0.05898856823250384
2012-06-13 11:00:00,0.0
2012-06-13 12:00:00,0.0
2012-06-13 13:00:00,0.048542714960720774
2012-06-13 14:00:00,0.04657501156417099
2012-06-13 15:00:00,0.05243254463204386
2012-06-13 16:00:00,0.07006761383272703
2012-06-13 17:00:00,0.07609270778204756
2012-06-13 18:00:00,0.09653471654685694
2012-06-13 19:00:00,0.17909471946766387
2012-06-13 20:00:00,0.19027487836881735
2012-06-13 21:00:00,0.19077124736684434
2012-06-13 22:00:00,0.19527747070249732
2012-06-13 23:00:00,0.1927653558480753
2012-06-14 00:00:00,0.3687323025176559
2012-06-14 01:00:00,0.3111247428745724
2012-06-14 02:00:00,0.18731473495805806
2012-06-14 03:00:00,0.20711454031363097
2012-06-14 04:00:00,0.2876497063113326
2012-06-14 05:00:00,0.31596796246360337
2012-06-14 06:00:00,0.0
2012-06-14 07:00:00,0.0
2012-06-14 08:00:00,0.0
2012-06-14 09:00:00,0.0
2012-06-14 10:00:00,0.0
2012-06-14 11:00:00,0.0
2012-06-14 12:00:00,0.04503969729407688
2012-06-14 13:00:00,0.0
2012-06-14 14:00:00,0.05222281470258259
2012-06-14 15:00:00,0.05413063485401214
2012-06-14 16:00:00,0.07369556700131145
2012-06-14 17:00:00,0.08245366171059255
2012-06-14 18:00:00,0.18535846118674204
2012-06-14 19:00:00,0.43907946287704025
2012-06-14 20:00:00,0.5139916327249116
2012-06-14 21:00:00,0.6978314754844633
2012-06-14 22:00:00,0.464676357779619
2012-06-14 23:00:00,0.466477426933406
2012-06-15 00:00:00,0.2134759825181219
2012-06-15 01:00:00,0.13009761863023414
2012-06-15 02:00:00,0.13675130453250361
2012-06-15 03:00:00,0.23333914682497311
2012-06-15 04:00:00,0.07609270778204756
2012-06-15 05:00:00,0.2316387063148778
2012-06-15 06:00:00,0.05741262224116674
2012-06-15 07:00:00,0.0
2012-06-15 08:00:00,0.0
2012-06-15 09:00:00,0.0
2012-06-15 10:00:00,0.0
2012-06-15 11:00:00,0.0
2012-06-15 12:00:00,0.0
2012-06-15 13:00:00,0.06082465848873633
2012-06-15 14:00:00,0.11961516038516963
2012-06-15 15:00:00,0.14445194016303753
2012-06-15 16:00:00,0.16428092690063895
2012-06-15 17:00:00,0.411115902076509
2012-06-15 18:00:00,0.3875443036728875
2012-06-15 19:00:00,0.4792153881256451
2012-06-15 20:00:00,0.6641836801454161
2012-06-15 21:00:00,0.6184842322046729
2012-06-15 22:00:00,0.7522629037942362
2012-06-15 23:00:00,0.6033736010548307
2012-06-16 00:00:00,0.4819747789963247
2012-06-16 01:00:00,0.4773816577658319
2012-06-16 02:00:00,0.40370116629994746
2012-06-16 03:00:00,0.30293767521679454
2012-06-16 04:00:00,0.37027619012972257
2012-06-16 05:00:00,0.18977937112230622
2012-06-16 06:00:00,0.08048161998288747
2012-06-16 07:00:00,0.10463827229696371
2012-06-16 08:00:00,0.10732404505583172
2012-06-16 09:00:00,0.11178578574155114
2012-06-16 10:00:00,0.11852665703873184
2012-06-16 11:00:00,0.1218121191337805
2012-06-16 12:00:00,0.12144410693845654
2012-06-16 13:00:00,0.3180589201605044
2012-06-16 14:00:00,0.2735161251870697
2012-06-16 15:00:00,0.14158211881789032
2012-06-16 16:00:00,0.546393318650828
2012-06-16 17:00:00,0.7875196205342837
2012-06-16 18:00:00,0.17719620476016804
2012-06-16 19:00:00,0.32226846925257385
2012-06-16 20:00:00,0.3772770268777351
2012-06-16 21:00:00,0.33367516236253464
2012-06-16 22:00:00,0.544391879916041
2012-06-16 23:00:00,0.49593072313529263
2012-06-17 00:00:00,0.5423953346720523
2012-06-17 01:00:00,0.5226977065174134
2012-06-17 02:00:00,0.5453919872227359
2012-06-17 03:00:00,0.7423864937031206
2012-06-17 04:00:00,0.672204213511628
2012-06-17 05:00:00,0.5494046651504725
2012-06-17 06:00:00,0.1207103076785696
2012-06-17 07:00:00,0.30975011419125
2012-06-17 08:00:00,0.34682583789335814
2012-06-17 09:00:00,0.42706623770459057
2012-06-17 10:00:00,0.6349518937641533
2012-06-17 11:00:00,0.37571372627256727
2012-06-17 12:00:00,0.32367986200752435
2012-06-17 13:00:00,0.4637775643001628
2012-06-17 14:00:00,1.094010436260029
2012-06-17 15:00:00,0.28310111365092355
2012-06-17 16:00:00,0.10597548653957266
2012-06-17 17:00:00,0.16836131770868643
2012-06-17 18:00:00,0.08188697186719739
2012-06-17 19:00:00,0.5843099811847808
2012-06-17 20:00:00,0.8956785321059996
2012-06-17 21:00:00,1.0813263843259664
2012-06-17 22:00:00,1.0908301753575507
2012-06-17 23:00:00,0.9309560106187805
2012-06-18 00:00:00,0.7735403115240637
2012-06-18 01:00:00,0.8317912344345276
2012-06-18 02:00:00,0.9409970525595837
2012-06-18 03:00:00,0.8278198241222888
2012-06-18 04:00:00,0.9238277414606556
2012-06-18 05:00:00,0.7411580551873895
2012-06-18 06:00:00,0.4399460668302746
2012-06-18 07:00:00,0.3402081399123504
2012-06-18 08:00:00,0.4903164666631966
2012-06-18 09:00:00,0.5217255473621891
2012-06-18 10:00:00,0.49687057896218384
2012-06-18 11:00:00,0.464676357779619
2012-06-18 12:00:00,0.4828969243695998
2012-06-18 13:00:00,0.5217255473621891
2012-06-18 14:00:00,0.7228937652521344
2012-06-18 15:00:00,0.7811446951504472
2012-06-18 16:00:00,0.6872703052352634
2012-06-18 17:00:00,0.8818209375736991
2012-06-18 18:00:00,0.8437816349214056
2012-06-18 19:00:00,1.1672102398352948
2012-06-18 20:00:00,1.305274432535574
2012-06-18 21:00:00,1.129402191184647
2012-06-18 22:00:00,1.1539654279963762
2012-06-18 23:00:00,0.9907958575782749
2012-06-19 00:00:00,0.8887317286504833
2012-06-19 01:00:00,0.7423864937031206
2012-06-19 02:00:00,0.8003733344462356
2012-06-19 03:00:00,0.7085002898033597
2012-06-19 04:00:00,0.6141414682574784
2012-06-19 05:00:00,0.49311826828659394
2012-06-19 06:00:00,0.15458534736657453
2012-06-19 07:00:00,0.10298263438045784
2012-06-19 08:00:00,0.2216092640785606
2012-06-19 09:00:00,0.20088074814083454
2012-06-19 10:00:00,0.2508034734268388
2012-06-19 11:00:00,0.2413846276854434
2012-06-19 12:00:00,0.2519977736799704
2012-06-19 13:00:00,0.24313237767994136
2012-06-19 14:00:00,0.4451696466428693
2012-06-19 15:00:00,0.3424045989049778
2012-06-19 16:00:00,0.4020656470245047
2012-06-19 17:00:00,0.43476350968411576
2012-06-19 18:00:00,0.470093514984027
2012-06-19 19:00:00,0.7411580551873895
2012-06-19 20:00:00,1.0027630670166428
2012-06-19 21:00:00,1.005769850825267
2012-06-19 22:00:00,0.9554662585718668
2012-06-19 23:00:00,0.7735403115240637
2012-06-20 00:00:00,0.839772119619237
2012-06-20 01:00:00,0.7411580551873895
2012-06-20 02:00:00,0.6619038754560965
2012-06-20 03:00:00,0.4434238853153145
2012-06-20 04:00:00,0.38278272075234654
2012-06-20 05:00:00,0.2703698817572303
2012-06-20 06:00:00,0.08886072633309508
2012-06-20 07:00:00,0.0
2012-06-20 08:00:00,0.055210336755122276
2012-06-20 09:00:00,0.22994654715449503
2012-06-20 10:00:00,0.18928472487861311
2012-06-20 11:00:00,0.17158125649102515
2012-06-20 12:00:00,0.14652538156869707
2012-06-20 13:00:00,0.15415394664639726
2012-06-20 14:00:00,0.15200897836750948
2012-06-20 15:00:00,0.16699376858983891
2012-06-20 16:00:00,0.20502249014141535
2012-06-20 17:00:00,0.5770061914861135
2012-06-20 18:00:00,0.2766866825877898
2012-06-20 19:00:00,0.5433929959820458
2012-06-20 20:00:00,0.8845809385085497
2012-06-20 21:00:00,0.9309560106187805
2012-06-20 22:00:00,0.8424437150308348
2012-06-20 23:00:00,0.7559890203932269
2012-06-21 00:00:00,0.7325969086335626
2012-06-21 01:00:00,0.5483996568659986
2012-06-21 02:00:00,0.46737970410513335
2012-06-21 03:00:00,0.3955677431107844
2012-06-21 04:00:00,0.3610772075722574
2012-06-21 05:00:00,0.20711454031363097
2012-06-21 06:00:00,0.0
2012-06-21 07:00:00,0.0
2012-06-21 08:00:00,0.05391639776197344
2012-06-21 09:00:00,0.10298263438045788
2012-06-21 10:00:00,0.10530546437885435
2012-06-21 11:00:00,0.10037009328039771
2012-06-21 12:00:00,0.09096681946127146
2012-06-21 13:00:00,0.09908055763035607
2012-06-21 14:00:00,0.10868399576241926
2012-06-21 15:00:00,0.11459199407719721
2012-06-21 16:00:00,0.07160750689085035
2012-06-21 17:00:00,0.06269845917099866
2012-06-21 18:00:00,0.10497151495240467
2012-06-21 19:00:00,0.530518491098135
2012-06-21 20:00:00,0.6316352626183972
2012-06-21 21:00:00,0.45574052114252556
2012-06-21 22:00:00,0.2282626491289759
2012-06-21 23:00:00,0.09908055763035613
2012-06-22 00:00:00,0.1207103076785696
2012-06-22 01:00:00,0.07964617734381367
2012-06-22 02:00:00,0.09653471654685694
2012-06-22 03:00:00,0.17909471946766387
2012-06-22 04:00:00,0.1776695692602958
2012-06-22 05:00:00,0.11780466924011092
2012-06-22 06:00:00,0.07475464888319587
2012-06-22 07:00:00,0.13398474437835983
2012-06-22 08:00:00,0.15588437713247175
2012-06-22 09:00:00,0.11961516038516963
2012-06-22 10:00:00,0.09527831528004234
2012-06-22 11:00:00,0.059444076407668536
2012-06-22 12:00:00,0.05564620583035866
2012-06-22 13:00:00,0.0
2012-06-22 14:00:00,0.07160750689085035
2012-06-22 15:00:00,0.07032271411850545
2012-06-22 16:00:00,0.08737644669481304
2012-06-22 17:00:00,0.0835948727795356
2012-06-22 18:00:00,0.132420736003919
2012-06-22 19:00:00,0.15073159870464414
2012-06-22 20:00:00,0.15200897836750948
2012-06-22 21:00:00,0.20974955396158862
2012-06-22 22:00:00,0.26291753850062816
2012-06-22 23:00:00,0.39395428048144293
2012-06-23 00:00:00,0.4637775643001629
2012-06-23 01:00:00,0.5625817129480439
2012-06-23 02:00:00,0.5853583840112797
2012-06-23 03:00:00,0.544391879916041
2012-06-23 04:00:00,0.3851586067426491
2012-06-23 05:00:00,0.44168269404097804
2012-06-23 06:00:00,0.10199768496598159
2012-06-23 07:00:00,0.04280057486312223
2012-06-23 08:00:00,0.0
2012-06-23 09:00:00,0.05990192351570564
2012-06-23 10:00:00,0.0
2012-06-23 11:00:00,0.0
2012-06-23 12:00:00,0.0
2012-06-23 13:00:00,0.0
2012-06-23 14:00:00,0.0
2012-06-23 15:00:00,0.0
2012-06-23 16:00:00,0.0
2012-06-23 17:00:00,0.0
2012-06-23 18:00:00,0.04599524633232969
2012-06-23 19:00:00,0.0
2012-06-23 20:00:00,0.0
2012-06-23 21:00:00,0.0
2012-06-23 22:00:00,0.0
2012-06-23 23:00:00,0.057189805068872675
2012-06-24 00:00:00,0.04391062162311222
2012-06-24 01:00:00,0.08302296001817701
2012-06-24 02:00:00,0.08302296001817701
2012-06-24 03:00:00,0.0
2012-06-24 04:00:00,0.0
2012-06-24 05:00:00,0.050360356671791055
2012-06-24 06:00:00,0.0
2012-06-24 07:00:00,0.0
2012-06-24 08:00:00,0.0
2012-06-24 09:00:00,0.0
2012-06-24 10:00:00,0.0
2012-06-24 11:00:00,0.0
2012-06-24 12:00:00,0.0
2012-06-24 13:00:00,0.0
2012-06-24 14:00:00,0.0
2012-06-24 15:00:00,0.0
2012-06-24 16:00:00,0.0
2012-06-24 17:00:00,0.0
2012-06-24 18:00:00,0.05586499800165334
2012-06-24 19:00:00,0.06705437499862846
2012-06-24 20:00:00,0.08649386302840957
2012-06-24 21:00:00,0.09653471654685694
2012-06-24 22:00:00,0.08020249322629969
2012-06-24 23:00:00,0.059216030327826207
2012-06-25 00:00:00,0.0
2012-06-25 01:00:00,0.0
2012-06-25 02:00:00,0.0
2012-06-25 03:00:00,0.0
2012-06-25 04:00:00,0.0
2012-06-25 05:00:00,0.0
2012-06-25 06:00:00,0.0
2012-06-25 07:00:00,0.0
2012-06-25 08:00:00,0.0
2012-06-25 09:00:00,0.0
2012-06-25 10:00:00,0.0
2012-06-25 11:00:00,0.07448893355571934
2012-06-25 12:00:00,0.16473101138196558
2012-06-25 13:00:00,0.37493369802442245
2012-06-25 14:00:00,0.4801340116230457
2012-06-25 15:00:00,0.42452081651594387
2012-06-25 16:00:00,0.4782979370894731
2012-06-25 17:00:00,0.6687589822362848
2012-06-25 18:00:00,0.6802890577987555
2012-06-25 19:00:00,1.0500460072016813
2012-06-25 20:00:00,1.446136021394832
2012-06-25 21:00:00,1.5
2012-06-25 22:00:00,1.3196508925721386
2012-06-25 23:00:00,1.229786794234272
2012-06-26 00:00:00,1.5
2012-06-26 01:00:00,1.5
2012-06-26 02:00:00,1.4308533371749266
2012-06-26 03:00:00,1.5
2012-06-26 04:00:00,1.4750836230646924
2012-06-26 05:00:00,0.9878190067197905
2012-06-26 06:00:00,0.4566289039748654
2012-06-26 07:00:00,0.27162546744224525
2012-06-26 08:00:00,0.20346273150218763
2012-06-26 09:00:00,0.3300821370834819
2012-06-26 10:00:00,0.21833161277646712
2012-06-26 11:00:00,0.1927653558480753
2012-06-26 12:00:00,0.21080978559419253
2012-06-26 13:00:00,0.24430221871476046
2012-06-26 14:00:00,0.23906735115522257
2012-06-26 15:00:00,0.2703698817572303
2012-06-26 16:00:00,0.25681288876441044
2012-06-26 17:00:00,0.22215870828507842
2012-06-26 18:00:00,0.27605062149778686
2012-06-26 19:00:00,0.4004345510574518
2012-06-26 20:00:00,0.5111112380155938
2012-06-26 21:00:00,0.48289692436959963
2012-06-26 22:00:00,0.4682831440050138
2012-06-26 23:00:00,0.3387490648213422
2012-06-27 00:00:00,0.4339037271192937
2012-06-27 01:00:00,0.24961295260172897
2012-06-27 02:00:00,0.30565053387648483
2012-06-27 03:00:00,0.21027922430251955
2012-06-27 04:00:00,0.2113412385853058
2012-06-27 05:00:00,0.23504788889962958
2012-06-27 06:00:00,0.05808454472245238
2012-06-27 07:00:00,0.0
2012-06-27 08:00:00,0.044661214431005646
2012-06-27 09:00:00,0.09372320505776743
2012-06-27 10:00:00,0.047355582244091025
2012-06-27 11:00:00,0.0
2012-06-27 12:00:00,0.047355582244091025
2012-06-27 13:00:00,0.0
2012-06-27 14:00:00,0.04280057486312223
2012-06-27 15:00:00,0.04715962835971689
2012-06-27 16:00:00,0.0
2012-06-27 17:00:00,0.07369556700131145
2012-06-27 18:00:00,0.14777891894048636
2012-06-27 19:00:00,0.24783424468938803
2012-06-27 20:00:00,0.27162546744224525
2012-06-27 21:00:00,0.3875443036728875
2012-06-27 22:00:00,0.6239414146848611
2012-06-27 23:00:00,0.7313792962923948
2012-06-28 00:00:00,0.6907787685575566
2012-06-28 01:00:00,0.6699060814414552
2012-06-28 02:00:00,0.7241019439972098
2012-06-28 03:00:00,0.6528368259826044
2012-06-28 04:00:00,0.5044322091816846
2012-06-28 05:00:00,0.5188163038175838
2012-06-28 06:00:00,0.20191090382196045
2012-06-28 07:00:00,0.07186632895489661
2012-06-28 08:00:00,0.08076139361463577
2012-06-28 09:00:00,0.13794853681218786
2012-06-28 10:00:00,0.16383166299243251
2012-06-28 11:00:00,0.18293233430939915
2012-06-28 12:00:00,0.18829801240488833
2012-06-28 13:00:00,0.21833161277646712
2012-06-28 14:00:00,0.2227090599136963
2012-06-28 15:00:00,0.26974354251208893
2012-06-28 16:00:00,0.2766866825877898
2012-06-28 17:00:00,0.30769577232375295
2012-06-28 18:00:00,0.4601939802289665
2012-06-28 19:00:00,0.899863939053403
2012-06-28 20:00:00,0.9700830329801651
2012-06-28 21:00:00,1.0208939580418226
2012-06-28 22:00:00,0.8384384426008133
2012-06-28 23:00:00,1.2297867942342726
2012-06-29 00:00:00,0.8956785321059996
2012-06-29 01:00:00,0.6573599288417626
2012-06-29 02:00:00,0.7913611729041241
2012-06-29 03:00:00,0.7849655048393556
2012-06-29 04:00:00,0.7609762876254456
2012-06-29 05:00:00,0.4177825176206607
2012-06-29 06:00:00,0.10069421604425131
2012-06-29 07:00:00,0.0
2012-06-29 08:00:00,0.045229737960836985
2012-06-29 09:00:00,0.07826665554404214
2012-06-29 10:00:00,0.0
2012-06-29 11:00:00,0.0
2012-06-29 12:00:00,0.0
2012-06-29 13:00:00,0.0
2012-06-29 14:00:00,0.0
2012-06-29 15:00:00,0.0511825504740249
2012-06-29 16:00:00,0.04335322973666975
2012-06-29 17:00:00,0.12932932759746027
2012-06-29 18:00:00,0.0
2012-06-29 19:00:00,0.20450168812950925
2012-06-29 20:00:00,0.37027619012972257
2012-06-29 21:00:00,0.2635332701910523
2012-06-29 22:00:00,0.132420736003919
2012-06-29 23:00:00,0.16518191718511088
2012-06-30 00:00:00,0.12553321359068198
2012-06-30 01:00:00,0.20242729974553297
2012-06-30 02:00:00,0.1554505618609137
2012-06-30 03:00:00,0.18293233430939915
2012-06-30 04:00:00,0.25319585935070854
2012-06-30 05:00:00,0.21187358402455705
2012-06-30 06:00:00,0.0
2012-06-30 07:00:00,0.04280057486312223
2012-06-30 08:00:00,0.053489620876494545
2012-06-30 09:00:00,0.07717457853677777
2012-06-30 10:00:00,0.06013172604129659
2012-06-30 11:00:00,0.0
2012-06-30 12:00:00,0.0
2012-06-30 13:00:00,0.049345057781463295
2012-06-30 14:00:00,0.0
2012-06-30 15:00:00,0.055210336755122255
2012-06-30 16:00:00,0.04447277073729832
2012-06-30 17:00:00,0.07264653564275578
2012-06-30 18:00:00,0.09875990882569836
2012-06-30 19:00:00,0.11213402781477876
2012-06-30 20:00:00,0.2172462877782577
2012-06-30 21:00:00,0.22658699202347163
2012-06-30 22:00:00,0.15158238653524506
2012-06-30 23:00:00,0.14861856988681169
2012-07-01 00:00:00,0.11388609055991356
2012-07-01 01:00:00,0.08945911305936027
2012-07-01 02:00:00,0.08474656562191452
2012-07-01 03:00:00,0.056304301355086184
2012-07-01 04:00:00,0.062462158694575574
2012-07-01 05:00:00,0.10134455343445707
2012-07-01 06:00:00,0.04954701547592187
2012-07-01 07:00:00,0.0
2012-07-01 08:00:00,0.0
2012-07-01 09:00:00,0.04774911693381615
2012-07-01 10:00:00,0.06854995710824976
2012-07-01 11:00:00,0.08856253622541992
2012-07-01 12:00:00,0.08737644669481304
2012-07-01 13:00:00,0.07502099536317287
2012-07-01 14:00:00,0.06105681342376553
2012-07-01 15:00:00,0.06485203797719792
2012-07-01 16:00:00,1.5
2012-07-01 17:00:00,1.5
2012-07-01 18:00:00,0.9124983509306522
2012-07-01 19:00:00,0.23390780412219883
2012-07-01 20:00:00,0.1947733122494112
2012-07-01 21:00:00,1.5
2012-07-01 22:00:00,0.5937907890563613
2012-07-01 23:00:00,0.34093924598037956
2012-07-02 00:00:00,0.05391639776197344
2012-07-02 01:00:00,0.0
2012-07-02 02:00:00,0.0
2012-07-02 03:00:00,0.0
2012-07-02 04:00:00,0.07909243997759287
2012-07-02 05:00:00,0.15675442746785528
2012-07-02 06:00:00,0.42791696701195636
2012-07-02 07:00:00,1.1523169062057685
2012-07-02 08:00:00,1.5
2012-07-02 09:00:00,0.5759677882714727
2012-07-02 10:00:00,0.09066393351909703
2012-07-02 11:00:00,0.048542714960720774
2012-07-02 12:00:00,0.0
2012-07-02 13:00:00,0.0931059301757708
2012-07-02 14:00:00,0.1656336450587727
2012-07-02 15:00:00,0.0
2012-07-02 16:00:00,0.3279387532993452
2012-07-02 17:00:00,0.3070130156817911
2012-07-02 18:00:00,0.056304301355086184
2012-07-02 19:00:00,0.0
2012-07-02 20:00:00,0.23333914682497311
2012-07-02 21:00:00,0.0567459017142977
2012-07-02 22:00:00,0.20869288313716045
2012-07-02 23:00:00,0.2610760994203679
2012-07-03 00:00:00,0.29822888437207845
2012-07-03 01:00:00,0.47281781063114914
2012-07-03 02:00:00,0.2741482885547509
2012-07-03 03:00:00,0.21942054649953086
2012-07-03 04:00:00,0.18438545288308655
2012-07-03 05:00:00,0.1262864108697082
2012-07-03 06:00:00,0.05652481403462054
2012-07-03 07:00:00,0.0
2012-07-03 08:00:00,0.04715962835971689
2012-07-03 09:00:00,0.05785999131925848
2012-07-03 10:00:00,0.06880136256889205
2012-07-03 11:00:00,0.06364962071358743
2012-07-03 12:00:00,0.06880136256889205
2012-07-03 13:00:00,0.0511825504740249
2012-07-03 14:00:00,0.09096681946127146
2012-07-03 15:00:00,0.06606950407266997
2012-07-03 16:00:00,0.07057843282891657
2012-07-03 17:00:00,0.132420736003919
2012-07-03 18:00:00,0.7374808719989862
2012-07-03 19:00:00,0.0
2012-07-03 20:00:00,0.0
2012-07-03 21:00:00,0.0
2012-07-03 22:00:00,0.12366333571212808
2012-07-03 23:00:00,0.20606674530520866
2012-07-04 00:00:00,0.06341093488500958
2012-07-04 01:00:00,0.06955926554027594
2012-07-04 02:00:00,0.07663237037263831
2012-07-04 03:00:00,0.06293535486241329
2012-07-04 04:00:00,0.08445765712461684
2012-07-04 05:00:00,0.049143649631412
2012-07-04 06:00:00,0.0450396972940769
2012-07-04 07:00:00,0.05944407640766852
2012-07-04 08:00:00,0.04638121842252083
2012-07-04 09:00:00,0.07663237037263831
2012-07-04 10:00:00,0.05853539300062671
2012-07-04 11:00:00,0.0
2012-07-04 12:00:00,0.0
2012-07-04 13:00:00,0.0
2012-07-04 14:00:00,0.0
2012-07-04 15:00:00,0.3460863374222033
2012-07-04 16:00:00,0.1589437037004527
2012-07-04 17:00:00,0.0
2012-07-04 18:00:00,0.0
2012-07-04 19:00:00,0.0
2012-07-04 20:00:00,0.22215870828507842
2012-07-04 21:00:00,0.16293559390058876
2012-07-04 22:00:00,0.07609270778204756
2012-07-04 23:00:00,0.21294095524226703
2012-07-05 00:00:00,0.2293843309070457
2012-07-05 01:00:00,0.11318309199126793
2012-07-05 02:00:00,0.11143826541329438
2012-07-05 03:00:00,0.1967951644875307
2012-07-05 04:00:00,0.0752879737443485
2012-07-05 05:00:00,0.0
2012-07-05 06:00:00,0.0
2012-07-05 07:00:00,0.0
2012-07-05 08:00:00,0.0
2012-07-05 09:00:00,0.0
2012-07-05 10:00:00,0.0
2012-07-05 11:00:00,0.0
2012-07-05 12:00:00,0.0
2012-07-05 13:00:00,0.0
2012-07-05 14:00:00,0.05542798566441434
2012-07-05 15:00:00,0.11925158871829204
2012-07-05 16:00:00,0.0
2012-07-05 17:00:00,0.26911817133359406
2012-07-05 18:00:00,0.30226197804924176
2012-07-05 19:00:00,0.6449714071405834
2012-07-05 20:00:00,0.2623027666411713
2012-07-05 21:00:00,0.18977937112230622
2012-07-05 22:00:00,0.6954752654050792
2012-07-05 23:00:00,0.0
2012-07-06 00:00:00,0.2741482885547509
2012-07-06 01:00:00,0.311813579693825
2012-07-06 02:00:00,0.12932932759746027
2012-07-06 03:00:00,0.0
2012-07-06 04:00:00,0.0
2012-07-06 05:00:00,0.12440904226663814
2012-07-06 06:00:00,0.09685053325396077
2012-07-06 07:00:00,0.0
2012-07-06 08:00:00,0.0
2012-07-06 09:00:00,0.0
2012-07-06 10:00:00,0.0
2012-07-06 11:00:00,0.0
2012-07-06 12:00:00,0.0
2012-07-06 13:00:00,0.0
2012-07-06 14:00:00,0.09096681946127146
2012-07-06 15:00:00,0.06606950407266997
2012-07-06 16:00:00,0.11143826541329438
2012-07-06 17:00:00,0.0
2012-07-06 18:00:00,0.7849655048393556
2012-07-06 19:00:00,0.24783424468938803
2012-07-06 20:00:00,0.0
2012-07-06 21:00:00,0.0
2012-07-06 22:00:00,0.0
2012-07-06 23:00:00,0.0
2012-07-07 00:00:00,0.0
2012-07-07 01:00:00,0.0
2012-07-07 02:00:00,0.0
2012-07-07 03:00:00,0.0
2012-07-07 04:00:00,0.16881882103951137
2012-07-07 05:00:00,0.0
2012-07-07 06:00:00,0.0
2012-07-07 07:00:00,0.0
2012-07-07 08:00:00,0.0
2012-07-07 09:00:00,0.0
2012-07-07 10:00:00,0.0
2012-07-07 11:00:00,0.0
2012-07-07 12:00:00,0.0
2012-07-07 13:00:00,0.0
2012-07-07 14:00:00,0.0
2012-07-07 15:00:00,0.0
2012-07-07 16:00:00,0.0
2012-07-07 17:00:00,0.0
2012-07-07 18:00:00,0.04447277073729832
2012-07-07 19:00:00,0.544391879916041
2012-07-07 20:00:00,0.598037191065567
2012-07-07 21:00:00,0.40534111487336527
2012-07-07 22:00:00,0.11636950132734757
2012-07-07 23:00:00,0.0
2012-07-08 00:00:00,0.06128955833289955
2012-07-08 01:00:00,0.20974955396158862
2012-07-08 02:00:00,0.4566289039748654
2012-07-08 03:00:00,0.20242729974553297
2012-07-08 04:00:00,0.10265361662840973
2012-07-08 05:00:00,0.1375486862300525
2012-07-08 06:00:00,0.0
2012-07-08 07:00:00,0.0
2012-07-08 08:00:00,0.0
2012-07-08 09:00:00,0.0
2012-07-08 10:00:00,0.15675442746785528
2012-07-08 11:00:00,0.29822888437207845
2012-07-08 12:00:00,0.3138861890463266
2012-07-08 13:00:00,0.2922467614512224
2012-07-08 14:00:00,0.05056507331875757
2012-07-08 15:00:00,0.2525963429637896
2012-07-08 16:00:00,0.0924913715704903
2012-07-08 17:00:00,0.29556018542387336
2012-07-08 18:00:00,0.0
2012-07-08 19:00:00,0.15982509007380716
2012-07-08 20:00:00,0.23050968130581806
2012-07-08 21:00:00,0.3588015176029266
2012-07-08 22:00:00,0.21401190523690725
2012-07-08 23:00:00,0.06755045961615963
2012-07-09 00:00:00,0.11780466924011086
2012-07-09 01:00:00,0.06485203797719792
2012-07-09 02:00:00,0.06175682106827448
2012-07-09 03:00:00,0.045420312449344226
2012-07-09 04:00:00,0.07528797374434842
2012-07-09 05:00:00,0.053489620876494545
2012-07-09 06:00:00,0.0
2012-07-09 07:00:00,0.0
2012-07-09 08:00:00,0.0
2012-07-09 09:00:00,0.0
2012-07-09 10:00:00,0.0
2012-07-09 11:00:00,0.0
2012-07-09 12:00:00,0.10597548653957271
2012-07-09 13:00:00,0.04618796359480644
2012-07-09 14:00:00,0.0
2012-07-09 15:00:00,0.07238584258215122
2012-07-09 16:00:00,0.21294095524226703
2012-07-09 17:00:00,0.12780183173208517
2012-07-09 18:00:00,0.44604424294834844
2012-07-09 19:00:00,0.38278272075234654
2012-07-09 20:00:00,0.0
2012-07-09 21:00:00,0.0
2012-07-09 22:00:00,0.0
2012-07-09 23:00:00,0.0
2012-07-10 00:00:00,0.04894279027706989
2012-07-10 01:00:00,0.0
2012-07-10 02:00:00,0.0
2012-07-10 03:00:00,0.05674590171429767
2012-07-10 04:00:00,0.10331235441132623
2012-07-10 05:00:00,0.13915273647641455
2012-07-10 06:00:00,0.0
2012-07-10 07:00:00,0.055210336755122234
2012-07-10 08:00:00,0.0
2012-07-10 09:00:00,0.07964617734381367
2012-07-10 10:00:00,0.1063115607712375
2012-07-10 11:00:00,0.11997947026837641
2012-07-10 12:00:00,0.7811446951504472
2012-07-10 13:00:00,0.6405053775377835
2012-07-10 14:00:00,0.142807341924837
2012-07-10 15:00:00,0.07264653564275582
2012-07-10 16:00:00,0.08856253622541992
2012-07-10 17:00:00,0.07690315588366545
2012-07-10 18:00:00,0.1697363126301638
2012-07-10 19:00:00,0.10497151495240467
2012-07-10 20:00:00,0.0
2012-07-10 21:00:00,0.0
2012-07-10 22:00:00,0.0
2012-07-10 23:00:00,0.0
2012-07-11 00:00:00,0.0
2012-07-11 01:00:00,0.0
2012-07-11 02:00:00,0.0
2012-07-11 03:00:00,0.0
2012-07-11 04:00:00,0.0
2012-07-11 05:00:00,0.0
2012-07-11 06:00:00,0.0
2012-07-11 07:00:00,0.0
2012-07-11 08:00:00,0.0
2012-07-11 09:00:00,0.0
2012-07-11 10:00:00,0.05564620583035866
2012-07-11 11:00:00,0.10430573566383351
2012-07-11 12:00:00,0.11143826541329432
2012-07-11 13:00:00,0.13995941700439732
2012-07-11 14:00:00,0.13320120985221773
2012-07-11 15:00:00,0.18487153027699582
2012-07-11 16:00:00,0.7313792962923948
2012-07-11 17:00:00,0.809453658961001
2012-07-11 18:00:00,0.23107373410971305
2012-07-11 19:00:00,0.2556034109033437
2012-07-11 20:00:00,0.23107373410971305
2012-07-11 21:00:00,0.08188697186719743
2012-07-11 22:00:00,0.0
2012-07-11 23:00:00,0.0
2012-07-12 00:00:00,0.11672719421672385
2012-07-12 01:00:00,0.06905338196197848
2012-07-12 02:00:00,0.05285368756430095
2012-07-12 03:00:00,0.11178578574155114
2012-07-12 04:00:00,0.07160750689085035
2012-07-12 05:00:00,0.07264653564275578
2012-07-12 06:00:00,0.0
2012-07-12 07:00:00,0.07290785386627596
2012-07-12 08:00:00,0.08975931117534654
2012-07-12 09:00:00,0.09218510899987331
2012-07-12 10:00:00,0.1786188258653456
2012-07-12 11:00:00,0.1814868704251124
2012-07-12 12:00:00,0.19376760006393773
2012-07-12 13:00:00,0.10037009328039771
2012-07-12 14:00:00,0.0833085892177855
2012-07-12 15:00:00,0.1814868704251124
2012-07-12 16:00:00,0.5063345285233716
2012-07-12 17:00:00,0.24901910760293683
2012-07-12 18:00:00,0.24901910760293683
2012-07-12 19:00:00,0.4530822876211812
2012-07-12 20:00:00,0.5130303019903445
2012-07-12 21:00:00,0.38436555563970837
2012-07-12 22:00:00,0.49499205324619605
2012-07-12 23:00:00,0.3180589201605044
2012-07-13 00:00:00,0.17111877356911995
2012-07-13 01:00:00,0.1010190358460384
2012-07-13 02:00:00,0.1043057356638336
2012-07-13 03:00:00,0.09066393351909703
2012-07-13 04:00:00,0.08561724274239302
2012-07-13 05:00:00,0.06509432429495104
2012-07-13 06:00:00,0.0
2012-07-13 07:00:00,0.0
2012-07-13 08:00:00,0.0
2012-07-13 09:00:00,0.0
2012-07-13 10:00:00,0.0
2012-07-13 11:00:00,0.0
2012-07-13 12:00:00,0.0
2012-07-13 13:00:00,0.12894631897914202
2012-07-13 14:00:00,0.3520318578654382
2012-07-13 15:00:00,0.2210607265454452
2012-07-13 16:00:00,0.08737644669481304
2012-07-13 17:00:00,0.11494603706332349
2012-07-13 18:00:00,0.08620099466684743
2012-07-13 19:00:00,0.21778849956110458
2012-07-13 20:00:00,0.17343952118852726
2012-07-13 21:00:00,0.08796815877749393
2012-07-13 22:00:00,0.09812068810491945
2012-07-13 23:00:00,0.20036698688588495
2012-07-14 00:00:00,0.08856253622541992
2012-07-14 01:00:00,0.0
2012-07-14 02:00:00,0.0
2012-07-14 03:00:00,0.0
2012-07-14 04:00:00,0.0
2012-07-14 05:00:00,0.0
2012-07-14 06:00:00,0.0
2012-07-14 07:00:00,0.0
2012-07-14 08:00:00,0.0
2012-07-14 09:00:00,0.0
2012-07-14 10:00:00,0.05413063485401214
2012-07-14 11:00:00,0.0
2012-07-14 12:00:00,0.0
2012-07-14 13:00:00,0.0
2012-07-14 14:00:00,0.0
2012-07-14 15:00:00,0.0
2012-07-14 16:00:00,0.16338321890864854
2012-07-14 17:00:00,0.2975602099927276
2012-07-14 18:00:00,0.05434543871051447
2012-07-14 19:00:00,0.0
2012-07-14 20:00:00,0.0
2012-07-14 21:00:00,0.09006018012483266
2012-07-14 22:00:00,0.10971146374214
2012-07-14 23:00:00,0.08388181145212548
2012-07-15 00:00:00,0.07502099536317287
2012-07-15 01:00:00,0.0
2012-07-15 02:00:00,0.05327707958565816
2012-07-15 03:00:00,0.14736028202556156
2012-07-15 04:00:00,0.12553321359068198
2012-07-15 05:00:00,0.05285368756430095
2012-07-15 06:00:00,0.0
2012-07-15 07:00:00,0.0
2012-07-15 08:00:00,0.0
2012-07-15 09:00:00,0.0
2012-07-15 10:00:00,0.0
2012-07-15 11:00:00,0.059216030327826207
2012-07-15 12:00:00,0.0
2012-07-15 13:00:00,0.0
2012-07-15 14:00:00,0.0
2012-07-15 15:00:00,0.0
2012-07-15 16:00:00,0.0833085892177855
2012-07-15 17:00:00,0.20816588115626697
2012-07-15 18:00:00,0.42791696701195664
2012-07-15 19:00:00,0.5687338281474352
2012-07-15 20:00:00,0.2779617344234714
2012-07-15 21:00:00,0.19376760006393773
2012-07-15 22:00:00,0.1839002282563161
2012-07-15 23:00:00,0.14694243648453115
2012-07-16 00:00:00,0.13995941700439732
2012-07-16 01:00:00,0.06509432429495104
2012-07-16 02:00:00,0.09972393587169856
2012-07-16 03:00:00,0.04715962835971689
2012-07-16 04:00:00,0.050360356671791055
2012-07-16 05:00:00,0.07555558477542072
2012-07-16 06:00:00,0.0
2012-07-16 07:00:00,0.0
2012-07-16 08:00:00,0.0
2012-07-16 09:00:00,0.07475464888319587
2012-07-16 10:00:00,0.10597548653957271
2012-07-16 11:00:00,0.1312557509002103
2012-07-16 12:00:00,0.18633488654853755
2012-07-16 13:00:00,0.19883096047911222
2012-07-16 14:00:00,0.20398176883266608
2012-07-16 15:00:00,0.23107373410971305
2012-07-16 16:00:00,0.1589437037004527
2012-07-16 17:00:00,0.1819678424466603
2012-07-16 18:00:00,0.08416940598425315
2012-07-16 19:00:00,0.21942054649953086
2012-07-16 20:00:00,0.4069854987343424
2012-07-16 21:00:00,0.540403676929277
2012-07-16 22:00:00,0.4339037271192936
2012-07-16 23:00:00,0.4287688253560609
2012-07-17 00:00:00,0.40616275201855984
2012-07-17 01:00:00,0.46198345579263533
2012-07-17 02:00:00,0.3603175783526152
2012-07-17 03:00:00,0.3070130156817911
2012-07-17 04:00:00,0.290270644310179
2012-07-17 05:00:00,0.2824552558462483
2012-07-17 06:00:00,0.09434320220606497
2012-07-17 07:00:00,0.10971146374214
2012-07-17 08:00:00,0.07909243997759287
2012-07-17 09:00:00,0.07909243997759287
2012-07-17 10:00:00,0.07663237037263831
2012-07-17 11:00:00,0.08886072633309508
2012-07-17 12:00:00,0.09908055763035613
2012-07-17 13:00:00,0.12329160248723445
2012-07-17 14:00:00,0.09875990882569836
2012-07-17 15:00:00,0.10265361662840973
2012-07-17 16:00:00,0.0
2012-07-17 17:00:00,0.12894631897914202
2012-07-17 18:00:00,0.0
2012-07-17 19:00:00,0.18438545288308655
2012-07-17 20:00:00,0.42791696701195636
2012-07-17 21:00:00,0.4893848966782066
2012-07-17 22:00:00,0.32297365164880176
2012-07-17 23:00:00,0.3104369212899467
2012-07-18 00:00:00,0.3431388472589433
2012-07-18 01:00:00,0.33079866824554827
2012-07-18 02:00:00,0.44429619434809053
2012-07-18 03:00:00,0.24724322527723502
2012-07-18 04:00:00,0.28634517448786273
2012-07-18 05:00:00,0.17158125649102515
2012-07-18 06:00:00,0.06779941683400653
2012-07-18 07:00:00,0.07609270778204756
2012-07-18 08:00:00,0.0
2012-07-18 09:00:00,0.0
2012-07-18 10:00:00,0.0
2012-07-18 11:00:00,0.0
2012-07-18 12:00:00,0.0
2012-07-18 13:00:00,0.047355582244091025
2012-07-18 14:00:00,0.06606950407266997
2012-07-18 15:00:00,0.0
2012-07-18 16:00:00,0.17204457196522036
2012-07-18 17:00:00,0.13048290254208605
2012-07-18 18:00:00,0.0
2012-07-18 19:00:00,0.0
2012-07-18 20:00:00,0.0
2012-07-18 21:00:00,0.0
2012-07-18 22:00:00,0.10167076955820543
2012-07-18 23:00:00,0.22714462998202387
2012-07-19 00:00:00,0.2316387063148778
2012-07-19 01:00:00,0.2199663685046283
2012-07-19 02:00:00,0.2672478587110087
2012-07-19 03:00:00,0.2254744555927246
2012-07-19 04:00:00,0.40534111487336516
2012-07-19 05:00:00,0.3453478888718822
2012-07-19 06:00:00,0.09653471654685694
2012-07-19 07:00:00,0.1010190358460384
2012-07-19 08:00:00,0.08532635768210453
2012-07-19 09:00:00,0.05763601740839597
2012-07-19 10:00:00,0.04618796359480644
2012-07-19 11:00:00,0.06269845917099866
2012-07-19 12:00:00,0.06461035361271936
2012-07-19 13:00:00,0.06779941683400653
2012-07-19 14:00:00,0.08330858921778544
2012-07-19 15:00:00,0.09066393351909703
2012-07-19 16:00:00,0.2741482885547509
2012-07-19 17:00:00,1.5
2012-07-19 18:00:00,0.30429208905134764
2012-07-19 19:00:00,0.757233788014575
2012-07-19 20:00:00,0.2260302674766047
2012-07-19 21:00:00,0.32722635944299333
2012-07-19 22:00:00,0.3104369212899467
2012-07-19 23:00:00,0.45751844055098156
2012-07-20 00:00:00,0.24430221871476046
2012-07-20 01:00:00,0.10331235441132623
2012-07-20 02:00:00,0.19126847886508566
2012-07-20 03:00:00,0.20974955396158862
2012-07-20 04:00:00,0.13556101942251306
2012-07-20 05:00:00,0.11388609055991356
2012-07-20 06:00:00,0.0
2012-07-20 07:00:00,0.0
2012-07-20 08:00:00,0.08915958502817582
2012-07-20 09:00:00,0.13875056118667073
2012-07-20 10:00:00,0.20922077382270154
2012-07-20 11:00:00,0.20974955396158862
2012-07-20 12:00:00,0.16428092690063895
2012-07-20 13:00:00,0.1571906640290771
2012-07-20 14:00:00,0.14736028202556156
2012-07-20 15:00:00,0.21454872414732154
2012-07-20 16:00:00,0.2356193178772308
2012-07-20 17:00:00,0.33151623560578874
2012-07-20 18:00:00,0.38278272075234654
2012-07-20 19:00:00,0.4228295005144076
2012-07-20 20:00:00,0.7939291357704595
2012-07-20 21:00:00,0.6316352626183972
2012-07-20 22:00:00,0.569763521008351
2012-07-20 23:00:00,0.7108858106647606
2012-07-21 00:00:00,0.6756612569969351
2012-07-21 01:00:00,0.5656521946186208
2012-07-21 02:00:00,0.3867479800105405
2012-07-21 03:00:00,0.42791696701195664
2012-07-21 04:00:00,0.4949920532461959
2012-07-21 05:00:00,0.3915423222165591
2012-07-21 06:00:00,0.14988400032796012
2012-07-21 07:00:00,0.11852665703873184
2012-07-21 08:00:00,0.13995941700439732
2012-07-21 09:00:00,0.142807341924837
2012-07-21 10:00:00,0.11708561933284438
2012-07-21 11:00:00,0.11925158871829204
2012-07-21 12:00:00,0.10597548653957266
2012-07-21 13:00:00,0.11494603706332349
2012-07-21 14:00:00,0.11888875451904549
2012-07-21 15:00:00,0.10664834476870352
2012-07-21 16:00:00,0.09875990882569836
2012-07-21 17:00:00,0.10463827229696371
2012-07-21 18:00:00,0.09875990882569836
2012-07-21 19:00:00,0.46737970410513335
2012-07-21 20:00:00,0.5554605105017427
2012-07-21 21:00:00,0.5524270556958278
2012-07-21 22:00:00,0.40534111487336527
2012-07-21 23:00:00,0.1656336450587727
2012-07-22 00:00:00,0.15588437713247175
2012-07-22 01:00:00,0.1207103076785696
2012-07-22 02:00:00,0.09748423157753519
2012-07-22 03:00:00,0.14198974462982084
2012-07-22 04:00:00,0.18293233430939915
2012-07-22 05:00:00,0.17909471946766387
2012-07-22 06:00:00,0.05138948775956361
2012-07-22 07:00:00,0.0
2012-07-22 08:00:00,0.0
2012-07-22 09:00:00,0.0
2012-07-22 10:00:00,0.0
2012-07-22 11:00:00,0.0
2012-07-22 12:00:00,0.0
2012-07-22 13:00:00,0.0
2012-07-22 14:00:00,0.0
2012-07-22 15:00:00,0.0
2012-07-22 16:00:00,0.0
2012-07-22 17:00:00,0.0
2012-07-22 18:00:00,0.0
2012-07-22 19:00:00,0.11816529552865301
2012-07-22 20:00:00,0.27732371998011873
2012-07-22 21:00:00,0.2889581942555764
2012-07-22 22:00:00,0.37493369802442245
2012-07-22 23:00:00,0.2766866825877898
2012-07-23 00:00:00,0.2610760994203679
2012-07-23 01:00:00,0.27860072666654595
2012-07-23 02:00:00,0.35128497298489775
2012-07-23 03:00:00,0.5677053766279739
2012-07-23 04:00:00,0.7025598489024011
2012-07-23 05:00:00,0.6676131932527939
2012-07-23 06:00:00,0.14239815208257026
2012-07-23 07:00:00,0.10430573566383351
2012-07-23 08:00:00,0.15030740120891162
2012-07-23 09:00:00,0.18928472487861311
2012-07-23 10:00:00,0.1481983479780037
2012-07-23 11:00:00,0.15115659356385588
2012-07-23 12:00:00,0.13595701046592967
2012-07-23 13:00:00,0.17672368179670755
2012-07-23 14:00:00,0.22770318210095916
2012-07-23 15:00:00,0.2243655668191333
2012-07-23 16:00:00,0.29622586126732325
2012-07-23 17:00:00,0.23619167224568702
2012-07-23 18:00:00,0.216704976679228
2012-07-23 19:00:00,0.3733768818935209
2012-07-23 20:00:00,0.5354458760834978
2012-07-23 21:00:00,0.546393318650828
2012-07-23 22:00:00,0.5188163038175838
2012-07-23 23:00:00,0.5780458420317933
2012-07-24 00:00:00,0.6012352441545378
2012-07-24 01:00:00,0.8585923604466538
2012-07-24 02:00:00,0.6141414682574788
2012-07-24 03:00:00,0.8411072101796782
2012-07-24 04:00:00,0.7253114681527763
2012-07-24 05:00:00,0.6195731126453883
2012-07-24 06:00:00,0.2623027666411713
2012-07-24 07:00:00,0.19176657361223906
2012-07-24 08:00:00,0.24371683026103674
2012-07-24 09:00:00,0.2384903586020211
2012-07-24 10:00:00,0.3438741445389505
2012-07-24 11:00:00,0.3180589201605044
2012-07-24 12:00:00,0.24961295260172897
2012-07-24 13:00:00,0.20088074814083454
2012-07-24 14:00:00,0.1786188258653456
2012-07-24 15:00:00,0.20294457538937608
2012-07-24 16:00:00,0.2508034734268388
2012-07-24 17:00:00,0.2754155359614113
2012-07-24 18:00:00,0.3971856050901765
2012-07-24 19:00:00,0.49969726955660443
2012-07-24 20:00:00,0.3610772075722574
2012-07-24 21:00:00,0.5063345285233716
2012-07-24 22:00:00,0.5295366557686336
2012-07-24 23:00:00,0.5025346605443072
2012-07-25 00:00:00,0.6065906336407016
2012-07-25 01:00:00,0.6550957749375791
2012-07-25 02:00:00,0.7180744894027723
2012-07-25 03:00:00,0.7192772939928677
2012-07-25 04:00:00,0.5625817129480436
2012-07-25 05:00:00,0.44955408325123497
2012-07-25 06:00:00,0.1983207016338864
2012-07-25 07:00:00,0.16927715243043784
2012-07-25 08:00:00,0.20088074814083454
2012-07-25 09:00:00,0.20294457538937608
2012-07-25 10:00:00,0.23333914682497311
2012-07-25 11:00:00,0.256207674036233
2012-07-25 12:00:00,0.2678703301817522
2012-07-25 13:00:00,0.35728971544804516
2012-07-25 14:00:00,0.4313311820957875
2012-07-25 15:00:00,0.4828969243695998
2012-07-25 16:00:00,0.5666781657012686
2012-07-25 17:00:00,0.6141414682574788
2012-07-25 18:00:00,0.39234521121256727
2012-07-25 19:00:00,0.5130303019903445
2012-07-25 20:00:00,0.7241019439972098
2012-07-25 21:00:00,0.8626615117987849
2012-07-25 22:00:00,0.8984673579177987
2012-07-25 23:00:00,0.7862418712641219
2012-07-26 00:00:00,0.666468713742284
2012-07-26 01:00:00,0.6919509042272766
2012-07-26 02:00:00,0.6884384698102479
2012-07-26 03:00:00,0.7037452702199515
2012-07-26 04:00:00,0.7362578525601214
2012-07-26 05:00:00,0.5707944559594188
2012-07-26 06:00:00,0.47100044756055603
2012-07-26 07:00:00,0.3424045989049778
2012-07-26 08:00:00,0.35277980065639764
2012-07-26 09:00:00,0.4069854987343424
2012-07-26 10:00:00,0.37649483564077196
2012-07-26 11:00:00,0.4253681632052825
2012-07-26 12:00:00,0.40370116629994746
2012-07-26 13:00:00,0.5364349999890277
2012-07-26 14:00:00,0.5666781657012686
2012-07-26 15:00:00,0.7786043891920202
2012-07-26 16:00:00,0.9295274338697631
2012-07-26 17:00:00,0.8411072101796782
2012-07-26 18:00:00,0.4584091316195715
2012-07-26 19:00:00,0.8331178549733341
2012-07-26 20:00:00,0.46198345579263533
2012-07-26 21:00:00,0.1259094367580967
2012-07-26 22:00:00,0.23791429518316481
2012-07-26 23:00:00,0.8317912344345276
2012-07-27 00:00:00,0.04372429674503512
2012-07-27 01:00:00,0.1281825717951526
2012-07-27 02:00:00,0.35728971544804533
2012-07-27 03:00:00,0.2243655668191333
2012-07-27 04:00:00,0.17814377604578902
2012-07-27 05:00:00,0.2282626491289759
2012-07-27 06:00:00,0.08915958502817586
2012-07-27 07:00:00,0.059444076407668536
2012-07-27 08:00:00,0.04874247896973885
2012-07-27 09:00:00,0.06905338196197848
2012-07-27 10:00:00,0.07771933826405077
2012-07-27 11:00:00,0.10298263438045788
2012-07-27 12:00:00,0.10298263438045788
2012-07-27 13:00:00,0.12515774061876606
2012-07-27 14:00:00,0.1814868704251124
2012-07-27 15:00:00,0.2408039111078797
2012-07-27 16:00:00,0.07555558477542072
2012-07-27 17:00:00,0.06533721331467668
2012-07-27 18:00:00,0.15030740120891162
2012-07-27 19:00:00,0.25319585935070854
2012-07-27 20:00:00,0.0931059301757708
2012-07-27 21:00:00,0.05990192351570564
2012-07-27 22:00:00,0.0
2012-07-27 23:00:00,0.15675442746785528
2012-07-28 00:00:00,0.1010190358460384
2012-07-28 01:00:00,0.1725087207404037
2012-07-28 02:00:00,0.3097501141912501
2012-07-28 03:00:00,0.24783424468938803
2012-07-28 04:00:00,0.2525963429637896
2012-07-28 05:00:00,0.3250953696072466
2012-07-28 06:00:00,0.19126847886508566
2012-07-28 07:00:00,0.08416940598425315
2012-07-28 08:00:00,0.0931059301757708
2012-07-28 09:00:00,0.08678739398779249
2012-07-28 10:00:00,0.10004666680577945
2012-07-28 11:00:00,0.08856253622541992
2012-07-28 12:00:00,0.09559138725990211
2012-07-28 13:00:00,0.11852665703873184
2012-07-28 14:00:00,0.12780183173208517
2012-07-28 15:00:00,0.1332012098522178
2012-07-28 16:00:00,0.14117527389808093
2012-07-28 17:00:00,0.15200897836750948
2012-07-28 18:00:00,0.16473101138196558
2012-07-28 19:00:00,0.26600581023638625
2012-07-28 20:00:00,0.4801340116230457
2012-07-28 21:00:00,0.40534111487336527
2012-07-28 22:00:00,0.21778849956110458
2012-07-28 23:00:00,0.19477331224941127
2012-07-29 00:00:00,0.18682438249798325
2012-07-29 01:00:00,0.15286456160945724
2012-07-29 02:00:00,0.08474656562191452
2012-07-29 03:00:00,0.06730211258726634
2012-07-29 04:00:00,0.046964215784070895
2012-07-29 05:00:00,0.06705437499862846
2012-07-29 06:00:00,0.0
2012-07-29 07:00:00,0.0
2012-07-29 08:00:00,0.0
2012-07-29 09:00:00,0.0
2012-07-29 10:00:00,0.0
2012-07-29 11:00:00,0.0
2012-07-29 12:00:00,0.0
2012-07-29 13:00:00,0.0
2012-07-29 14:00:00,0.0
2012-07-29 15:00:00,0.0
2012-07-29 16:00:00,0.0
2012-07-29 17:00:00,0.0
2012-07-29 18:00:00,0.0
2012-07-29 19:00:00,0.4004345510574518
2012-07-29 20:00:00,0.43994606683027465
2012-07-29 21:00:00,0.4792153881256451
2012-07-29 22:00:00,0.5130303019903445
2012-07-29 23:00:00,0.44691998401322675
2012-07-30 00:00:00,0.3029376752167945
2012-07-30 01:00:00,0.44604424294834844
2012-07-30 02:00:00,0.3867479800105405
2012-07-30 03:00:00,0.2722547153795149
2012-07-30 04:00:00,0.40288285337432844
2012-07-30 05:00:00,0.4755526112613483
2012-07-30 06:00:00,0.2672478587110087
2012-07-30 07:00:00,0.18829801240488833
2012-07-30 08:00:00,0.192265532357003
2012-07-30 09:00:00,0.32297365164880176
2012-07-30 10:00:00,0.21562505353782863
2012-07-30 11:00:00,0.1375486862300525
2012-07-30 12:00:00,0.07422384863204516
2012-07-30 13:00:00,0.0
2012-07-30 14:00:00,0.0
2012-07-30 15:00:00,0.0
2012-07-30 16:00:00,0.0
2012-07-30 17:00:00,0.0
2012-07-30 18:00:00,0.0
2012-07-30 19:00:00,0.0
2012-07-30 20:00:00,0.0
2012-07-30 21:00:00,0.0
2012-07-30 22:00:00,0.0
2012-07-30 23:00:00,0.0
2012-07-31 00:00:00,0.0
2012-07-31 01:00:00,0.0
2012-07-31 02:00:00,0.10902576908404074
2012-07-31 03:00:00,0.20450168812950925
2012-07-31 04:00:00,0.2282626491289759
2012-07-31 05:00:00,0.18633488654853755
2012-07-31 06:00:00,0.0
2012-07-31 07:00:00,0.0
2012-07-31 08:00:00,0.0
2012-07-31 09:00:00,0.0
2012-07-31 10:00:00,0.0
2012-07-31 11:00:00,0.0
2012-07-31 12:00:00,0.0
2012-07-31 13:00:00,0.0
2012-07-31 14:00:00,0.0
2012-07-31 15:00:00,0.0
2012-07-31 16:00:00,0.0
2012-07-31 17:00:00,0.0
2012-07-31 18:00:00,0.0
2012-07-31 19:00:00,0.0
2012-07-31 20:00:00,0.0
2012-07-31 21:00:00,0.0
2012-07-31 22:00:00,0.0
2012-07-31 23:00:00,0.0
2012-08-01 00:00:00,0.0
2012-08-01 01:00:00,0.0
2012-08-01 02:00:00,0.0
2012-08-01 03:00:00,0.0
2012-08-01 04:00:00,0.0
2012-08-01 05:00:00,0.09434320220606497
2012-08-01 06:00:00,0.04834349750131758
2012-08-01 07:00:00,0.0
2012-08-01 08:00:00,0.0
2012-08-01 09:00:00,0.0
2012-08-01 10:00:00,0.0
2012-08-01 11:00:00,0.0
2012-08-01 12:00:00,0.0
2012-08-01 13:00:00,0.0
2012-08-01 14:00:00,0.0
2012-08-01 15:00:00,0.09127037923173818
2012-08-01 16:00:00,0.0
2012-08-01 17:00:00,0.10732404505583167
2012-08-01 18:00:00,0.4719085458600307
2012-08-01 19:00:00,0.6184842322046726
2012-08-01 20:00:00,0.07854127513805244
2012-08-01 21:00:00,0.0
2012-08-01 22:00:00,0.0
2012-08-01 23:00:00,0.0
2012-08-02 00:00:00,0.0
2012-08-02 01:00:00,0.1259094367580967
2012-08-02 02:00:00,0.0
2012-08-02 03:00:00,0.04676934376845494
2012-08-02 04:00:00,0.0835948727795356
2012-08-02 05:00:00,0.0
2012-08-02 06:00:00,0.0
2012-08-02 07:00:00,0.0
2012-08-02 08:00:00,0.0
2012-08-02 09:00:00,0.05652481403462054
2012-08-02 10:00:00,0.05898856823250384
2012-08-02 11:00:00,0.07909243997759287
2012-08-02 12:00:00,0.13714960905305712
2012-08-02 13:00:00,0.1043057356638336
2012-08-02 14:00:00,0.08273798443201207
2012-08-02 15:00:00,0.07264653564275578
2012-08-02 16:00:00,0.5605409106618162
2012-08-02 17:00:00,0.18438545288308655
2012-08-02 18:00:00,0.35578216589838657
2012-08-02 19:00:00,0.42791696701195636
2012-08-02 20:00:00,0.5874589503748459
2012-08-02 21:00:00,0.5453919872227359
2012-08-02 22:00:00,1.0423213251350554
2012-08-02 23:00:00,0.15329355451653678
2012-08-03 00:00:00,0.15415394664639726
2012-08-03 01:00:00,0.2293843309070457
2012-08-03 02:00:00,0.13164331684387864
2012-08-03 03:00:00,0.45485329130526364
2012-08-03 04:00:00,0.20922077382270154
2012-08-03 05:00:00,0.0
2012-08-03 06:00:00,0.0
2012-08-03 07:00:00,0.0
2012-08-03 08:00:00,0.04894279027706989
2012-08-03 09:00:00,0.05967270722072899
2012-08-03 10:00:00,0.0
2012-08-03 11:00:00,0.07502099536317287
2012-08-03 12:00:00,0.14198974462982084
2012-08-03 13:00:00,0.1978113165193463
2012-08-03 14:00:00,0.14946139531309177
2012-08-03 15:00:00,0.1481983479780037
2012-08-03 16:00:00,0.14736028202556156
2012-08-03 17:00:00,0.10766296284289
2012-08-03 18:00:00,0.17111877356911995
2012-08-03 19:00:00,0.24901910760293683
2012-08-03 20:00:00,0.40780935576941113
2012-08-03 21:00:00,0.4637775643001629
2012-08-03 22:00:00,0.20450168812950917
2012-08-03 23:00:00,0.49593072313529263
2012-08-04 00:00:00,0.3656574138852642
2012-08-04 01:00:00,0.3009135994700935
2012-08-04 02:00:00,0.303614378634597
2012-08-04 03:00:00,0.34830799759296277
2012-08-04 04:00:00,0.31457909429106856
2012-08-04 05:00:00,0.34979437396028107
2012-08-04 06:00:00,0.25985326253905716
2012-08-04 07:00:00,0.16204279811684935
2012-08-04 08:00:00,0.08708158829369432
2012-08-04 09:00:00,0.18928472487861311
2012-08-04 10:00:00,0.2140119052369073
2012-08-04 11:00:00,0.3788446579527282
2012-08-04 12:00:00,0.3063312697822678
2012-08-04 13:00:00,0.42621663668526516
2012-08-04 14:00:00,0.5394096789990992
2012-08-04 15:00:00,0.6163103001653386
2012-08-04 16:00:00,0.6119777304915086
2012-08-04 17:00:00,0.730163033853906
2012-08-04 18:00:00,0.8291422197577031
2012-08-04 19:00:00,1.0027630670166428
2012-08-04 20:00:00,0.8291422197577025
2012-08-04 21:00:00,0.8081522867683072
2012-08-04 22:00:00,0.9438791242278683
2012-08-04 23:00:00,0.9804029791894366
2012-08-05 00:00:00,0.7180744894027723
2012-08-05 01:00:00,0.8371061783757097
2012-08-05 02:00:00,0.5524270556958278
2012-08-05 03:00:00,0.45930097792933394
2012-08-05 04:00:00,0.13009761863023414
2012-08-05 05:00:00,0.05201364479930203
2012-08-05 06:00:00,0.11672719421672385
2012-08-05 07:00:00,0.07475464888319587
2012-08-05 08:00:00,0.043538499699120325
2012-08-05 09:00:00,0.05652481403462054
2012-08-05 10:00:00,0.0
2012-08-05 11:00:00,0.0
2012-08-05 12:00:00,0.044097475082049704
2012-08-05 13:00:00,0.07992401259617452
2012-08-05 14:00:00,0.08273798443201204
2012-08-05 15:00:00,0.07032271411850545
2012-08-05 16:00:00,0.09496592761024826
2012-08-05 17:00:00,0.0
2012-08-05 18:00:00,0.19027487836881735
2012-08-05 19:00:00,0.21454872414732154
2012-08-05 20:00:00,0.5770061914861135
2012-08-05 21:00:00,0.7132766802254069
2012-08-05 22:00:00,0.2616889538639841
2012-08-05 23:00:00,0.2741482885547509
2012-08-06 00:00:00,0.3265149980413251
2012-08-06 01:00:00,0.2232603197131128
2012-08-06 02:00:00,0.23050968130581806
2012-08-06 03:00:00,0.12366333571212798
2012-08-06 04:00:00,0.1819678424466603
2012-08-06 05:00:00,0.26600581023638625
2012-08-06 06:00:00,0.2408039111078797
2012-08-06 07:00:00,0.047355582244091025
2012-08-06 08:00:00,0.0
2012-08-06 09:00:00,0.0
2012-08-06 10:00:00,0.0
2012-08-06 11:00:00,0.0
2012-08-06 12:00:00,0.0
2012-08-06 13:00:00,0.0
2012-08-06 14:00:00,0.0
2012-08-06 15:00:00,0.0
2012-08-06 16:00:00,0.0
2012-08-06 17:00:00,0.0
2012-08-06 18:00:00,0.16836131770868643
2012-08-06 19:00:00,0.33511964158403346
2012-08-06 20:00:00,0.2419662771408428
2012-08-06 21:00:00,0.17909471946766387
2012-08-06 22:00:00,0.18487153027699582
2012-08-06 23:00:00,0.216704976679228
2012-08-07 00:00:00,0.10766296284289
2012-08-07 01:00:00,0.08796815877749393
2012-08-07 02:00:00,0.0
2012-08-07 03:00:00,0.0
2012-08-07 04:00:00,0.0
2012-08-07 05:00:00,0.0
2012-08-07 06:00:00,0.0
2012-08-07 07:00:00,0.0
2012-08-07 08:00:00,0.0
2012-08-07 09:00:00,0.0
2012-08-07 10:00:00,0.0
2012-08-07 11:00:00,0.0
2012-08-07 12:00:00,0.0
2012-08-07 13:00:00,0.0
2012-08-07 14:00:00,0.0
2012-08-07 15:00:00,0.0
2012-08-07 16:00:00,0.0
2012-08-07 17:00:00,0.04696421578407091
2012-08-07 18:00:00,0.08474656562191452
2012-08-07 19:00:00,0.10364277746971289
2012-08-07 20:00:00,0.13995941700439732
2012-08-07 21:00:00,0.13834916154816126
2012-08-07 22:00:00,0.0949659276102483
2012-08-07 23:00:00,0.07771933826405077
2012-08-08 00:00:00,0.0
2012-08-08 01:00:00,0.0
2012-08-08 02:00:00,0.0
2012-08-08 03:00:00,0.0
2012-08-08 04:00:00,0.0
2012-08-08 05:00:00,0.0
2012-08-08 06:00:00,0.04298426806736881
2012-08-08 07:00:00,0.0
2012-08-08 08:00:00,0.0
2012-08-08 09:00:00,0.0
2012-08-08 10:00:00,0.0
2012-08-08 11:00:00,0.0
2012-08-08 12:00:00,0.0
2012-08-08 13:00:00,0.0
2012-08-08 14:00:00,0.0
2012-08-08 15:00:00,0.0
2012-08-08 16:00:00,0.0
2012-08-08 17:00:00,0.0
2012-08-08 18:00:00,0.0
2012-08-08 19:00:00,0.04372429674503512
2012-08-08 20:00:00,0.08474656562191459
2012-08-08 21:00:00,0.07964617734381367
2012-08-08 22:00:00,0.2754155359614113
2012-08-08 23:00:00,0.3695037087584515
2012-08-09 00:00:00,0.18390022825631602
2012-08-09 01:00:00,1.434663863370614
2012-08-09 02:00:00,0.7748042660316862
2012-08-09 03:00:00,0.5354458760834978
2012-08-09 04:00:00,0.2316387063148779
2012-08-09 05:00:00,0.3979961877078867
2012-08-09 06:00:00,0.2691181713335943
2012-08-09 07:00:00,0.14486505318336165
2012-08-09 08:00:00,0.19527747070249732
2012-08-09 09:00:00,0.110745386996901
2012-08-09 10:00:00,0.11388609055991356
2012-08-09 11:00:00,0.17111877356911995
2012-08-09 12:00:00,0.08048161998288747
2012-08-09 13:00:00,0.0
2012-08-09 14:00:00,0.0
2012-08-09 15:00:00,0.0
2012-08-09 16:00:00,0.0
2012-08-09 17:00:00,0.4287688253560609
2012-08-09 18:00:00,0.0
2012-08-09 19:00:00,0.0
2012-08-09 20:00:00,0.05306510206449298
2012-08-09 21:00:00,0.2299465471544951
2012-08-09 22:00:00,0.8970722225182297
2012-08-09 23:00:00,0.34979437396028107
2012-08-10 00:00:00,0.0
2012-08-10 01:00:00,0.05391639776197344
2012-08-10 02:00:00,0.26046420256162506
2012-08-10 03:00:00,0.4477968705862019
2012-08-10 04:00:00,0.7037452702199515
2012-08-10 05:00:00,0.5770061914861135
2012-08-10 06:00:00,0.5885111154093096
2012-08-10 07:00:00,0.2922467614512224
2012-08-10 08:00:00,0.2672478587110087
2012-08-10 09:00:00,0.30906432082978436
2012-08-10 10:00:00,0.2580261760014232
2012-08-10 11:00:00,0.2466531462298989
2012-08-10 12:00:00,0.3194580043186488
2012-08-10 13:00:00,0.2610760994203679
2012-08-10 14:00:00,0.2995692369075673
2012-08-10 15:00:00,0.36489137206637345
2012-08-10 16:00:00,0.3788446579527282
2012-08-10 17:00:00,0.43304507883209714
2012-08-10 18:00:00,0.34682583789335814
2012-08-10 19:00:00,0.5790867406572098
2012-08-10 20:00:00,0.6814493003991164
2012-08-10 21:00:00,0.4012495465017785
2012-08-10 22:00:00,0.7597274208819861
2012-08-10 23:00:00,0.6173966282942221
2012-08-11 00:00:00,0.6872703052352634
2012-08-11 01:00:00,0.5595223629208557
2012-08-11 02:00:00,0.3002409165611016
2012-08-11 03:00:00,0.19730280438679376
2012-08-11 04:00:00,0.08975931117534654
2012-08-11 05:00:00,0.0
2012-08-11 06:00:00,0.0
2012-08-11 07:00:00,0.0
2012-08-11 08:00:00,0.0
2012-08-11 09:00:00,0.0
2012-08-11 10:00:00,0.0
2012-08-11 11:00:00,0.0
2012-08-11 12:00:00,0.056304301355086184
2012-08-11 13:00:00,0.06364962071358743
2012-08-11 14:00:00,0.06199134039191158
2012-08-11 15:00:00,0.059444076407668536
2012-08-11 16:00:00,0.06105681342376553
2012-08-11 17:00:00,0.05056507331875757
2012-08-11 18:00:00,0.07006761383272703
2012-08-11 19:00:00,0.10902576908404074
2012-08-11 20:00:00,0.08160460324782555
2012-08-11 21:00:00,0.05456081008017854
2012-08-11 22:00:00,0.06364962071358743
2012-08-11 23:00:00,0.0
2012-08-12 00:00:00,0.0
2012-08-12 01:00:00,0.0
2012-08-12 02:00:00,0.0
2012-08-12 03:00:00,0.0
2012-08-12 04:00:00,0.043724296745035134
2012-08-12 05:00:00,0.04391062162311222
2012-08-12 06:00:00,0.0
2012-08-12 07:00:00,0.0
2012-08-12 08:00:00,0.0
2012-08-12 09:00:00,0.0
2012-08-12 10:00:00,0.0
2012-08-12 11:00:00,0.0
2012-08-12 12:00:00,0.0
2012-08-12 13:00:00,0.0
2012-08-12 14:00:00,0.0
2012-08-12 15:00:00,0.0
2012-08-12 16:00:00,0.0
2012-08-12 17:00:00,0.0
2012-08-12 18:00:00,0.0
2012-08-12 19:00:00,0.04561142150829668
2012-08-12 20:00:00,0.062462158694575554
2012-08-12 21:00:00,0.07395939336347523
2012-08-12 22:00:00,0.16383166299243251
2012-08-12 23:00:00,0.398807872409204
2012-08-13 00:00:00,0.4773816577658319
2012-08-13 01:00:00,0.6305322909306933
2012-08-13 02:00:00,0.7180744894027723
2012-08-13 03:00:00,0.5759677882714727
2012-08-13 04:00:00,0.1010190358460384
2012-08-13 05:00:00,0.13281059071768705
2012-08-13 06:00:00,0.19477331224941127
2012-08-13 07:00:00,0.40616275201855984
2012-08-13 08:00:00,0.2616889538639841
2012-08-13 09:00:00,0.22882303181477207
2012-08-13 10:00:00,0.21942054649953086
2012-08-13 11:00:00,0.24961295260172897
2012-08-13 12:00:00,0.22051309493703375
2012-08-13 13:00:00,0.055427985664414314
2012-08-13 14:00:00,0.23906735115522257
2012-08-13 15:00:00,0.0
2012-08-13 16:00:00,0.18438545288308655
2012-08-13 17:00:00,0.0
2012-08-13 18:00:00,0.11178578574155114
2012-08-13 19:00:00,0.1375486862300525
2012-08-13 20:00:00,0.05097616947117639
2012-08-13 21:00:00,0.07006761383272703
2012-08-13 22:00:00,0.546393318650828
2012-08-13 23:00:00,0.4746398425831098
2012-08-14 00:00:00,0.3438741445389505
2012-08-14 01:00:00,0.3610772075722574
2012-08-14 02:00:00,0.3618379036866959
2012-08-14 03:00:00,0.41028759627731476
2012-08-14 04:00:00,0.192265532357003
2012-08-14 05:00:00,0.14946139531309177
2012-08-14 06:00:00,0.10364277746971289
2012-08-14 07:00:00,0.09716703801462076
2012-08-14 08:00:00,0.21454872414732154
2012-08-14 09:00:00,0.1043057356638336
2012-08-14 10:00:00,0.08767196993984692
2012-08-14 11:00:00,0.07799267683560764
2012-08-14 12:00:00,0.07032271411850545
2012-08-14 13:00:00,0.0
2012-08-14 14:00:00,0.05564620583035866
2012-08-14 15:00:00,0.0
2012-08-14 16:00:00,0.0
2012-08-14 17:00:00,0.09621958714461132
2012-08-14 18:00:00,0.11213402781477876
2012-08-14 19:00:00,0.15286456160945724
2012-08-14 20:00:00,0.06364962071358743
2012-08-14 21:00:00,0.0
2012-08-14 22:00:00,0.0
2012-08-14 23:00:00,0.0
2012-08-15 00:00:00,0.0
2012-08-15 01:00:00,0.0
2012-08-15 02:00:00,0.0
2012-08-15 03:00:00,0.0
2012-08-15 04:00:00,0.0
2012-08-15 05:00:00,0.0
2012-08-15 06:00:00,0.0
2012-08-15 07:00:00,0.0
2012-08-15 08:00:00,0.0
2012-08-15 09:00:00,0.0
2012-08-15 10:00:00,0.0
2012-08-15 11:00:00,0.0
2012-08-15 12:00:00,0.0
2012-08-15 13:00:00,0.0
2012-08-15 14:00:00,0.0
2012-08-15 15:00:00,0.0
2012-08-15 16:00:00,0.0
2012-08-15 17:00:00,0.0
2012-08-15 18:00:00,0.05586499800165332
2012-08-15 19:00:00,0.20816588115626697
2012-08-15 20:00:00,0.22658699202347163
2012-08-15 21:00:00,0.2293843309070457
2012-08-15 22:00:00,0.35728971544804516
2012-08-15 23:00:00,0.30975011419125
2012-08-16 00:00:00,0.28569439024967264
2012-08-16 01:00:00,0.2929074547087996
2012-08-16 02:00:00,0.3286521803590783
2012-08-16 03:00:00,0.35277980065639764
2012-08-16 04:00:00,0.35653540947191226
2012-08-16 05:00:00,0.30429208905134764
2012-08-16 06:00:00,0.12329160248723445
2012-08-16 07:00:00,0.054776749711702453
2012-08-16 08:00:00,0.08188697186719739
2012-08-16 09:00:00,0.132420736003919
2012-08-16 10:00:00,0.1351657980407458
2012-08-16 11:00:00,0.21454872414732154
2012-08-16 12:00:00,0.23964527359146745
2012-08-16 13:00:00,0.2508034734268388
2012-08-16 14:00:00,0.16248878721955504
2012-08-16 15:00:00,1.5
2012-08-16 16:00:00,0.0
2012-08-16 17:00:00,0.0
2012-08-16 18:00:00,0.0
2012-08-16 19:00:00,1.0718779550268787
2012-08-16 20:00:00,0.9525606358560679
2012-08-16 21:00:00,0.13635377191969383
2012-08-16 22:00:00,0.0
2012-08-16 23:00:00,0.21080978559419253
2012-08-17 00:00:00,0.14527895308539152
2012-08-17 01:00:00,0.07006761383272703
2012-08-17 02:00:00,0.12666413667421478
2012-08-17 03:00:00,0.25681288876441055
2012-08-17 04:00:00,0.20606674530520866
2012-08-17 05:00:00,0.23619167224568702
2012-08-17 06:00:00,0.19578249839408063
2012-08-17 07:00:00,0.21134123858530565
2012-08-17 08:00:00,0.2172462877782577
2012-08-17 09:00:00,0.11178578574155114
2012-08-17 10:00:00,0.06558070578507298
2012-08-17 11:00:00,0.0
2012-08-17 12:00:00,0.0
2012-08-17 13:00:00,0.0
2012-08-17 14:00:00,0.0
2012-08-17 15:00:00,0.0
2012-08-17 16:00:00,0.10004666680577945
2012-08-17 17:00:00,0.16473101138196566
2012-08-17 18:00:00,0.20242729974553297
2012-08-17 19:00:00,0.268493767473048
2012-08-17 20:00:00,0.6596292936847404
2012-08-17 21:00:00,0.672204213511628
2012-08-17 22:00:00,0.6907787685575566
2012-08-17 23:00:00,0.7622265222403387
2012-08-18 00:00:00,0.598037191065567
2012-08-18 01:00:00,0.41194532193847977
2012-08-18 02:00:00,0.3215643140701429
2012-08-18 03:00:00,0.3365682835669827
2012-08-18 04:00:00,0.281166488610026
2012-08-18 05:00:00,0.27605062149778686
2012-08-18 06:00:00,0.25439773642863805
2012-08-18 07:00:00,0.05990192351570564
2012-08-18 08:00:00,0.05285368756430095
2012-08-18 09:00:00,0.04954701547592187
2012-08-18 10:00:00,0.0
2012-08-18 11:00:00,0.04715962835971689
2012-08-18 12:00:00,0.05608436292699648
2012-08-18 13:00:00,0.05990192351570564
2012-08-18 14:00:00,0.04561142150829668
2012-08-18 15:00:00,0.05741262224116673
2012-08-18 16:00:00,0.08076139361463582
2012-08-18 17:00:00,0.11318309199126793
2012-08-18 18:00:00,0.36489137206637345
2012-08-18 19:00:00,0.49593072313529263
2012-08-18 20:00:00,0.48845450739012425
2012-08-18 21:00:00,0.5991019454586257
2012-08-18 22:00:00,0.45396721371438137
2012-08-18 23:00:00,0.37104974738016666
2012-08-19 00:00:00,0.268493767473048
2012-08-19 01:00:00,0.4203009587244833
2012-08-19 02:00:00,0.5275766207876164
2012-08-19 03:00:00,0.3812042372983568
2012-08-19 04:00:00,0.3996206599428263
2012-08-19 05:00:00,0.48197477899632485
2012-08-19 06:00:00,0.3286521803590784
2012-08-19 07:00:00,0.08076139361463582
2012-08-19 08:00:00,0.0682991648313535
2012-08-19 09:00:00,0.10364277746971289
2012-08-19 10:00:00,0.13955568816609062
2012-08-19 11:00:00,0.15243636980934763
2012-08-19 12:00:00,0.14777891894048636
2012-08-19 13:00:00,0.10134455343445713
2012-08-19 14:00:00,0.06854995710824976
2012-08-19 15:00:00,0.0
2012-08-19 16:00:00,0.0
2012-08-19 17:00:00,0.043538499699120325
2012-08-19 18:00:00,0.6699060814414552
2012-08-19 19:00:00,0.281166488610026
2012-08-19 20:00:00,0.2188756281730431
2012-08-19 21:00:00,0.1403639237400324
2012-08-19 22:00:00,0.0
2012-08-19 23:00:00,0.05097616947117639
2012-08-20 00:00:00,0.0
2012-08-20 01:00:00,0.0
2012-08-20 02:00:00,0.0
2012-08-20 03:00:00,0.0
2012-08-20 04:00:00,0.0
2012-08-20 05:00:00,0.0
2012-08-20 06:00:00,0.0
2012-08-20 07:00:00,0.0
2012-08-20 08:00:00,0.0
2012-08-20 09:00:00,0.0
2012-08-20 10:00:00,0.0
2012-08-20 11:00:00,0.0
2012-08-20 12:00:00,0.0
2012-08-20 13:00:00,0.08503613222484444
2012-08-20 14:00:00,0.0
2012-08-20 15:00:00,0.0
2012-08-20 16:00:00,0.0
2012-08-20 17:00:00,0.0
2012-08-20 18:00:00,0.24022412665945378
2012-08-20 19:00:00,0.2703698817572303
2012-08-20 20:00:00,0.38278272075234654
2012-08-20 21:00:00,0.20398176883266608
2012-08-20 22:00:00,0.06461035361271936
2012-08-20 23:00:00,0.0
2012-08-21 00:00:00,0.0
2012-08-21 01:00:00,0.07448893355571934
2012-08-21 02:00:00,0.07006761383272703
2012-08-21 03:00:00,0.0
2012-08-21 04:00:00,0.0
2012-08-21 05:00:00,0.0
2012-08-21 06:00:00,0.0
2012-08-21 07:00:00,0.0
2012-08-21 08:00:00,0.0
2012-08-21 09:00:00,0.0
2012-08-21 10:00:00,0.0
2012-08-21 11:00:00,0.0
2012-08-21 12:00:00,0.0
2012-08-21 13:00:00,0.22770318210095916
2012-08-21 14:00:00,0.0
2012-08-21 15:00:00,0.0
2012-08-21 16:00:00,0.2672478587110087
2012-08-21 17:00:00,0.15762770918424956
2012-08-21 18:00:00,0.3955677431107844
2012-08-21 19:00:00,0.2818103810821819
2012-08-21 20:00:00,0.0
2012-08-21 21:00:00,0.0
2012-08-21 22:00:00,0.0
2012-08-21 23:00:00,0.0
2012-08-22 00:00:00,0.0
2012-08-22 01:00:00,0.0
2012-08-22 02:00:00,0.059216030327826207
2012-08-22 03:00:00,0.06533721331467668
2012-08-22 04:00:00,0.08503613222484444
2012-08-22 05:00:00,0.0924913715704903
2012-08-22 06:00:00,0.05808454472245238
2012-08-22 07:00:00,0.0
2012-08-22 08:00:00,0.0
2012-08-22 09:00:00,0.0
2012-08-22 10:00:00,0.0
2012-08-22 11:00:00,0.0
2012-08-22 12:00:00,0.0
2012-08-22 13:00:00,0.0
2012-08-22 14:00:00,0.0
2012-08-22 15:00:00,0.0
2012-08-22 16:00:00,0.0
2012-08-22 17:00:00,0.0
2012-08-22 18:00:00,0.0
2012-08-22 19:00:00,0.05222281470258259
2012-08-22 20:00:00,0.059216030327826207
2012-08-22 21:00:00,0.0
2012-08-22 22:00:00,0.08048161998288747
2012-08-22 23:00:00,0.06880136256889209
2012-08-23 00:00:00,0.11109146608131042
2012-08-23 01:00:00,0.268493767473048
2012-08-23 02:00:00,0.09972393587169856
2012-08-23 03:00:00,0.0
2012-08-23 04:00:00,0.0
2012-08-23 05:00:00,0.05808454472245238
2012-08-23 06:00:00,0.0
2012-08-23 07:00:00,0.0
2012-08-23 08:00:00,0.0
2012-08-23 09:00:00,0.0
2012-08-23 10:00:00,0.0
2012-08-23 11:00:00,0.0
2012-08-23 12:00:00,0.0
2012-08-23 13:00:00,0.0
2012-08-23 14:00:00,0.0
2012-08-23 15:00:00,0.0
2012-08-23 16:00:00,0.0
2012-08-23 17:00:00,0.06631481138726687
2012-08-23 18:00:00,0.10698583928066888
2012-08-23 19:00:00,0.14610911652936112
2012-08-23 20:00:00,0.14861856988681163
2012-08-23 21:00:00,0.1343776612673673
2012-08-23 22:00:00,0.17390617435886366
2012-08-23 23:00:00,0.15982509007380716
2012-08-24 00:00:00,0.10936825816104831
2012-08-24 01:00:00,0.07006761383272703
2012-08-24 02:00:00,0.10397390430431595
2012-08-24 03:00:00,0.11248299238167538
2012-08-24 04:00:00,0.060362115546199954
2012-08-24 05:00:00,0.049143649631412
2012-08-24 06:00:00,0.0
2012-08-24 07:00:00,0.0
2012-08-24 08:00:00,0.0
2012-08-24 09:00:00,0.0
2012-08-24 10:00:00,0.0
2012-08-24 11:00:00,0.0
2012-08-24 12:00:00,0.0
2012-08-24 13:00:00,0.0
2012-08-24 14:00:00,0.0
2012-08-24 15:00:00,0.0
2012-08-24 16:00:00,0.08708158829369432
2012-08-24 17:00:00,0.06269845917099864
2012-08-24 18:00:00,0.11961516038516963
2012-08-24 19:00:00,0.28634517448786273
2012-08-24 20:00:00,0.15030740120891162
2012-08-24 21:00:00,0.3159679624636035
2012-08-24 22:00:00,0.09780211469140199
2012-08-24 23:00:00,0.049143649631412
2012-08-25 00:00:00,0.04715962835971689
2012-08-25 01:00:00,0.04335322973666977
2012-08-25 02:00:00,0.06461035361271932
2012-08-25 03:00:00,0.09279831171289007
2012-08-25 04:00:00,0.08737644669481304
2012-08-25 05:00:00,0.07555558477542072
2012-08-25 06:00:00,0.09096681946127146
2012-08-25 07:00:00,0.05222281470258259
2012-08-25 08:00:00,0.06317284651751755
2012-08-25 09:00:00,0.10199768496598159
2012-08-25 10:00:00,0.192265532357003
2012-08-25 11:00:00,0.2525963429637896
2012-08-25 12:00:00,0.2460640067986814
2012-08-25 13:00:00,0.4203009587244835
2012-08-25 14:00:00,0.1983207016338865
2012-08-25 15:00:00,0.26600581023638625
2012-08-25 16:00:00,0.38199293547052937
2012-08-25 17:00:00,0.41694527835570666
2012-08-25 18:00:00,0.45574052114252556
2012-08-25 19:00:00,0.37104974738016666
2012-08-25 20:00:00,0.07264653564275578
2012-08-25 21:00:00,0.132420736003919
2012-08-25 22:00:00,0.216704976679228
2012-08-25 23:00:00,0.37493369802442245
2012-08-26 00:00:00,0.44955408325123497
2012-08-26 01:00:00,0.37415475014763977
2012-08-26 02:00:00,0.3265149980413252
2012-08-26 03:00:00,0.41527415698809084
2012-08-26 04:00:00,0.22215870828507842
2012-08-26 05:00:00,0.16383166299243251
2012-08-26 06:00:00,0.13875056118667073
2012-08-26 07:00:00,0.09465422350182187
2012-08-26 08:00:00,0.16881882103951135
2012-08-26 09:00:00,0.15372334927928408
2012-08-26 10:00:00,0.2282626491289759
2012-08-26 11:00:00,0.2413846276854434
2012-08-26 12:00:00,0.2525963429637896
2012-08-26 13:00:00,0.25924327860396634
2012-08-26 14:00:00,0.27288493437822386
2012-08-26 15:00:00,0.38436555563970837
2012-08-26 16:00:00,0.4637775643001629
2012-08-26 17:00:00,0.12553321359068198
2012-08-26 18:00:00,0.3588015176029266
2012-08-26 19:00:00,0.7862418712641219
2012-08-26 20:00:00,0.5801288881110617
2012-08-26 21:00:00,0.5544481282896564
2012-08-26 22:00:00,0.656227200896671
2012-08-26 23:00:00,0.17484199033557632
2012-08-27 00:00:00,0.0
2012-08-27 01:00:00,0.04391062162311222
2012-08-27 02:00:00,0.23964527359146745
2012-08-27 03:00:00,0.3387490648213422
2012-08-27 04:00:00,0.3365682835669825
2012-08-27 05:00:00,0.2150864399980626
2012-08-27 06:00:00,0.07032271411850545
2012-08-27 07:00:00,0.0
2012-08-27 08:00:00,0.0
2012-08-27 09:00:00,0.0
2012-08-27 10:00:00,0.0
2012-08-27 11:00:00,0.08245366171059255
2012-08-27 12:00:00,0.15415394664639726
2012-08-27 13:00:00,0.0
2012-08-27 14:00:00,0.12515774061876614
2012-08-27 15:00:00,0.29822888437207845
2012-08-27 16:00:00,0.2293843309070457
2012-08-27 17:00:00,0.07609270778204756
2012-08-27 18:00:00,0.0
2012-08-27 19:00:00,0.0
2012-08-27 20:00:00,0.0
2012-08-27 21:00:00,0.0
2012-08-27 22:00:00,0.08503613222484444
2012-08-27 23:00:00,0.28439578137689214
2012-08-28 00:00:00,0.4601939802289665
2012-08-28 01:00:00,0.7037452702199511
2012-08-28 02:00:00,0.9338175537337908
2012-08-28 03:00:00,0.8722061526723256
2012-08-28 04:00:00,1.0178570915434375
2012-08-28 05:00:00,0.9352505215971798
2012-08-28 06:00:00,0.7156729044748822
2012-08-28 07:00:00,0.2691181713335942
2012-08-28 08:00:00,0.2172462877782577
2012-08-28 09:00:00,0.33079866824554827
2012-08-28 10:00:00,0.5236710725739787
2012-08-28 11:00:00,0.41694527835570666
2012-08-28 12:00:00,0.3180589201605044
2012-08-28 13:00:00,0.2883034553940087
2012-08-28 14:00:00,0.3279387532993452
2012-08-28 15:00:00,0.39637612380737497
2012-08-28 16:00:00,0.5285560325813597
2012-08-28 17:00:00,0.3009135994700935
2012-08-28 18:00:00,0.4486749034159718
2012-08-28 19:00:00,0.6768162332548425
2012-08-28 20:00:00,1.059365888031352
2012-08-28 21:00:00,1.1051900189132093
2012-08-28 22:00:00,0.9833649197252073
2012-08-28 23:00:00,1.1035882944975028
2012-08-29 00:00:00,0.9309560106187805
2012-08-29 01:00:00,0.9525606358560679
2012-08-29 02:00:00,0.936684954662755
2012-08-29 03:00:00,0.8763181707343197
2012-08-29 04:00:00,0.9338175537337905
2012-08-29 05:00:00,0.8451209706000884
2012-08-29 06:00:00,0.6393921007693961
2012-08-29 07:00:00,0.12894631897914202
2012-08-29 08:00:00,0.07881653636633666
2012-08-29 09:00:00,0.08590878815440793
2012-08-29 10:00:00,0.14736028202556156
2012-08-29 11:00:00,0.17158125649102515
2012-08-29 12:00:00,0.18977937112230622
2012-08-29 13:00:00,0.17814377604578896
2012-08-29 14:00:00,0.19376760006393773
2012-08-29 15:00:00,0.2150864399980626
2012-08-29 16:00:00,0.28569439024967264
2012-08-29 17:00:00,0.30906432082978436
2012-08-29 18:00:00,0.6990115735585043
2012-08-29 19:00:00,0.9878190067197905
2012-08-29 20:00:00,1.0254605743612208
2012-08-29 21:00:00,1.1310287903461134
2012-08-29 22:00:00,1.1277771523100264
2012-08-29 23:00:00,1.036168927926045
2012-08-30 00:00:00,0.9952723381331045
2012-08-30 01:00:00,0.8763181707343197
2012-08-30 02:00:00,0.5927323387013261
2012-08-30 03:00:00,0.6382801147565375
2012-08-30 04:00:00,0.5453919872227359
2012-08-30 05:00:00,0.6641836801454161
2012-08-30 06:00:00,0.45574052114252556
2012-08-30 07:00:00,0.11997947026837641
2012-08-30 08:00:00,0.08245366171059255
2012-08-30 09:00:00,0.17390617435886374
2012-08-30 10:00:00,0.1481983479780037
2012-08-30 11:00:00,0.15372334927928408
2012-08-30 12:00:00,0.20036698688588495
2012-08-30 13:00:00,0.2199663685046283
2012-08-30 14:00:00,0.28569439024967264
2012-08-30 15:00:00,0.2210607265454452
2012-08-30 16:00:00,0.2883034553940087
2012-08-30 17:00:00,0.41610915839441626
2012-08-30 18:00:00,0.45396721371438137
2012-08-30 19:00:00,0.31666392688879247
2012-08-30 20:00:00,0.5246456462805839
2012-08-30 21:00:00,0.632739519820743
2012-08-30 22:00:00,0.5413988952373618
2012-08-30 23:00:00,0.7096923820210036
2012-08-31 00:00:00,0.6907787685575566
2012-08-31 01:00:00,0.7061201116516179
2012-08-31 02:00:00,0.7448474414061664
2012-08-31 03:00:00,0.6416199458103975
2012-08-31 04:00:00,0.7387052450840205
2012-08-31 05:00:00,0.7180744894027723
2012-08-31 06:00:00,0.7061201116516179
2012-08-31 07:00:00,0.7913611729041237
2012-08-31 08:00:00,0.733815871626108
2012-08-31 09:00:00,0.9181513964531778
2012-08-31 10:00:00,0.9224064682616284
2012-08-31 11:00:00,0.8531867581496282
2012-08-31 12:00:00,0.7748042660316857
2012-08-31 13:00:00,0.849147479851789
2012-08-31 14:00:00,0.7180744894027723
2012-08-31 15:00:00,1.5
2012-08-31 16:00:00,0.9744969530702433
2012-08-31 17:00:00,0.5334712774269895
2012-08-31 18:00:00,0.8291422197577031
2012-08-31 19:00:00,1.5
2012-08-31 20:00:00,0.2150864399980626
2012-08-31 21:00:00,0.3279387532993452
2012-08-31 22:00:00,0.6494581487276929
2012-08-31 23:00:00,0.6338450632864288
2012-09-01 00:00:00,0.6619038754560965
2012-09-01 01:00:00,0.45930097792933383
2012-09-01 02:00:00,0.5256214283859261
2012-09-01 03:00:00,0.5885111154093096
2012-09-01 04:00:00,0.6733552478740252
2012-09-01 05:00:00,0.5404036769292768
2012-09-01 06:00:00,0.5354458760834978
2012-09-01 07:00:00,0.6427358063359371
2012-09-01 08:00:00,0.7786043891920202
2012-09-01 09:00:00,0.855886714245351
2012-09-01 10:00:00,1.0102912869576657
2012-09-01 11:00:00,1.0148262535621742
2012-09-01 12:00:00,1.2126590922819598
2012-09-01 13:00:00,1.4770270794988412
2012-09-01 14:00:00,1.5
2012-09-01 15:00:00,1.5
2012-09-01 16:00:00,1.5
2012-09-01 17:00:00,0.39637612380737497
2012-09-01 18:00:00,0.0
2012-09-01 19:00:00,0.4764665494060229
2012-09-01 20:00:00,0.21080978559419253
2012-09-01 21:00:00,0.5295366557686336
2012-09-01 22:00:00,0.814673118438371
2012-09-01 23:00:00,0.809453658961001
2012-09-02 00:00:00,0.8344458853106681
2012-09-02 01:00:00,0.5615606937546461
2012-09-02 02:00:00,0.679130132907055
2012-09-02 03:00:00,0.7350361860187284
2012-09-02 04:00:00,0.35578216589838657
2012-09-02 05:00:00,0.4211426826910715
2012-09-02 06:00:00,0.5585050497830658
2012-09-02 07:00:00,0.49311826828659394
2012-09-02 08:00:00,0.393149197051296
2012-09-02 09:00:00,0.42621663668526527
2012-09-02 10:00:00,0.35653540947191226
2012-09-02 11:00:00,0.2556034109033437
2012-09-02 12:00:00,0.47100044756055603
2012-09-02 13:00:00,0.8331178549733341
2012-09-02 14:00:00,0.4530822876211812
2012-09-02 15:00:00,0.33584344185597764
2012-09-02 16:00:00,0.33223483991290104
2012-09-02 17:00:00,0.20606674530520866
2012-09-02 18:00:00,0.17437366382498062
2012-09-02 19:00:00,0.3343968820024518
2012-09-02 20:00:00,0.16881882103951137
2012-09-02 21:00:00,0.14694243648453115
2012-09-02 22:00:00,0.0931059301757708
2012-09-02 23:00:00,0.11744477742440744
2012-09-03 00:00:00,0.1800490410153775
2012-09-03 01:00:00,0.12515774061876614
2012-09-03 02:00:00,0.0
2012-09-03 03:00:00,0.04335322973666977
2012-09-03 04:00:00,0.0
2012-09-03 05:00:00,0.0
2012-09-03 06:00:00,0.07936898672051922
2012-09-03 07:00:00,0.0629353548624133
2012-09-03 08:00:00,0.062462158694575554
2012-09-03 09:00:00,0.08388181145212548
2012-09-03 10:00:00,0.07528797374434842
2012-09-03 11:00:00,0.06461035361271936
2012-09-03 12:00:00,0.0
2012-09-03 13:00:00,0.0
2012-09-03 14:00:00,0.07528797374434842
2012-09-03 15:00:00,0.11961516038516963
2012-09-03 16:00:00,0.09559138725990211
2012-09-03 17:00:00,0.08737644669481309
2012-09-03 18:00:00,0.0
2012-09-03 19:00:00,0.10902576908404074
2012-09-03 20:00:00,0.12218087403762205
2012-09-03 21:00:00,0.08915958502817586
2012-09-03 22:00:00,0.04298426806736881
2012-09-03 23:00:00,0.06128955833289958
2012-09-04 00:00:00,0.06175682106827448
2012-09-04 01:00:00,0.08678739398779249
2012-09-04 02:00:00,0.0
2012-09-04 03:00:00,0.0
2012-09-04 04:00:00,0.0
2012-09-04 05:00:00,0.0
2012-09-04 06:00:00,0.0
2012-09-04 07:00:00,0.0
2012-09-04 08:00:00,0.0
2012-09-04 09:00:00,0.07264653564275578
2012-09-04 10:00:00,0.06013172604129659
2012-09-04 11:00:00,0.0
2012-09-04 12:00:00,0.0
2012-09-04 13:00:00,0.0
2012-09-04 14:00:00,0.0
2012-09-04 15:00:00,0.0
2012-09-04 16:00:00,0.0
2012-09-04 17:00:00,0.0
2012-09-04 18:00:00,0.0
2012-09-04 19:00:00,0.0
2012-09-04 20:00:00,0.0
2012-09-04 21:00:00,0.07582382920508765
2012-09-04 22:00:00,0.053489620876494545
2012-09-04 23:00:00,0.09434320220606497
2012-09-05 00:00:00,0.0
2012-09-05 01:00:00,0.4219855297048136
2012-09-05 02:00:00,0.08273798443201207
2012-09-05 03:00:00,0.1776695692602958
2012-09-05 04:00:00,0.0
2012-09-05 05:00:00,0.0
2012-09-05 06:00:00,0.0
2012-09-05 07:00:00,0.05036035667179103
2012-09-05 08:00:00,0.1270426149203143
2012-09-05 09:00:00,0.11708561933284438
2012-09-05 10:00:00,0.0
2012-09-05 11:00:00,0.0
2012-09-05 12:00:00,0.0
2012-09-05 13:00:00,0.0
2012-09-05 14:00:00,0.19934209380372192
2012-09-05 15:00:00,0.0
2012-09-05 16:00:00,0.10834293744748566
2012-09-05 17:00:00,0.06199134039191158
2012-09-05 18:00:00,0.0
2012-09-05 19:00:00,0.0
2012-09-05 20:00:00,0.0
2012-09-05 21:00:00,0.07422384863204516
2012-09-05 22:00:00,0.07992401259617452
2012-09-05 23:00:00,0.11178578574155114
2012-09-06 00:00:00,0.0
2012-09-06 01:00:00,0.0
2012-09-06 02:00:00,0.05015619331272233
2012-09-06 03:00:00,0.05370272668570026
2012-09-06 04:00:00,0.06436927045281707
2012-09-06 05:00:00,0.059444076407668536
2012-09-06 06:00:00,0.0
2012-09-06 07:00:00,0.0
2012-09-06 08:00:00,0.0
2012-09-06 09:00:00,0.0
2012-09-06 10:00:00,0.0
2012-09-06 11:00:00,0.0
2012-09-06 12:00:00,0.0
2012-09-06 13:00:00,0.0
2012-09-06 14:00:00,0.0
2012-09-06 15:00:00,0.14694243648453115
2012-09-06 16:00:00,0.11565630923403553
2012-09-06 17:00:00,0.0
2012-09-06 18:00:00,0.2356193178772308
2012-09-06 19:00:00,0.15806556368207098
2012-09-06 20:00:00,0.14903958541560827
2012-09-06 21:00:00,0.5514183638166889
2012-09-06 22:00:00,0.194270022286124
2012-09-06 23:00:00,0.16790464168926464
2012-09-07 00:00:00,0.19985410235641332
2012-09-07 01:00:00,0.3215643140701429
2012-09-07 02:00:00,0.3819929354705292
2012-09-07 03:00:00,0.39799618770788664
2012-09-07 04:00:00,0.29092835700061015
2012-09-07 05:00:00,0.25985326253905716
2012-09-07 06:00:00,0.18487153027699574
2012-09-07 07:00:00,0.09590514429852574
2012-09-07 08:00:00,0.1481983479780037
2012-09-07 09:00:00,0.15806556368207098
2012-09-07 10:00:00,0.2466531462298989
2012-09-07 11:00:00,0.23447738456418485
2012-09-07 12:00:00,0.22770318210095922
2012-09-07 13:00:00,0.24488854378981026
2012-09-07 14:00:00,0.3343968820024518
2012-09-07 15:00:00,0.37649483564077196
2012-09-07 16:00:00,0.38436555563970837
2012-09-07 17:00:00,0.5374253412776727
2012-09-07 18:00:00,1.5
2012-09-07 19:00:00,1.321455337480887
2012-09-07 20:00:00,0.492183151718692
2012-09-07 21:00:00,0.09748423157753519
2012-09-07 22:00:00,0.37571372627256716
2012-09-07 23:00:00,0.7301630338539055
2012-09-08 00:00:00,0.6584939595215532
2012-09-08 01:00:00,0.4313311820957875
2012-09-08 02:00:00,0.22994654715449503
2012-09-08 03:00:00,0.17065712245080675
2012-09-08 04:00:00,0.5053827721401404
2012-09-08 05:00:00,0.6012352441545378
2012-09-08 06:00:00,0.6676131932527939
2012-09-08 07:00:00,0.5178489647807437
2012-09-08 08:00:00,0.3979961877078867
2012-09-08 09:00:00,0.3733768818935209
2012-09-08 10:00:00,0.3250953696072465
2012-09-08 11:00:00,0.3812042372983569
2012-09-08 12:00:00,0.40124954650177863
2012-09-08 13:00:00,0.2537963235894253
2012-09-08 14:00:00,0.23733916014995593
2012-09-08 15:00:00,0.3279387532993452
2012-09-08 16:00:00,0.3152730185139282
2012-09-08 17:00:00,0.2537963235894253
2012-09-08 18:00:00,0.3490506583188086
2012-09-08 19:00:00,0.341671398728356
2012-09-08 20:00:00,0.3336751623625345
2012-09-08 21:00:00,0.10664834476870352
2012-09-08 22:00:00,0.07690315588366545
2012-09-08 23:00:00,0.10331235441132623
2012-09-09 00:00:00,0.08796815877749393
2012-09-09 01:00:00,0.0
2012-09-09 02:00:00,0.050360356671791055
2012-09-09 03:00:00,0.057189805068872675
2012-09-09 04:00:00,0.047552078185891404
2012-09-09 05:00:00,0.062462158694575574
2012-09-09 06:00:00,0.05808454472245238
2012-09-09 07:00:00,0.0
2012-09-09 08:00:00,0.0
2012-09-09 09:00:00,0.0
2012-09-09 10:00:00,0.059216030327826186
2012-09-09 11:00:00,0.06269845917099866
2012-09-09 12:00:00,0.09875990882569836
2012-09-09 13:00:00,0.14903958541560827
2012-09-09 14:00:00,0.194270022286124
2012-09-09 15:00:00,0.2995692369075673
2012-09-09 16:00:00,0.2722547153795149
2012-09-09 17:00:00,0.216704976679228
2012-09-09 18:00:00,0.38041662548713123
2012-09-09 19:00:00,0.5139916327249116
2012-09-09 20:00:00,0.7120805764833292
2012-09-09 21:00:00,0.899863939053403
2012-09-09 22:00:00,0.8344458853106681
2012-09-09 23:00:00,0.8199149669838004
2012-09-10 00:00:00,0.8873466924396199
2012-09-10 01:00:00,0.6427358063359371
2012-09-10 02:00:00,0.748549050870166
2012-09-10 03:00:00,0.6033736010548307
2012-09-10 04:00:00,0.4737282426226095
2012-09-10 05:00:00,0.4313311820957875
2012-09-10 06:00:00,0.2580261760014231
2012-09-10 07:00:00,0.04316848610898528
2012-09-10 08:00:00,0.0
2012-09-10 09:00:00,0.0
2012-09-10 10:00:00,0.0
2012-09-10 11:00:00,0.0
2012-09-10 12:00:00,0.0
2012-09-10 13:00:00,0.0
2012-09-10 14:00:00,0.0
2012-09-10 15:00:00,0.0
2012-09-10 16:00:00,0.0
2012-09-10 17:00:00,0.0
2012-09-10 18:00:00,0.04372429674503512
2012-09-10 19:00:00,0.13398474437835983
2012-09-10 20:00:00,0.19077124736684434
2012-09-10 21:00:00,0.17578115748499598
2012-09-10 22:00:00,0.18928472487861311
2012-09-10 23:00:00,0.12218087403762205
2012-09-11 00:00:00,0.10167076955820543
2012-09-11 01:00:00,0.09621958714461132
2012-09-11 02:00:00,0.09940189972945675
2012-09-11 03:00:00,0.18293233430939915
2012-09-11 04:00:00,0.15982509007380716
2012-09-11 05:00:00,0.15675442746785528
2012-09-11 06:00:00,0.18682438249798314
2012-09-11 07:00:00,0.0
2012-09-11 08:00:00,0.0
2012-09-11 09:00:00,0.0
2012-09-11 10:00:00,0.0
2012-09-11 11:00:00,0.0
2012-09-11 12:00:00,0.0
2012-09-11 13:00:00,0.0
2012-09-11 14:00:00,0.0
2012-09-11 15:00:00,0.0
2012-09-11 16:00:00,0.0
2012-09-11 17:00:00,0.0
2012-09-11 18:00:00,0.0
2012-09-11 19:00:00,0.07134930699492735
2012-09-11 20:00:00,0.10037009328039771
2012-09-11 21:00:00,0.14861856988681169
2012-09-11 22:00:00,0.13048290254208605
2012-09-11 23:00:00,0.07826665554404211
2012-09-12 00:00:00,0.11109146608131042
2012-09-12 01:00:00,0.15030740120891162
2012-09-12 02:00:00,0.16881882103951137
2012-09-12 03:00:00,0.17578115748499598
2012-09-12 04:00:00,0.09716703801462076
2012-09-12 05:00:00,0.08796815877749393
2012-09-12 06:00:00,0.09066393351909703
2012-09-12 07:00:00,0.0
2012-09-12 08:00:00,0.0
2012-09-12 09:00:00,0.0
2012-09-12 10:00:00,0.04894279027706989
2012-09-12 11:00:00,0.13875056118667073
2012-09-12 12:00:00,0.1589437037004527
2012-09-12 13:00:00,0.10037009328039771
2012-09-12 14:00:00,0.13398474437835983
2012-09-12 15:00:00,0.1554505618609137
2012-09-12 16:00:00,0.11109146608131042
2012-09-12 17:00:00,0.11318309199126793
2012-09-12 18:00:00,0.15631899875188632
2012-09-12 19:00:00,0.37963009928815433
2012-09-12 20:00:00,0.3535288021064741
2012-09-12 21:00:00,0.398807872409204
2012-09-12 22:00:00,0.39074052931457276
2012-09-12 23:00:00,0.2935691429861554
2012-09-13 00:00:00,0.2988985597607921
2012-09-13 01:00:00,0.32226846925257385
2012-09-13 02:00:00,0.25439773642863805
2012-09-13 03:00:00,0.22215870828507842
2012-09-13 04:00:00,0.2172462877782577
2012-09-13 05:00:00,0.13595701046592962
2012-09-13 06:00:00,0.10698583928066888
2012-09-13 07:00:00,0.10069421604425131
2012-09-13 08:00:00,0.1481983479780037
2012-09-13 09:00:00,0.15158238653524506
2012-09-13 10:00:00,0.16026700251534448
2012-09-13 11:00:00,0.0833085892177855
2012-09-13 12:00:00,0.12440904226663814
2012-09-13 13:00:00,0.07964617734381367
2012-09-13 14:00:00,0.11888875451904549
2012-09-13 15:00:00,0.07264653564275578
2012-09-13 16:00:00,0.0
2012-09-13 17:00:00,0.0
2012-09-13 18:00:00,0.0
2012-09-13 19:00:00,0.0
2012-09-13 20:00:00,0.0
2012-09-13 21:00:00,0.0
2012-09-13 22:00:00,0.0
2012-09-13 23:00:00,0.0
2012-09-14 00:00:00,0.0
2012-09-14 01:00:00,0.1090257690840407
2012-09-14 02:00:00,0.22051309493703375
2012-09-14 03:00:00,0.0
2012-09-14 04:00:00,0.0
2012-09-14 05:00:00,0.0
2012-09-14 06:00:00,0.09875990882569836
2012-09-14 07:00:00,0.05652481403462054
2012-09-14 08:00:00,0.06930601603620705
2012-09-14 09:00:00,0.07475464888319587
2012-09-14 10:00:00,0.07854127513805244
2012-09-14 11:00:00,0.10936825816104831
2012-09-14 12:00:00,0.11005538657601395
2012-09-14 13:00:00,0.12666413667421478
2012-09-14 14:00:00,0.20398176883266608
2012-09-14 15:00:00,0.34830799759296277
2012-09-14 16:00:00,0.38041662548713123
2012-09-14 17:00:00,0.28569439024967264
2012-09-14 18:00:00,0.2616889538639841
2012-09-14 19:00:00,0.2672478587110087
2012-09-14 20:00:00,0.3718243812584825
2012-09-14 21:00:00,0.36489137206637345
2012-09-14 22:00:00,0.3402081399123506
2012-09-14 23:00:00,0.33802109430096683
2012-09-15 00:00:00,0.2616889538639841
2012-09-15 01:00:00,0.25985326253905716
2012-09-15 02:00:00,0.311813579693825
2012-09-15 03:00:00,0.34979437396028107
2012-09-15 04:00:00,0.3159679624636035
2012-09-15 05:00:00,0.37963009928815433
2012-09-15 06:00:00,0.43821399769361963
2012-09-15 07:00:00,0.20869288313716045
2012-09-15 08:00:00,0.10936825816104831
2012-09-15 09:00:00,0.10834293744748566
2012-09-15 10:00:00,0.09006018012483266
2012-09-15 11:00:00,0.08302296001817701
2012-09-15 12:00:00,0.060362115546199954
2012-09-15 13:00:00,0.06631481138726687
2012-09-15 14:00:00,0.04774911693381615
2012-09-15 15:00:00,0.0
2012-09-15 16:00:00,0.047552078185891404
2012-09-15 17:00:00,0.05370272668570029
2012-09-15 18:00:00,0.11780466924011086
2012-09-15 19:00:00,0.2889581942555764
2012-09-15 20:00:00,0.40288285337432844
2012-09-15 21:00:00,0.40780935576941113
2012-09-15 22:00:00,0.40124954650177863
2012-09-15 23:00:00,0.33367516236253464
2012-09-16 00:00:00,0.23220459867001078
2012-09-16 01:00:00,0.18633488654853755
2012-09-16 02:00:00,0.09527831528004234
2012-09-16 03:00:00,0.08020249322629974
2012-09-16 04:00:00,0.16383166299243251
2012-09-16 05:00:00,0.13048290254208605
2012-09-16 06:00:00,0.08975931117534654
2012-09-16 07:00:00,0.05201364479930203
2012-09-16 08:00:00,0.0
2012-09-16 09:00:00,0.0
2012-09-16 10:00:00,0.050360356671791055
2012-09-16 11:00:00,0.0
2012-09-16 12:00:00,0.0
2012-09-16 13:00:00,0.0
2012-09-16 14:00:00,0.0
2012-09-16 15:00:00,0.0
2012-09-16 16:00:00,0.0
2012-09-16 17:00:00,0.0
2012-09-16 18:00:00,0.0
2012-09-16 19:00:00,0.05264283533638394
2012-09-16 20:00:00,0.14362807177271428
2012-09-16 21:00:00,0.07826665554404214
2012-09-16 22:00:00,0.11601253991601754
2012-09-16 23:00:00,0.054776749711702453
2012-09-17 00:00:00,0.09187952325234106
2012-09-17 01:00:00,0.07134930699492735
2012-09-17 02:00:00,0.07032271411850545
2012-09-17 03:00:00,0.07854127513805244
2012-09-17 04:00:00,0.0
2012-09-17 05:00:00,0.0
2012-09-17 06:00:00,0.05285368756430097
2012-09-17 07:00:00,0.19126847886508566
2012-09-17 08:00:00,0.08188697186719743
2012-09-17 09:00:00,0.15806556368207098
2012-09-17 10:00:00,0.24724322527723502
2012-09-17 11:00:00,0.10298263438045788
2012-09-17 12:00:00,0.09066393351909703
2012-09-17 13:00:00,0.0
2012-09-17 14:00:00,0.14158211881789032
2012-09-17 15:00:00,0.0
2012-09-17 16:00:00,0.0
2012-09-17 17:00:00,0.0
2012-09-17 18:00:00,0.0
2012-09-17 19:00:00,0.0
2012-09-17 20:00:00,0.06981313122288323
2012-09-17 21:00:00,0.10167076955820543
2012-09-17 22:00:00,0.04874247896973885
2012-09-17 23:00:00,0.04618796359480644
2012-09-18 00:00:00,0.13915273647641455
2012-09-18 01:00:00,0.26414996246114214
2012-09-18 02:00:00,0.3180589201605044
2012-09-18 03:00:00,0.6217547061124061
2012-09-18 04:00:00,0.7710165278353642
2012-09-18 05:00:00,0.8518389120196136
2012-09-18 06:00:00,0.8029607462431817
2012-09-18 07:00:00,0.8708383440048029
2012-09-18 08:00:00,0.7913611729041237
2012-09-18 09:00:00,0.7497856404621395
2012-09-18 10:00:00,0.7559890203932266
2012-09-18 11:00:00,0.728948120569397
2012-09-18 12:00:00,0.7559890203932266
2012-09-18 13:00:00,0.6393921007693961
2012-09-18 14:00:00,0.5025346605443072
2012-09-18 15:00:00,0.6676131932527939
2012-09-18 16:00:00,0.45485329130526364
2012-09-18 17:00:00,0.25985326253905716
2012-09-18 18:00:00,0.7939291357704595
2012-09-18 19:00:00,0.5159178954319185
2012-09-18 20:00:00,0.3603175783526152
2012-09-18 21:00:00,0.27162546744224525
2012-09-18 22:00:00,0.1932660448341542
2012-09-18 23:00:00,0.06533721331467668
2012-09-19 00:00:00,0.044850189700365826
2012-09-19 01:00:00,0.060362115546199954
2012-09-19 02:00:00,0.0
2012-09-19 03:00:00,0.0
2012-09-19 04:00:00,0.0
2012-09-19 05:00:00,0.0
2012-09-19 06:00:00,0.0
2012-09-19 07:00:00,0.0
2012-09-19 08:00:00,0.0
2012-09-19 09:00:00,0.0
2012-09-19 10:00:00,0.0
2012-09-19 11:00:00,0.0
2012-09-19 12:00:00,0.0
2012-09-19 13:00:00,0.0
2012-09-19 14:00:00,0.0
2012-09-19 15:00:00,0.0
2012-09-19 16:00:00,0.05876168937300339
2012-09-19 17:00:00,0.1375486862300525
2012-09-19 18:00:00,0.20191090382196045
2012-09-19 19:00:00,0.3159679624636035
2012-09-19 20:00:00,0.33367516236253464
2012-09-19 21:00:00,0.3595590152790709
2012-09-19 22:00:00,0.32015908235187845
2012-09-19 23:00:00,0.5666781657012686
2012-09-20 00:00:00,0.6261332443523371
2012-09-20 01:00:00,0.5595223629208557
2012-09-20 02:00:00,0.4339037271192937
2012-09-20 03:00:00,0.49405456854619584
2012-09-20 04:00:00,0.5053827721401404
2012-09-20 05:00:00,0.573894720840516
2012-09-20 06:00:00,0.6438529598630998
2012-09-20 07:00:00,0.23390780412219875
2012-09-20 08:00:00,0.05876168937300339
2012-09-20 09:00:00,0.10698583928066888
2012-09-20 10:00:00,0.16699376858983891
2012-09-20 11:00:00,0.3083795404568513
2012-09-20 12:00:00,0.33151623560578874
2012-09-20 13:00:00,0.3394780797755709
2012-09-20 14:00:00,0.14117527389808093
2012-09-20 15:00:00,0.26414996246114214
2012-09-20 16:00:00,0.10800259339054201
2012-09-20 17:00:00,0.09716703801462076
2012-09-20 18:00:00,0.07909243997759287
2012-09-20 19:00:00,0.0
2012-09-20 20:00:00,0.12366333571212808
2012-09-20 21:00:00,0.12144410693845654
2012-09-20 22:00:00,0.05586499800165332
2012-09-20 23:00:00,0.0
2012-09-21 00:00:00,0.0
2012-09-21 01:00:00,0.0
2012-09-21 02:00:00,0.0
2012-09-21 03:00:00,0.0
2012-09-21 04:00:00,0.0
2012-09-21 05:00:00,0.06631481138726691
2012-09-21 06:00:00,0.04638121842252085
2012-09-21 07:00:00,0.0
2012-09-21 08:00:00,0.0
2012-09-21 09:00:00,0.13875056118667073
2012-09-21 10:00:00,0.1762519996212162
2012-09-21 11:00:00,0.48474474223291086
2012-09-21 12:00:00,1.0072754940647732
2012-09-21 13:00:00,0.6283302011044195
2012-09-21 14:00:00,0.598037191065567
2012-09-21 15:00:00,1.0224146538566814
2012-09-21 16:00:00,0.8735753928506212
2012-09-21 17:00:00,0.6919509042272766
2012-09-21 18:00:00,0.9525606358560684
2012-09-21 19:00:00,1.1261536729735542
2012-09-21 20:00:00,1.209252748510847
2012-09-21 21:00:00,0.6768162332548425
2012-09-21 22:00:00,0.47829793708947327
2012-09-21 23:00:00,0.5564741243222076
2012-09-22 00:00:00,0.7977914869735885
2012-09-22 01:00:00,0.728948120569397
2012-09-22 02:00:00,0.6087416622563805
2012-09-22 03:00:00,0.44955408325123497
2012-09-22 04:00:00,0.4228295005144076
2012-09-22 05:00:00,0.2805235776810827
2012-09-22 06:00:00,0.19985410235641332
2012-09-22 07:00:00,0.07264653564275582
2012-09-22 08:00:00,0.0
2012-09-22 09:00:00,0.0
2012-09-22 10:00:00,0.07799267683560764
2012-09-22 11:00:00,0.30293767521679454
2012-09-22 12:00:00,0.5615606937546461
2012-09-22 13:00:00,0.8003733344462356
2012-09-22 14:00:00,0.7180744894027723
2012-09-22 15:00:00,0.6261332443523371
2012-09-22 16:00:00,0.4921831517186921
2012-09-22 17:00:00,0.5666781657012686
2012-09-22 18:00:00,0.9012619666737414
2012-09-22 19:00:00,1.4557427395732825
2012-09-22 20:00:00,1.1940031281717638
2012-09-22 21:00:00,1.1019881183894726
2012-09-22 22:00:00,1.0484980280792673
2012-09-22 23:00:00,1.0987924081016474
2012-09-23 00:00:00,0.9224064682616284
2012-09-23 01:00:00,0.8212289330272778
2012-09-23 02:00:00,0.6438529598630998
2012-09-23 03:00:00,0.4012495465017785
2012-09-23 04:00:00,0.2635332701910523
2012-09-23 05:00:00,0.14988400032796012
2012-09-23 06:00:00,0.08767196993984692
2012-09-23 07:00:00,0.05391639776197344
2012-09-23 08:00:00,0.0
2012-09-23 09:00:00,0.04954701547592187
2012-09-23 10:00:00,0.0
2012-09-23 11:00:00,0.06905338196197848
2012-09-23 12:00:00,0.04618796359480644
2012-09-23 13:00:00,0.05243254463204386
2012-09-23 14:00:00,0.054776749711702453
2012-09-23 15:00:00,0.05741262224116674
2012-09-23 16:00:00,0.0
2012-09-23 17:00:00,0.08767196993984692
2012-09-23 18:00:00,0.19730280438679376
2012-09-23 19:00:00,0.216704976679228
2012-09-23 20:00:00,0.20088074814083454
2012-09-23 21:00:00,0.0931059301757708
2012-09-23 22:00:00,0.07936898672051922
2012-09-23 23:00:00,0.10664834476870352
2012-09-24 00:00:00,0.09748423157753519
2012-09-24 01:00:00,0.11388609055991356
2012-09-24 02:00:00,0.08620099466684743
2012-09-24 03:00:00,0.07238584258215122
2012-09-24 04:00:00,0.05542798566441434
2012-09-24 05:00:00,0.06082465848873633
2012-09-24 06:00:00,0.0511825504740249
2012-09-24 07:00:00,0.0511825504740249
2012-09-24 08:00:00,0.0
2012-09-24 09:00:00,0.056304301355086184
2012-09-24 10:00:00,0.06013172604129659
2012-09-24 11:00:00,0.04335322973666975
2012-09-24 12:00:00,0.0
2012-09-24 13:00:00,0.05674590171429767
2012-09-24 14:00:00,0.06533721331467664
2012-09-24 15:00:00,0.08302296001817701
2012-09-24 16:00:00,0.14903958541560827
2012-09-24 17:00:00,0.35653540947191226
2012-09-24 18:00:00,0.6954752654050792
2012-09-24 19:00:00,0.728948120569397
2012-09-24 20:00:00,0.7192772939928677
2012-09-24 21:00:00,0.767241154388206
2012-09-24 22:00:00,0.5759677882714727
2012-09-24 23:00:00,0.4094604037921992
2012-09-25 00:00:00,0.2243655668191333
2012-09-25 01:00:00,0.37027619012972257
2012-09-25 02:00:00,0.3772770268777351
2012-09-25 03:00:00,0.6316352626183972
2012-09-25 04:00:00,0.6393921007693961
2012-09-25 05:00:00,0.20816588115626697
2012-09-25 06:00:00,0.18780594467746048
2012-09-25 07:00:00,0.45930097792933394
2012-09-25 08:00:00,0.11494603706332349
2012-09-25 09:00:00,0.12932932759746027
2012-09-25 10:00:00,0.20711454031363097
2012-09-25 11:00:00,0.1978113165193463
2012-09-25 12:00:00,0.25439773642863805
2012-09-25 13:00:00,0.3788446579527282
2012-09-25 14:00:00,0.4996972695566046
2012-09-25 15:00:00,0.5916751469078015
2012-09-25 16:00:00,0.6152252470693232
2012-09-25 17:00:00,0.2299465471544951
2012-09-25 18:00:00,0.23333914682497311
2012-09-25 19:00:00,0.5564741243222076
2012-09-25 20:00:00,0.2134759825181219
2012-09-25 21:00:00,0.1701963023873874
2012-09-25 22:00:00,0.14988400032796012
2012-09-25 23:00:00,0.15073159870464414
2012-09-26 00:00:00,0.3505391452660779
2012-09-26 01:00:00,0.4304759321492783
2012-09-26 02:00:00,0.7313792962923948
2012-09-26 03:00:00,0.7824169175312163
2012-09-26 04:00:00,0.8291422197577031
2012-09-26 05:00:00,0.7900792706055869
2012-09-26 06:00:00,0.5822169324988624
2012-09-26 07:00:00,0.22381248843202578
2012-09-26 08:00:00,0.07134930699492735
2012-09-26 09:00:00,0.08856253622541992
2012-09-26 10:00:00,0.16473101138196566
2012-09-26 11:00:00,0.2722547153795149
2012-09-26 12:00:00,0.5811722851420466
2012-09-26 13:00:00,1.0224146538566814
2012-09-26 14:00:00,0.464676357779619
2012-09-26 15:00:00,0.07663237037263831
2012-09-26 16:00:00,0.46737970410513324
2012-09-26 17:00:00,0.30769577232375295
2012-09-26 18:00:00,0.3438741445389505
2012-09-26 19:00:00,0.23964527359146745
2012-09-26 20:00:00,0.10037009328039771
2012-09-26 21:00:00,0.10463827229696371
2012-09-26 22:00:00,0.15631899875188632
2012-09-26 23:00:00,0.16338321890864865
2012-09-27 00:00:00,0.22051309493703375
2012-09-27 01:00:00,0.15675442746785528
2012-09-27 02:00:00,0.18438545288308655
2012-09-27 03:00:00,0.16159762584377357
2012-09-27 04:00:00,0.0
2012-09-27 05:00:00,0.0
2012-09-27 06:00:00,0.0
2012-09-27 07:00:00,0.0
2012-09-27 08:00:00,0.0
2012-09-27 09:00:00,0.0
2012-09-27 10:00:00,0.0
2012-09-27 11:00:00,0.0
2012-09-27 12:00:00,0.0
2012-09-27 13:00:00,0.0
2012-09-27 14:00:00,0.0
2012-09-27 15:00:00,0.0
2012-09-27 16:00:00,0.0
2012-09-27 17:00:00,0.0
2012-09-27 18:00:00,0.06582480245483804
2012-09-27 19:00:00,0.16790464168926475
2012-09-27 20:00:00,0.17390617435886366
2012-09-27 21:00:00,0.06680724610154808
2012-09-27 22:00:00,0.0
2012-09-27 23:00:00,0.0
2012-09-28 00:00:00,0.0
2012-09-28 01:00:00,0.0
2012-09-28 02:00:00,0.0
2012-09-28 03:00:00,0.0
2012-09-28 04:00:00,0.0
2012-09-28 05:00:00,0.0
2012-09-28 06:00:00,0.0
2012-09-28 07:00:00,0.14403961327572112
2012-09-28 08:00:00,0.048144825842831106
2012-09-28 09:00:00,0.0629353548624133
2012-09-28 10:00:00,0.0
2012-09-28 11:00:00,0.0682991648313535
2012-09-28 12:00:00,0.04834349750131756
2012-09-28 13:00:00,0.0
2012-09-28 14:00:00,0.0833085892177855
2012-09-28 15:00:00,0.07936898672051922
2012-09-28 16:00:00,0.09621958714461132
2012-09-28 17:00:00,0.1375486862300525
2012-09-28 18:00:00,0.27288493437822386
2012-09-28 19:00:00,0.4637775643001629
2012-09-28 20:00:00,0.48382024519889577
2012-09-28 21:00:00,0.4637775643001629
2012-09-28 22:00:00,0.4313311820957875
2012-09-28 23:00:00,0.33079866824554827
2012-09-29 00:00:00,0.49875385142414136
2012-09-29 01:00:00,0.341671398728356
2012-09-29 02:00:00,0.22051309493703375
2012-09-29 03:00:00,0.2556034109033437
2012-09-29 04:00:00,0.3718243812584825
2012-09-29 05:00:00,0.35804508457548406
2012-09-29 06:00:00,0.3695037087584515
2012-09-29 07:00:00,0.142807341924837
2012-09-29 08:00:00,0.0
2012-09-29 09:00:00,0.10004666680577945
2012-09-29 10:00:00,0.12403581538902991
2012-09-29 11:00:00,0.15030740120891162
2012-09-29 12:00:00,0.11672719421672381
2012-09-29 13:00:00,0.11852665703873184
2012-09-29 14:00:00,0.11565630923403553
2012-09-29 15:00:00,0.09653471654685694
2012-09-29 16:00:00,0.09066393351909703
2012-09-29 17:00:00,0.13794853681218786
2012-09-29 18:00:00,0.1983207016338864
2012-09-29 19:00:00,0.1725087207404037
2012-09-29 20:00:00,0.10834293744748566
2012-09-29 21:00:00,0.1135342285313601
2012-09-29 22:00:00,0.0879681587774939
2012-09-29 23:00:00,0.053277079585658145
2012-09-30 00:00:00,0.0
2012-09-30 01:00:00,0.0
2012-09-30 02:00:00,0.0
2012-09-30 03:00:00,0.0
2012-09-30 04:00:00,0.0
2012-09-30 05:00:00,0.0
2012-09-30 06:00:00,0.0
2012-09-30 07:00:00,0.0
2012-09-30 08:00:00,0.0
2012-09-30 09:00:00,0.0
2012-09-30 10:00:00,0.0
2012-09-30 11:00:00,0.0
2012-09-30 12:00:00,0.0
2012-09-30 13:00:00,0.0
2012-09-30 14:00:00,0.0
2012-09-30 15:00:00,0.0
2012-09-30 16:00:00,0.0
2012-09-30 17:00:00,0.0
2012-09-30 18:00:00,0.07475464888319587
2012-09-30 19:00:00,0.2408039111078797
2012-09-30 20:00:00,0.5790867406572098
2012-09-30 21:00:00,0.7132766802254069
2012-09-30 22:00:00,0.6802890577987555
2012-09-30 23:00:00,0.5443918799160414
2012-10-01 00:00:00,0.49593072313529263
2012-10-01 01:00:00,0.46287993055406784
2012-10-01 02:00:00,0.41527415698809084
2012-10-01 03:00:00,0.3265149980413252
2012-10-01 04:00:00,0.3365682835669825
2012-10-01 05:00:00,0.2466531462298989
2012-10-01 06:00:00,0.2243655668191333
2012-10-01 07:00:00,0.20922077382270154
2012-10-01 08:00:00,0.2408039111078797
2012-10-01 09:00:00,0.20922077382270154
2012-10-01 10:00:00,0.4737282426226095
2012-10-01 11:00:00,0.2199663685046283
2012-10-01 12:00:00,1.0562531596977252
2012-10-01 13:00:00,1.0656096788177425
2012-10-01 14:00:00,0.5822169324988624
2012-10-01 15:00:00,0.6087416622563805
2012-10-01 16:00:00,0.7168730264796763
2012-10-01 17:00:00,0.9759712296027435
2012-10-01 18:00:00,1.0797478059121008
2012-10-01 19:00:00,1.1035882944975028
2012-10-01 20:00:00,0.9863328198978756
2012-10-01 21:00:00,0.8956785321059996
2012-10-01 22:00:00,0.7913611729041237
2012-10-01 23:00:00,0.5677053766279739
2012-10-02 00:00:00,0.40863432387246396
2012-10-02 01:00:00,0.33079866824554827
2012-10-02 02:00:00,0.3365682835669825
2012-10-02 03:00:00,0.29092835700061015
2012-10-02 04:00:00,0.2419662771408428
2012-10-02 05:00:00,0.290270644310179
2012-10-02 06:00:00,0.2948955075949941
2012-10-02 07:00:00,0.24488854378981026
2012-10-02 08:00:00,0.24313237767994136
2012-10-02 09:00:00,0.19027487836881735
2012-10-02 10:00:00,0.08856253622541996
2012-10-02 11:00:00,0.07744663908067358
2012-10-02 12:00:00,0.08048161998288747
2012-10-02 13:00:00,0.05391639776197344
2012-10-02 14:00:00,0.047552078185891404
2012-10-02 15:00:00,0.0
2012-10-02 16:00:00,0.0
2012-10-02 17:00:00,0.0
2012-10-02 18:00:00,0.0
2012-10-02 19:00:00,0.0
2012-10-02 20:00:00,0.0
2012-10-02 21:00:00,0.0
2012-10-02 22:00:00,0.07109172851842945
2012-10-02 23:00:00,0.09875990882569836
2012-10-03 00:00:00,0.11494603706332349
2012-10-03 01:00:00,0.20606674530520866
2012-10-03 02:00:00,0.34979437396028107
2012-10-03 03:00:00,0.37027619012972257
2012-10-03 04:00:00,0.2508034734268388
2012-10-03 05:00:00,0.20242729974553297
2012-10-03 06:00:00,0.19730280438679376
2012-10-03 07:00:00,0.16927715243043784
2012-10-03 08:00:00,0.0
2012-10-03 09:00:00,0.0
2012-10-03 10:00:00,0.07212577393576419
2012-10-03 11:00:00,0.10530546437885435
2012-10-03 12:00:00,0.12856406729460554
2012-10-03 13:00:00,0.12742184635670512
2012-10-03 14:00:00,0.15243636980934755
2012-10-03 15:00:00,0.19578249839408063
2012-10-03 16:00:00,0.19027487836881724
2012-10-03 17:00:00,0.23676495275369588
2012-10-03 18:00:00,0.5666781657012683
2012-10-03 19:00:00,0.9952723381331051
2012-10-03 20:00:00,0.5483996568659986
2012-10-03 21:00:00,0.1947733122494112
2012-10-03 22:00:00,0.18780594467746048
2012-10-03 23:00:00,0.5585050497830658
2012-10-04 00:00:00,0.6349518937641537
2012-10-04 01:00:00,0.5937907890563613
2012-10-04 02:00:00,0.49875385142414136
2012-10-04 03:00:00,0.4486749034159718
2012-10-04 04:00:00,0.44429619434809053
2012-10-04 05:00:00,0.4211426826910715
2012-10-04 06:00:00,0.3505391452660779
2012-10-04 07:00:00,0.23390780412219875
2012-10-04 08:00:00,0.0
2012-10-04 09:00:00,0.04561142150829668
2012-10-04 10:00:00,0.09716703801462076
2012-10-04 11:00:00,0.13714960905305712
2012-10-04 12:00:00,0.15982509007380716
2012-10-04 13:00:00,0.17343952118852726
2012-10-04 14:00:00,0.1701963023873874
2012-10-04 15:00:00,0.19077124736684434
2012-10-04 16:00:00,0.2502077409601301
2012-10-04 17:00:00,0.18487153027699582
2012-10-04 18:00:00,0.48659726790989044
2012-10-04 19:00:00,0.2741482885547509
2012-10-04 20:00:00,0.476466549406023
2012-10-04 21:00:00,0.6699060814414552
2012-10-04 22:00:00,0.6427358063359371
2012-10-04 23:00:00,0.5315015393185629
2012-10-05 00:00:00,0.5188163038175838
2012-10-05 01:00:00,0.6012352441545378
2012-10-05 02:00:00,0.5534369769372506
2012-10-05 03:00:00,0.18928472487861311
2012-10-05 04:00:00,0.23504788889962958
2012-10-05 05:00:00,0.11283268019093905
2012-10-05 06:00:00,0.5034828388993063
2012-10-05 07:00:00,0.1259094367580967
2012-10-05 08:00:00,0.0
2012-10-05 09:00:00,0.0
2012-10-05 10:00:00,0.0
2012-10-05 11:00:00,0.0
2012-10-05 12:00:00,0.0
2012-10-05 13:00:00,0.0
2012-10-05 14:00:00,0.3083795404568513
2012-10-05 15:00:00,0.814673118438371
2012-10-05 16:00:00,0.9195682965065879
2012-10-05 17:00:00,0.7900792706055869
2012-10-05 18:00:00,0.48474474223291075
2012-10-05 19:00:00,1.0178570915434375
2012-10-05 20:00:00,0.6596292936847404
2012-10-05 21:00:00,0.39476046225170636
2012-10-05 22:00:00,0.256207674036233
2012-10-05 23:00:00,0.313194302031004
2012-10-06 00:00:00,0.3152730185139282
2012-10-06 01:00:00,0.30429208905134764
2012-10-06 02:00:00,0.33584344185597764
2012-10-06 03:00:00,0.2942318270319874
2012-10-06 04:00:00,0.3104369212899467
2012-10-06 05:00:00,0.39556774311078435
2012-10-06 06:00:00,0.36719271243269813
2012-10-06 07:00:00,0.20242729974553297
2012-10-06 08:00:00,0.0833085892177855
2012-10-06 09:00:00,0.12292061496565092
2012-10-06 10:00:00,0.18487153027699582
2012-10-06 11:00:00,0.16338321890864854
2012-10-06 12:00:00,0.16026700251534448
2012-10-06 13:00:00,0.15982509007380716
2012-10-06 14:00:00,0.13995941700439732
2012-10-06 15:00:00,0.19628839607285892
2012-10-06 16:00:00,0.14903958541560827
2012-10-06 17:00:00,0.06558070578507298
2012-10-06 18:00:00,0.13995941700439732
2012-10-06 19:00:00,0.15938399071840936
2012-10-06 20:00:00,0.11925158871829204
2012-10-06 21:00:00,0.21080978559419253
2012-10-06 22:00:00,0.19176657361223906
2012-10-06 23:00:00,0.15982509007380716
2012-10-07 00:00:00,0.15030740120891162
2012-10-07 01:00:00,0.2556034109033438
2012-10-07 02:00:00,0.3475663910340453
2012-10-07 03:00:00,0.39476046225170636
2012-10-07 04:00:00,0.39476046225170636
2012-10-07 05:00:00,0.3250953696072466
2012-10-07 06:00:00,0.3819929354705292
2012-10-07 07:00:00,0.23050968130581806
2012-10-07 08:00:00,0.08474656562191459
2012-10-07 09:00:00,0.10868399576241926
2012-10-07 10:00:00,0.09403286297427958
2012-10-07 11:00:00,0.08188697186719743
2012-10-07 12:00:00,0.07238584258215122
2012-10-07 13:00:00,0.07264653564275578
2012-10-07 14:00:00,0.06082465848873633
2012-10-07 15:00:00,0.060362115546199954
2012-10-07 16:00:00,0.05853539300062671
2012-10-07 17:00:00,0.09187952325234106
2012-10-07 18:00:00,0.10069421604425131
2012-10-07 19:00:00,0.11459199407719721
2012-10-07 20:00:00,0.16518191718511088
2012-10-07 21:00:00,0.14117527389808088
2012-10-07 22:00:00,0.09875990882569836
2012-10-07 23:00:00,0.10564012132501105
2012-10-08 00:00:00,0.10834293744748566
2012-10-08 01:00:00,0.08188697186719743
2012-10-08 02:00:00,0.04580306588639246
2012-10-08 03:00:00,0.0
2012-10-08 04:00:00,0.0
2012-10-08 05:00:00,0.0
2012-10-08 06:00:00,0.0
2012-10-08 07:00:00,0.0
2012-10-08 08:00:00,0.0
2012-10-08 09:00:00,0.0
2012-10-08 10:00:00,0.0
2012-10-08 11:00:00,0.0
2012-10-08 12:00:00,0.0
2012-10-08 13:00:00,0.0
2012-10-08 14:00:00,0.0
2012-10-08 15:00:00,0.0
2012-10-08 16:00:00,0.0
2012-10-08 17:00:00,0.0
2012-10-08 18:00:00,0.0
2012-10-08 19:00:00,0.0
2012-10-08 20:00:00,0.0
2012-10-08 21:00:00,0.0
2012-10-08 22:00:00,0.0
2012-10-08 23:00:00,0.0
2012-10-09 00:00:00,0.0
2012-10-09 01:00:00,0.045229737960836985
2012-10-09 02:00:00,0.045420312449344226
2012-10-09 03:00:00,0.04599524633232969
2012-10-09 04:00:00,0.0
2012-10-09 05:00:00,0.05077034400231998
2012-10-09 06:00:00,0.06509432429495104
2012-10-09 07:00:00,0.049143649631412
2012-10-09 08:00:00,0.0
2012-10-09 09:00:00,0.0
2012-10-09 10:00:00,0.047946699236563355
2012-10-09 11:00:00,0.1218121191337805
2012-10-09 12:00:00,0.13477134557193
2012-10-09 13:00:00,0.18487153027699574
2012-10-09 14:00:00,0.192265532357003
2012-10-09 15:00:00,0.21080978559419253
2012-10-09 16:00:00,0.16473101138196558
2012-10-09 17:00:00,0.20711454031363097
2012-10-09 18:00:00,0.33584344185597764
2012-10-09 19:00:00,0.540403676929277
2012-10-09 20:00:00,0.6108977700399872
2012-10-09 21:00:00,0.6630431245616616
2012-10-09 22:00:00,0.4287688253560609
2012-10-09 23:00:00,0.3633624995947538
2012-10-10 00:00:00,0.2616889538639841
2012-10-10 01:00:00,0.18829801240488833
2012-10-10 02:00:00,0.23964527359146745
2012-10-10 03:00:00,0.29290745470879975
2012-10-10 04:00:00,0.656227200896671
2012-10-10 05:00:00,0.38278272075234654
2012-10-10 06:00:00,0.2140119052369073
2012-10-10 07:00:00,0.30293767521679454
2012-10-10 08:00:00,0.5015876733679893
2012-10-10 09:00:00,0.41028759627731487
2012-10-10 10:00:00,0.3365682835669825
2012-10-10 11:00:00,0.2703698817572303
2012-10-10 12:00:00,0.20922077382270154
2012-10-10 13:00:00,0.14988400032796018
2012-10-10 14:00:00,0.12255037239867958
2012-10-10 15:00:00,0.11318309199126793
2012-10-10 16:00:00,0.10232530040648363
2012-10-10 17:00:00,0.16115326965162954
2012-10-10 18:00:00,0.13086894638251204
2012-10-10 19:00:00,0.07717457853677777
2012-10-10 20:00:00,0.04657501156417099
2012-10-10 21:00:00,0.05077034400231998
2012-10-10 22:00:00,0.04280057486312223
2012-10-10 23:00:00,0.0
2012-10-11 00:00:00,0.05306510206449298
2012-10-11 01:00:00,0.0
2012-10-11 02:00:00,0.08132288449840674
2012-10-11 03:00:00,0.17158125649102515
2012-10-11 04:00:00,0.15588437713247175
2012-10-11 05:00:00,0.16159762584377357
2012-10-11 06:00:00,0.19376760006393773
2012-10-11 07:00:00,0.18731473495805814
2012-10-11 08:00:00,0.0
2012-10-11 09:00:00,0.0
2012-10-11 10:00:00,0.0
2012-10-11 11:00:00,0.04447277073729832
2012-10-11 12:00:00,0.0
2012-10-11 13:00:00,0.07422384863204516
2012-10-11 14:00:00,0.05608436292699648
2012-10-11 15:00:00,0.08188697186719743
2012-10-11 16:00:00,0.0
2012-10-11 17:00:00,0.05456081008017854
2012-10-11 18:00:00,0.10530546437885435
2012-10-11 19:00:00,0.12292061496565092
2012-10-11 20:00:00,0.07936898672051922
2012-10-11 21:00:00,0.0
2012-10-11 22:00:00,0.04561142150829668
2012-10-11 23:00:00,0.14861856988681169
2012-10-12 00:00:00,0.0
2012-10-12 01:00:00,0.0
2012-10-12 02:00:00,0.0
2012-10-12 03:00:00,0.0
2012-10-12 04:00:00,0.0
2012-10-12 05:00:00,0.0
2012-10-12 06:00:00,0.0
2012-10-12 07:00:00,0.10134455343445707
2012-10-12 08:00:00,0.04353849969912036
2012-10-12 09:00:00,0.0
2012-10-12 10:00:00,0.062226452684445904
2012-10-12 11:00:00,0.06293535486241329
2012-10-12 12:00:00,0.055427985664414314
2012-10-12 13:00:00,0.0
2012-10-12 14:00:00,0.0
2012-10-12 15:00:00,0.047552078185891404
2012-10-12 16:00:00,0.0
2012-10-12 17:00:00,0.07475464888319587
2012-10-12 18:00:00,0.061056813423765545
2012-10-12 19:00:00,0.06656072514732687
2012-10-12 20:00:00,0.10298263438045788
2012-10-12 21:00:00,0.17111877356911995
2012-10-12 22:00:00,0.13477134557193
2012-10-12 23:00:00,0.2586342500076543
2012-10-13 00:00:00,0.32367986200752447
2012-10-13 01:00:00,0.4408138103020212
2012-10-13 02:00:00,0.5384169006981308
2012-10-13 03:00:00,0.5534369769372506
2012-10-13 04:00:00,0.42791696701195636
2012-10-13 05:00:00,0.39799618770788664
2012-10-13 06:00:00,0.4069854987343424
2012-10-13 07:00:00,0.2413846276854434
2012-10-13 08:00:00,0.0924913715704903
2012-10-13 09:00:00,0.09465422350182187
2012-10-13 10:00:00,0.24022412665945383
2012-10-13 11:00:00,0.45574052114252545
2012-10-13 12:00:00,0.6033736010548307
2012-10-13 13:00:00,0.8003733344462356
2012-10-13 14:00:00,1.0163409193625144
2012-10-13 15:00:00,1.1196753360351785
2012-10-13 16:00:00,1.152316906205769
2012-10-13 17:00:00,1.0765952595672847
2012-10-13 18:00:00,1.222916492875658
2012-10-13 19:00:00,1.2280668129532661
2012-10-13 20:00:00,1.255779557768128
2012-10-13 21:00:00,1.4081317887599265
2012-10-13 22:00:00,1.182231351523891
2012-10-13 23:00:00,0.9352505215971798
2012-10-14 00:00:00,0.7811446951504472
2012-10-14 01:00:00,0.6261332443523371
2012-10-14 02:00:00,1.449973620513907
2012-10-14 03:00:00,1.4423051994909815
2012-10-14 04:00:00,1.5
2012-10-14 05:00:00,1.5
2012-10-14 06:00:00,1.5
2012-10-14 07:00:00,1.5
2012-10-14 08:00:00,1.5
2012-10-14 09:00:00,1.5
2012-10-14 10:00:00,1.5
2012-10-14 11:00:00,1.5
2012-10-14 12:00:00,1.5
2012-10-14 13:00:00,1.5
2012-10-14 14:00:00,1.5
2012-10-14 15:00:00,1.5
2012-10-14 16:00:00,1.137550804834396
2012-10-14 17:00:00,1.0057698508252664
2012-10-14 18:00:00,1.2715496296036215
2012-10-14 19:00:00,0.5615606937546461
2012-10-14 20:00:00,0.3883417196857661
2012-10-14 21:00:00,0.6584939595215532
2012-10-14 22:00:00,0.5615606937546465
2012-10-14 23:00:00,0.7037452702199511
2012-10-15 00:00:00,0.8159814797278527
2012-10-15 01:00:00,0.36336249959475375
2012-10-15 02:00:00,0.40780935576941113
2012-10-15 03:00:00,0.23333914682497311
2012-10-15 04:00:00,0.27605062149778686
2012-10-15 05:00:00,0.18052747045816903
2012-10-15 06:00:00,0.18633488654853755
2012-10-15 07:00:00,0.10936825816104831
2012-10-15 08:00:00,0.0
2012-10-15 09:00:00,0.0
2012-10-15 10:00:00,0.062462158694575554
2012-10-15 11:00:00,0.07826665554404211
2012-10-15 12:00:00,0.06364962071358743
2012-10-15 13:00:00,0.08076139361463582
2012-10-15 14:00:00,0.07555558477542072
2012-10-15 15:00:00,0.07475464888319587
2012-10-15 16:00:00,0.04874247896973885
2012-10-15 17:00:00,0.0567459017142977
2012-10-15 18:00:00,0.0
2012-10-15 19:00:00,0.0
2012-10-15 20:00:00,0.0
2012-10-15 21:00:00,0.0
2012-10-15 22:00:00,0.0
2012-10-15 23:00:00,0.0
2012-10-16 00:00:00,0.05456081008017854
2012-10-16 01:00:00,0.1010190358460384
2012-10-16 02:00:00,0.216704976679228
2012-10-16 03:00:00,0.2883034553940086
2012-10-16 04:00:00,0.4530822876211812
2012-10-16 05:00:00,0.4339037271192937
2012-10-16 06:00:00,0.5091969657086994
2012-10-16 07:00:00,0.37571372627256716
2012-10-16 08:00:00,0.1135342285313601
2012-10-16 09:00:00,0.08767196993984692
2012-10-16 10:00:00,0.15762770918424956
2012-10-16 11:00:00,0.218875628173043
2012-10-16 12:00:00,0.22491955562313354
2012-10-16 13:00:00,0.25924327860396645
2012-10-16 14:00:00,0.3063312697822678
2012-10-16 15:00:00,0.4094604037921992
2012-10-16 16:00:00,0.5091969657086994
2012-10-16 17:00:00,0.6494581487276925
2012-10-16 18:00:00,0.823861075043663
2012-10-16 19:00:00,0.87769170993712
2012-10-16 20:00:00,0.8653814094684699
2012-10-16 21:00:00,1.0133130933937182
2012-10-16 22:00:00,1.3124495393735145
2012-10-16 23:00:00,1.2733099657123554
2012-10-17 00:00:00,1.434663863370614
2012-10-17 01:00:00,1.10038948984042
2012-10-17 02:00:00,0.9352505215971798
2012-10-17 03:00:00,1.0331018289982785
2012-10-17 04:00:00,1.1705372028900836
2012-10-17 05:00:00,1.45766917435607
2012-10-17 06:00:00,1.087656083727437
2012-10-17 07:00:00,0.7120805764833292
2012-10-17 08:00:00,0.660765932080022
2012-10-17 09:00:00,0.6896079573347794
2012-10-17 10:00:00,0.6228474206361049
2012-10-17 11:00:00,1.1067932923852895
2012-10-17 12:00:00,1.2280668129532661
2012-10-17 13:00:00,1.5
2012-10-17 14:00:00,1.5
2012-10-17 15:00:00,1.5
2012-10-17 16:00:00,1.5
2012-10-17 17:00:00,1.2143646603757936
2012-10-17 18:00:00,1.5
2012-10-17 19:00:00,1.5
2012-10-17 20:00:00,1.1116124146267579
2012-10-17 21:00:00,0.466477426933406
2012-10-17 22:00:00,0.8451209706000877
2012-10-17 23:00:00,0.48567041622034307
2012-10-18 00:00:00,0.5265984196387044
2012-10-18 01:00:00,0.6630431245616619
2012-10-18 02:00:00,0.7659854408005988
2012-10-18 03:00:00,0.825179252513967
2012-10-18 04:00:00,0.7277345556901716
2012-10-18 05:00:00,0.5483996568659986
2012-10-18 06:00:00,0.7875196205342837
2012-10-18 07:00:00,0.6393921007693961
2012-10-18 08:00:00,0.22215870828507842
2012-10-18 09:00:00,0.12403581538902991
2012-10-18 10:00:00,0.23964527359146745
2012-10-18 11:00:00,0.45574052114252556
2012-10-18 12:00:00,0.8120605930609714
2012-10-18 13:00:00,1.0285125383568443
2012-10-18 14:00:00,1.3160469321829487
2012-10-18 15:00:00,1.4251502083663117
2012-10-18 16:00:00,0.9124983509306522
2012-10-18 17:00:00,0.9671478366893149
2012-10-18 18:00:00,1.394989310599845
2012-10-18 19:00:00,1.4480539734281177
2012-10-18 20:00:00,1.5
2012-10-18 21:00:00,1.2143646603757936
2012-10-18 22:00:00,0.7510235911872634
2012-10-18 23:00:00,0.7862418712641219
2012-10-19 00:00:00,0.825179252513967
2012-10-19 01:00:00,1.1556155213043002
2012-10-19 02:00:00,1.182231351523891
2012-10-19 03:00:00,0.9878190067197905
2012-10-19 04:00:00,0.8518389120196136
2012-10-19 05:00:00,0.9496609098865257
2012-10-19 06:00:00,0.8790666836454846
2012-10-19 07:00:00,0.40370116629994746
2012-10-19 08:00:00,0.19578249839408063
2012-10-19 09:00:00,0.30429208905134764
2012-10-19 10:00:00,0.5687338281474352
2012-10-19 11:00:00,0.6272310814684537
2012-10-19 12:00:00,0.6907787685575559
2012-10-19 13:00:00,0.6250366890073722
2012-10-19 14:00:00,0.4575184405509814
2012-10-19 15:00:00,0.660765932080022
2012-10-19 16:00:00,0.41527415698809084
2012-10-19 17:00:00,0.31736091253819354
2012-10-19 18:00:00,0.281166488610026
2012-10-19 19:00:00,0.4810538083303727
2012-10-19 20:00:00,0.4801340116230457
2012-10-19 21:00:00,0.42621663668526527
2012-10-19 22:00:00,0.37649483564077196
2012-10-19 23:00:00,0.37806030073215435
2012-10-20 00:00:00,0.2779617344234714
2012-10-20 01:00:00,0.30497080721574416
2012-10-20 02:00:00,0.33295448191558386
2012-10-20 03:00:00,0.268493767473048
2012-10-20 04:00:00,0.13048290254208605
2012-10-20 05:00:00,0.09716703801462076
2012-10-20 06:00:00,0.16115326965162954
2012-10-20 07:00:00,0.10364277746971289
2012-10-20 08:00:00,0.0
2012-10-20 09:00:00,0.0
2012-10-20 10:00:00,0.0
2012-10-20 11:00:00,0.05967270722072899
2012-10-20 12:00:00,0.06854995710824982
2012-10-20 13:00:00,0.0
2012-10-20 14:00:00,0.052013644799302004
2012-10-20 15:00:00,0.05264283533638394
2012-10-20 16:00:00,0.0
2012-10-20 17:00:00,0.0
2012-10-20 18:00:00,0.0
2012-10-20 19:00:00,0.0
2012-10-20 20:00:00,0.04372429674503512
2012-10-20 21:00:00,0.0833085892177855
2012-10-20 22:00:00,0.17625199962121615
2012-10-20 23:00:00,0.28634517448786273
2012-10-21 00:00:00,0.2876497063113326
2012-10-21 01:00:00,0.4575184405509814
2012-10-21 02:00:00,0.4764665494060229
2012-10-21 03:00:00,0.5315015393185629
2012-10-21 04:00:00,0.4700935149840271
2012-10-21 05:00:00,0.5595223629208553
2012-10-21 06:00:00,0.5697635210083513
2012-10-21 07:00:00,0.4655763117411339
2012-10-21 08:00:00,0.15158238653524497
2012-10-21 09:00:00,0.07160750689085035
2012-10-21 10:00:00,0.08445765712461689
2012-10-21 11:00:00,0.13714960905305712
2012-10-21 12:00:00,0.20139538686996034
2012-10-21 13:00:00,0.2805235776810827
2012-10-21 14:00:00,0.24961295260172883
2012-10-21 15:00:00,0.24254886022277608
2012-10-21 16:00:00,0.21833161277646712
2012-10-21 17:00:00,0.5063345285233716
2012-10-21 18:00:00,0.5780458420317933
2012-10-21 19:00:00,0.5315015393185629
2012-10-21 20:00:00,0.6472121859413072
2012-10-21 21:00:00,0.9598357621470113
2012-10-21 22:00:00,0.9878190067197905
2012-10-21 23:00:00,0.7436162888598138
2012-10-22 00:00:00,0.758479921261262
2012-10-22 01:00:00,0.7228937652521344
2012-10-22 02:00:00,0.7913611729041237
2012-10-22 03:00:00,0.7411580551873895
2012-10-22 04:00:00,0.795215197835654
2012-10-22 05:00:00,0.795215197835654
2012-10-22 06:00:00,0.7811446951504472
2012-10-22 07:00:00,0.546393318650828
2012-10-22 08:00:00,0.34093924598037956
2012-10-22 09:00:00,0.2610760994203679
2012-10-22 10:00:00,0.2798816475466535
2012-10-22 11:00:00,0.398807872409204
2012-10-22 12:00:00,0.5226977065174134
2012-10-22 13:00:00,0.5423953346720523
2012-10-22 14:00:00,0.6044446782033658
2012-10-22 15:00:00,0.5666781657012686
2012-10-22 16:00:00,0.3394780797755709
2012-10-22 17:00:00,0.7900792706055869
2012-10-22 18:00:00,0.6173966282942221
2012-10-22 19:00:00,0.6141414682574784
2012-10-22 20:00:00,0.8331178549733341
2012-10-22 21:00:00,0.8818209375736996
2012-10-22 22:00:00,0.9482132563098548
2012-10-22 23:00:00,0.8845809385085497
2012-10-23 00:00:00,0.7362578525601214
2012-10-23 01:00:00,1.1622316246831321
2012-10-23 02:00:00,1.1132218918113164
2012-10-23 03:00:00,0.7387052450840205
2012-10-23 04:00:00,0.7622265222403387
2012-10-23 05:00:00,0.5811722851420462
2012-10-23 06:00:00,0.5687338281474352
2012-10-23 07:00:00,0.4801340116230456
2012-10-23 08:00:00,0.28310111365092355
2012-10-23 09:00:00,0.15372334927928408
2012-10-23 10:00:00,0.12478301709365082
2012-10-23 11:00:00,0.24430221871476046
2012-10-23 12:00:00,0.33584344185597764
2012-10-23 13:00:00,0.3955677431107844
2012-10-23 14:00:00,0.43821399769361963
2012-10-23 15:00:00,0.49405456854619584
2012-10-23 16:00:00,0.4530822876211812
2012-10-23 17:00:00,0.7037452702199515
2012-10-23 18:00:00,0.8451209706000884
2012-10-23 19:00:00,0.9323860503238904
2012-10-23 20:00:00,1.0012619249501284
2012-10-23 21:00:00,1.0718779550268787
2012-10-23 22:00:00,0.9893066856970238
2012-10-23 23:00:00,0.8832002192909465
2012-10-24 00:00:00,1.0148262535621742
2012-10-24 01:00:00,0.86130370274312
2012-10-24 02:00:00,0.8585923604466533
2012-10-24 03:00:00,0.7684982395907372
2012-10-24 04:00:00,0.7085002898033593
2012-10-24 05:00:00,0.6228474206361052
2012-10-24 06:00:00,0.6449714071405834
2012-10-24 07:00:00,0.5188163038175834
2012-10-24 08:00:00,0.1448650531833617
2012-10-24 09:00:00,0.10698583928066888
2012-10-24 10:00:00,0.10800259339054201
2012-10-24 11:00:00,0.16383166299243251
2012-10-24 12:00:00,0.20922077382270154
2012-10-24 13:00:00,0.2502077409601301
2012-10-24 14:00:00,0.2556034109033437
2012-10-24 15:00:00,0.3009135994700935
2012-10-24 16:00:00,0.25924327860396634
2012-10-24 17:00:00,0.5453919872227359
2012-10-24 18:00:00,0.7798738526202815
2012-10-24 19:00:00,0.7748042660316862
2012-10-24 20:00:00,0.8042565406350115
2012-10-24 21:00:00,0.8735753928506209
2012-10-24 22:00:00,1.0924195342753946
2012-10-24 23:00:00,1.0254605743612208
2012-10-25 00:00:00,0.8640207471243361
2012-10-25 01:00:00,0.8212289330272778
2012-10-25 02:00:00,0.9266746662452127
2012-10-25 03:00:00,0.8278198241222888
2012-10-25 04:00:00,0.7965026479871312
2012-10-25 05:00:00,0.7497856404621395
2012-10-25 06:00:00,0.7798738526202815
2012-10-25 07:00:00,0.6449714071405834
2012-10-25 08:00:00,0.27288493437822386
2012-10-25 09:00:00,0.27860072666654595
2012-10-25 10:00:00,0.40863432387246396
2012-10-25 11:00:00,0.6872703052352638
2012-10-25 12:00:00,0.6316352626183972
2012-10-25 13:00:00,0.728948120569397
2012-10-25 14:00:00,0.757233788014575
2012-10-25 15:00:00,0.5256214283859261
2012-10-25 16:00:00,0.6931243650926386
2012-10-25 17:00:00,0.9153219642510884
2012-10-25 18:00:00,0.9110887244793084
2012-10-25 19:00:00,0.7773363041169661
2012-10-25 20:00:00,0.757233788014575
2012-10-25 21:00:00,1.1556155213043002
2012-10-25 22:00:00,0.6371694187505094
2012-10-25 23:00:00,0.7399309725639224
2012-10-26 00:00:00,0.7144741226396918
2012-10-26 01:00:00,0.7216869311688506
2012-10-26 02:00:00,0.7939291357704595
2012-10-26 03:00:00,0.5843099811847808
2012-10-26 04:00:00,0.540403676929277
2012-10-26 05:00:00,0.4296218134856023
2012-10-26 06:00:00,0.49593072313529263
2012-10-26 07:00:00,0.36719271243269813
2012-10-26 08:00:00,0.46647742693340616
2012-10-26 09:00:00,0.48197477899632485
2012-10-26 10:00:00,0.5780458420317933
2012-10-26 11:00:00,0.5843099811847808
2012-10-26 12:00:00,0.6012352441545378
2012-10-26 13:00:00,0.6393921007693961
2012-10-26 14:00:00,0.3265149980413252
2012-10-26 15:00:00,0.3394780797755709
2012-10-26 16:00:00,0.21294095524226703
2012-10-26 17:00:00,0.18293233430939915
2012-10-26 18:00:00,0.4782979370894731
2012-10-26 19:00:00,0.6733552478740252
2012-10-26 20:00:00,1.0924195342753946
2012-10-26 21:00:00,1.0750212901389384
2012-10-26 22:00:00,1.0734488555417023
2012-10-26 23:00:00,1.0940104362600283
2012-10-27 00:00:00,1.2246316630226575
2012-10-27 01:00:00,1.2315083807240104
2012-10-27 02:00:00,1.2384107937442432
2012-10-27 03:00:00,1.2007648099070547
2012-10-27 04:00:00,1.1245317524265315
2012-10-27 05:00:00,1.1148329217957396
2012-10-27 06:00:00,1.0844881553801045
2012-10-27 07:00:00,0.899863939053403
2012-10-27 08:00:00,0.5139916327249116
2012-10-27 09:00:00,0.3907405293145729
2012-10-27 10:00:00,0.5139916327249116
2012-10-27 11:00:00,0.5885111154093096
2012-10-27 12:00:00,0.573894720840516
2012-10-27 13:00:00,0.7061201116516179
2012-10-27 14:00:00,0.8068523101488766
2012-10-27 15:00:00,0.6710544916170038
2012-10-27 16:00:00,0.4921831517186921
2012-10-27 17:00:00,0.666468713742284
2012-10-27 18:00:00,1.137550804834396
2012-10-27 19:00:00,1.1738704819620653
2012-10-27 20:00:00,1.129402191184647
2012-10-27 21:00:00,1.0224146538566814
2012-10-27 22:00:00,0.9467670746736536
2012-10-27 23:00:00,0.913909430605013
2012-10-28 00:00:00,1.036168927926045
2012-10-28 01:00:00,1.10038948984042
2012-10-28 02:00:00,1.1572671868782403
2012-10-28 03:00:00,1.0640464374845076
2012-10-28 04:00:00,1.0687407532496749
2012-10-28 05:00:00,0.9525606358560679
2012-10-28 06:00:00,0.8845809385085497
2012-10-28 07:00:00,0.7697566971568905
2012-10-28 08:00:00,0.2929074547087996
2012-10-28 09:00:00,0.2460640067986814
2012-10-28 10:00:00,0.3015872863832409
2012-10-28 11:00:00,0.3812042372983568
2012-10-28 12:00:00,0.40370116629994746
2012-10-28 13:00:00,0.4408138103020212
2012-10-28 14:00:00,0.6055170221490896
2012-10-28 15:00:00,0.48845450739012425
2012-10-28 16:00:00,0.43734967053131524
2012-10-28 17:00:00,0.49781162147556723
2012-10-28 18:00:00,0.7510235911872634
2012-10-28 19:00:00,0.9181513964531782
2012-10-28 20:00:00,1.1245317524265315
2012-10-28 21:00:00,1.1408211932657628
2012-10-28 22:00:00,0.936684954662755
2012-10-28 23:00:00,0.9195682965065879
2012-10-29 00:00:00,0.8424437150308348
2012-10-29 01:00:00,0.7535035790317558
2012-10-29 02:00:00,0.8722061526723259
2012-10-29 03:00:00,0.8464617228155807
2012-10-29 04:00:00,0.7824169175312159
2012-10-29 05:00:00,0.7374808719989862
2012-10-29 06:00:00,0.7192772939928677
2012-10-29 07:00:00,0.7460799520908772
2012-10-29 08:00:00,0.437349670531315
2012-10-29 09:00:00,0.3851586067426491
2012-10-29 10:00:00,0.5656521946186208
2012-10-29 11:00:00,0.6338450632864292
2012-10-29 12:00:00,0.686103462861128
2012-10-29 13:00:00,0.6641836801454161
2012-10-29 14:00:00,0.7325969086335626
2012-10-29 15:00:00,0.8317912344345276
2012-10-29 16:00:00,0.5790867406572098
2012-10-29 17:00:00,1.086071349517772
2012-10-29 18:00:00,1.3106533039394601
2012-10-29 19:00:00,1.3377694178498907
2012-10-29 20:00:00,1.30348475120471
2012-10-29 21:00:00,1.387516169508218
2012-10-29 22:00:00,1.3160469321829487
2012-10-29 23:00:00,1.3931185160652477
2012-10-30 00:00:00,1.036168927926045
2012-10-30 01:00:00,1.0531465347510292
2012-10-30 02:00:00,0.9848481244825804
2012-10-30 03:00:00,0.8016663444298224
2012-10-30 04:00:00,0.8278198241222888
2012-10-30 05:00:00,1.0042657087254558
2012-10-30 06:00:00,0.9627561529328822
2012-10-30 07:00:00,1.2109551219098769
2012-10-30 08:00:00,0.8397721196192374
2012-10-30 09:00:00,0.9082738282508808
2012-10-30 10:00:00,1.0377047511860655
2012-10-30 11:00:00,1.229786794234272
2012-10-30 12:00:00,1.3052744325355738
2012-10-30 13:00:00,1.3106533039394601
2012-10-30 14:00:00,1.2349563723244739
2012-10-30 15:00:00,1.1180596431589722
2012-10-30 16:00:00,0.6316352626183972
2012-10-30 17:00:00,0.6261332443523369
2012-10-30 18:00:00,0.9238277414606556
2012-10-30 19:00:00,1.2522928974080632
2012-10-30 20:00:00,1.5
2012-10-30 21:00:00,1.5
2012-10-30 22:00:00,1.2212029249425989
2012-10-30 23:00:00,0.8464617228155807
2012-10-31 00:00:00,0.6184842322046729
2012-10-31 01:00:00,0.4601939802289665
2012-10-31 02:00:00,0.5120701706701379
2012-10-31 03:00:00,0.45930097792933394
2012-10-31 04:00:00,0.42706623770459057
2012-10-31 05:00:00,0.5605409106618162
2012-10-31 06:00:00,0.5822169324988624
2012-10-31 07:00:00,0.33223483991290104
2012-10-31 08:00:00,0.09843995256678552
2012-10-31 09:00:00,0.13203164496221564
2012-10-31 10:00:00,0.19527747070249732
2012-10-31 11:00:00,0.2134759825181219
2012-10-31 12:00:00,0.22882303181477207
2012-10-31 13:00:00,0.2580261760014231
2012-10-31 14:00:00,0.3265149980413252
2012-10-31 15:00:00,0.3819929354705292
2012-10-31 16:00:00,0.330082137083482
2012-10-31 17:00:00,0.5687338281474352
2012-10-31 18:00:00,1.0956028820601504
2012-10-31 19:00:00,1.1705372028900836
2012-10-31 20:00:00,0.87769170993712
2012-10-31 21:00:00,1.4308533371749266
2012-10-31 22:00:00,1.199072002623681
2012-10-31 23:00:00,0.8804430926081116
2012-11-01 00:00:00,0.7497856404621395
2012-11-01 01:00:00,0.5770061914861135
2012-11-01 02:00:00,0.4194603570563509
2012-11-01 03:00:00,0.36489137206637345
2012-11-01 04:00:00,0.2316387063148778
2012-11-01 05:00:00,0.13125575090021016
2012-11-01 06:00:00,0.06804898498950512
2012-11-01 07:00:00,0.0
2012-11-01 08:00:00,0.0
2012-11-01 09:00:00,0.0
2012-11-01 10:00:00,0.0
2012-11-01 11:00:00,0.0
2012-11-01 12:00:00,0.05413063485401214
2012-11-01 13:00:00,0.06128955833289958
2012-11-01 14:00:00,0.0675504596161596
2012-11-01 15:00:00,0.06606950407266997
2012-11-01 16:00:00,0.10497151495240463
2012-11-01 17:00:00,0.23447738456418485
2012-11-01 18:00:00,0.2766866825877899
2012-11-01 19:00:00,0.5585050497830658
2012-11-01 20:00:00,0.7228937652521344
2012-11-01 21:00:00,0.9167359526175771
2012-11-01 22:00:00,1.0208939580418226
2012-11-01 23:00:00,0.9467670746736536
2012-11-02 00:00:00,0.7025598489024011
2012-11-02 01:00:00,0.7228937652521344
2012-11-02 02:00:00,0.5615606937546465
2012-11-02 03:00:00,0.28310111365092355
2012-11-02 04:00:00,0.25741905583657454
2012-11-02 05:00:00,0.6087416622563805
2012-11-02 06:00:00,0.7362578525601214
2012-11-02 07:00:00,0.32367986200752435
2012-11-02 08:00:00,0.058535393000626726
2012-11-02 09:00:00,0.0
2012-11-02 10:00:00,0.05944407640766852
2012-11-02 11:00:00,0.08132288449840674
2012-11-02 12:00:00,0.05180503417350408
2012-11-02 13:00:00,0.0
2012-11-02 14:00:00,0.0
2012-11-02 15:00:00,0.0
2012-11-02 16:00:00,0.04814482584283114
2012-11-02 17:00:00,0.1297130938982582
2012-11-02 18:00:00,0.3402081399123506
2012-11-02 19:00:00,0.3979961877078867
2012-11-02 20:00:00,0.5149541636225365
2012-11-02 21:00:00,0.6539656502157895
2012-11-02 22:00:00,0.7597274208819861
2012-11-02 23:00:00,0.7748042660316857
2012-11-03 00:00:00,0.8055537283540101
2012-11-03 01:00:00,0.7647310980792169
2012-11-03 02:00:00,0.8251792525139675
2012-11-03 03:00:00,0.9281003193281403
2012-11-03 04:00:00,0.8451209706000884
2012-11-03 05:00:00,0.8278198241222888
2012-11-03 06:00:00,0.6687589822362848
2012-11-03 07:00:00,0.5544481282896564
2012-11-03 08:00:00,0.2260302674766047
2012-11-03 09:00:00,0.09127037923173818
2012-11-03 10:00:00,0.05898856823250384
2012-11-03 11:00:00,0.0
2012-11-03 12:00:00,0.0
2012-11-03 13:00:00,0.0
2012-11-03 14:00:00,0.0
2012-11-03 15:00:00,0.23791429518316495
2012-11-03 16:00:00,0.5178489647807437
2012-11-03 17:00:00,0.4069854987343424
2012-11-03 18:00:00,0.2484262052150559
2012-11-03 19:00:00,0.3083795404568513
2012-11-03 20:00:00,0.4364864806414283
2012-11-03 21:00:00,0.41862087693797584
2012-11-03 22:00:00,0.5906192129270894
2012-11-03 23:00:00,0.5159178954319185
2012-11-04 00:00:00,0.42621663668526516
2012-11-04 01:00:00,0.43304507883209714
2012-11-04 02:00:00,0.5130303019903445
2012-11-04 03:00:00,0.4801340116230456
2012-11-04 04:00:00,0.466477426933406
2012-11-04 05:00:00,0.47372824262260965
2012-11-04 06:00:00,0.3633624995947538
2012-11-04 07:00:00,0.27099718981771626
2012-11-04 08:00:00,0.11601253991601754
2012-11-04 09:00:00,0.07936898672051922
2012-11-04 10:00:00,0.08561724274239302
2012-11-04 11:00:00,0.08388181145212552
2012-11-04 12:00:00,0.06981313122288317
2012-11-04 13:00:00,0.054993258353784324
2012-11-04 14:00:00,0.0
2012-11-04 15:00:00,0.05077034400231998
2012-11-04 16:00:00,0.05696756514281568
2012-11-04 17:00:00,0.07992401259617452
2012-11-04 18:00:00,0.15030740120891162
2012-11-04 19:00:00,0.14198974462982084
2012-11-04 20:00:00,0.17111877356911995
2012-11-04 21:00:00,0.1571906640290771
2012-11-04 22:00:00,0.2092207738227016
2012-11-04 23:00:00,0.22491955562313368
2012-11-05 00:00:00,0.2672478587110087
2012-11-05 01:00:00,0.20036698688588495
2012-11-05 02:00:00,0.18928472487861311
2012-11-05 03:00:00,0.1343776612673673
2012-11-05 04:00:00,0.09157461357919533
2012-11-05 05:00:00,0.07134930699492735
2012-11-05 06:00:00,0.06680724610154808
2012-11-05 07:00:00,0.05763601740839597
2012-11-05 08:00:00,0.1285640672946056
2012-11-05 09:00:00,0.11565630923403553
2012-11-05 10:00:00,0.05564620583035866
2012-11-05 11:00:00,0.0
2012-11-05 12:00:00,0.0
2012-11-05 13:00:00,0.0
2012-11-05 14:00:00,0.0
2012-11-05 15:00:00,0.0
2012-11-05 16:00:00,0.0
2012-11-05 17:00:00,0.0
2012-11-05 18:00:00,0.0
2012-11-05 19:00:00,0.0
2012-11-05 20:00:00,0.0
2012-11-05 21:00:00,0.0
2012-11-05 22:00:00,0.05413063485401214
2012-11-05 23:00:00,0.05967270722072899
2012-11-06 00:00:00,0.04774911693381615
2012-11-06 01:00:00,0.05138948775956361
2012-11-06 02:00:00,0.0
2012-11-06 03:00:00,0.0
2012-11-06 04:00:00,0.05159698207649065
2012-11-06 05:00:00,0.0
2012-11-06 06:00:00,0.0
2012-11-06 07:00:00,0.0
2012-11-06 08:00:00,0.0
2012-11-06 09:00:00,0.0
2012-11-06 10:00:00,0.0
2012-11-06 11:00:00,0.0
2012-11-06 12:00:00,0.0
2012-11-06 13:00:00,0.052013644799302004
2012-11-06 14:00:00,0.10134455343445707
2012-11-06 15:00:00,0.16836131770868643
2012-11-06 16:00:00,0.16744879223254833
2012-11-06 17:00:00,0.2384903586020211
2012-11-06 18:00:00,0.09096681946127146
2012-11-06 19:00:00,0.08160460324782555
2012-11-06 20:00:00,0.08975931117534654
2012-11-06 21:00:00,0.13834916154816118
2012-11-06 22:00:00,0.11816529552865301
2012-11-06 23:00:00,0.2948955075949941
2012-11-07 00:00:00,0.28569439024967264
2012-11-07 01:00:00,0.18293233430939915
2012-11-07 02:00:00,0.11388609055991356
2012-11-07 03:00:00,0.15115659356385588
2012-11-07 04:00:00,0.13281059071768705
2012-11-07 05:00:00,0.10232530040648363
2012-11-07 06:00:00,0.13320120985221773
2012-11-07 07:00:00,0.2150864399980626
2012-11-07 08:00:00,0.17297370356527328
2012-11-07 09:00:00,0.1725087207404037
2012-11-07 10:00:00,0.19628839607285892
2012-11-07 11:00:00,0.18293233430939915
2012-11-07 12:00:00,0.20974955396158862
2012-11-07 13:00:00,0.20763976713132332
2012-11-07 14:00:00,0.18731473495805806
2012-11-07 15:00:00,0.1448650531833617
2012-11-07 16:00:00,0.20763976713132332
2012-11-07 17:00:00,0.3402081399123506
2012-11-07 18:00:00,0.10732404505583172
2012-11-07 19:00:00,0.2216092640785606
2012-11-07 20:00:00,0.1814868704251124
2012-11-07 21:00:00,0.2766866825877898
2012-11-07 22:00:00,0.2735161251870697
2012-11-07 23:00:00,0.13834916154816118
2012-11-08 00:00:00,0.05201364479930203
2012-11-08 01:00:00,0.0
2012-11-08 02:00:00,0.0
2012-11-08 03:00:00,0.0
2012-11-08 04:00:00,0.0
2012-11-08 05:00:00,0.0
2012-11-08 06:00:00,0.0
2012-11-08 07:00:00,0.0
2012-11-08 08:00:00,0.0
2012-11-08 09:00:00,0.0
2012-11-08 10:00:00,0.0
2012-11-08 11:00:00,0.0
2012-11-08 12:00:00,0.0
2012-11-08 13:00:00,0.0
2012-11-08 14:00:00,0.0
2012-11-08 15:00:00,0.0
2012-11-08 16:00:00,0.0
2012-11-08 17:00:00,0.08416940598425315
2012-11-08 18:00:00,0.10298263438045788
2012-11-08 19:00:00,0.09403286297427953
2012-11-08 20:00:00,0.20502249014141535
2012-11-08 21:00:00,0.272254715379515
2012-11-08 22:00:00,0.2282626491289759
2012-11-08 23:00:00,0.27099718981771626
2012-11-09 00:00:00,0.3438741445389505
2012-11-09 01:00:00,0.3819929354705292
2012-11-09 02:00:00,0.4127758566119252
2012-11-09 03:00:00,0.41694527835570666
2012-11-09 04:00:00,0.46737970410513324
2012-11-09 05:00:00,0.4425527187958431
2012-11-09 06:00:00,0.4893848966782065
2012-11-09 07:00:00,0.5149541636225365
2012-11-09 08:00:00,0.2975602099927276
2012-11-09 09:00:00,0.12894631897914202
2012-11-09 10:00:00,0.15158238653524497
2012-11-09 11:00:00,0.23333914682497311
2012-11-09 12:00:00,0.36489137206637345
2012-11-09 13:00:00,0.44342388531531474
2012-11-09 14:00:00,0.5091969657086994
2012-11-09 15:00:00,0.5197848467609724
2012-11-09 16:00:00,0.6012352441545378
2012-11-09 17:00:00,0.70730953326313
2012-11-09 18:00:00,1.1473807624508707
2012-11-09 19:00:00,1.1605752378189582
2012-11-09 20:00:00,0.9967674891174026
2012-11-09 21:00:00,1.2540354197428423
2012-11-09 22:00:00,1.2384107937442432
2012-11-09 23:00:00,0.9997622817772158
2012-11-10 00:00:00,1.0624847257414964
2012-11-10 01:00:00,0.9997622817772158
2012-11-10 02:00:00,1.09560288206015
2012-11-10 03:00:00,1.1722030525495766
2012-11-10 04:00:00,1.09560288206015
2012-11-10 05:00:00,1.0057698508252664
2012-11-10 06:00:00,0.7798738526202815
2012-11-10 07:00:00,0.7760695966464207
2012-11-10 08:00:00,0.4460442429483486
2012-11-10 09:00:00,0.2988985597607921
2012-11-10 10:00:00,0.3265149980413252
2012-11-10 11:00:00,0.3788446579527282
2012-11-10 12:00:00,0.6023037899547874
2012-11-10 13:00:00,0.767241154388206
2012-11-10 14:00:00,0.9068685569763991
2012-11-10 15:00:00,0.9181513964531778
2012-11-10 16:00:00,0.6438529598630998
2012-11-10 17:00:00,1.5
2012-11-10 18:00:00,1.5
2012-11-10 19:00:00,1.3468905416694914
2012-11-10 20:00:00,1.5
2012-11-10 21:00:00,1.5
2012-11-10 22:00:00,1.3377694178498902
2012-11-10 23:00:00,1.4156787050651838
2012-11-11 00:00:00,1.5
2012-11-11 01:00:00,1.332316560099509
2012-11-11 02:00:00,1.4985178796644645
2012-11-11 03:00:00,1.4887236762506613
2012-11-11 04:00:00,1.1490245741817142
2012-11-11 05:00:00,1.5
2012-11-11 06:00:00,1.5
2012-11-11 07:00:00,1.5
2012-11-11 08:00:00,1.5
2012-11-11 09:00:00,1.5
2012-11-11 10:00:00,1.5
2012-11-11 11:00:00,1.5
2012-11-11 12:00:00,1.5
2012-11-11 13:00:00,1.5
2012-11-11 14:00:00,1.5
2012-11-11 15:00:00,1.5
2012-11-11 16:00:00,1.5
2012-11-11 17:00:00,1.5
2012-11-11 18:00:00,1.5
2012-11-11 19:00:00,1.5
2012-11-11 20:00:00,1.5
2012-11-11 21:00:00,1.5
2012-11-11 22:00:00,0.2915870624647251
2012-11-11 23:00:00,0.814673118438371
2012-11-12 00:00:00,0.23447738456418485
2012-11-12 01:00:00,0.05159698207649063
2012-11-12 02:00:00,0.23964527359146745
2012-11-12 03:00:00,0.3812042372983569
2012-11-12 04:00:00,0.6550957749375794
2012-11-12 05:00:00,0.5937907890563613
2012-11-12 06:00:00,0.8424437150308348
2012-11-12 07:00:00,0.5256214283859261
2012-11-12 08:00:00,0.5656521946186208
2012-11-12 09:00:00,0.39637612380737497
2012-11-12 10:00:00,0.3049708072157441
2012-11-12 11:00:00,0.2876497063113326
2012-11-12 12:00:00,0.2929074547087996
2012-11-12 13:00:00,0.22381248843202578
2012-11-12 14:00:00,0.192265532357003
2012-11-12 15:00:00,0.13675130453250353
2012-11-12 16:00:00,0.08503613222484444
2012-11-12 17:00:00,0.061056813423765545
2012-11-12 18:00:00,0.12553321359068198
2012-11-12 19:00:00,0.21562505353782863
2012-11-12 20:00:00,0.2134759825181219
2012-11-12 21:00:00,0.18584624636102326
2012-11-12 22:00:00,0.3194580043186488
2012-11-12 23:00:00,0.3812042372983569
2012-11-13 00:00:00,0.4177825176206607
2012-11-13 01:00:00,0.3996206599428263
2012-11-13 02:00:00,0.24313237767994136
2012-11-13 03:00:00,0.05608436292699648
2012-11-13 04:00:00,0.0
2012-11-13 05:00:00,0.0710917285184294
2012-11-13 06:00:00,0.0931059301757708
2012-11-13 07:00:00,0.13203164496221564
2012-11-13 08:00:00,0.0
2012-11-13 09:00:00,0.0
2012-11-13 10:00:00,0.0
2012-11-13 11:00:00,0.0
2012-11-13 12:00:00,0.0
2012-11-13 13:00:00,0.0
2012-11-13 14:00:00,0.0
2012-11-13 15:00:00,0.0
2012-11-13 16:00:00,0.0769031558836654
2012-11-13 17:00:00,0.19985410235641332
2012-11-13 18:00:00,0.2672478587110087
2012-11-13 19:00:00,0.3394780797755709
2012-11-13 20:00:00,0.3819929354705292
2012-11-13 21:00:00,0.49781162147556723
2012-11-13 22:00:00,0.543392995982046
2012-11-13 23:00:00,0.5864080401584016
2012-11-14 00:00:00,0.6152252470693232
2012-11-14 01:00:00,0.598037191065567
2012-11-14 02:00:00,0.48289692436959963
2012-11-14 03:00:00,0.38041662548713123
2012-11-14 04:00:00,0.3625996674446286
2012-11-14 05:00:00,0.3187579505044235
2012-11-14 06:00:00,0.3286521803590784
2012-11-14 07:00:00,0.32226846925257385
2012-11-14 08:00:00,0.11459199407719721
2012-11-14 09:00:00,0.0
2012-11-14 10:00:00,0.05180503417350408
2012-11-14 11:00:00,0.05370272668570026
2012-11-14 12:00:00,0.057189805068872675
2012-11-14 13:00:00,0.059216030327826207
2012-11-14 14:00:00,0.049345057781463295
2012-11-14 15:00:00,0.05652481403462054
2012-11-14 16:00:00,0.09685053325396072
2012-11-14 17:00:00,0.22714462998202387
2012-11-14 18:00:00,0.3641264008857692
2012-11-14 19:00:00,0.41527415698809084
2012-11-14 20:00:00,0.36489137206637345
2012-11-14 21:00:00,0.23447738456418485
2012-11-14 22:00:00,0.17625199962121615
2012-11-14 23:00:00,0.17531115463934863
2012-11-15 00:00:00,0.1697363126301638
2012-11-15 01:00:00,0.10497151495240463
2012-11-15 02:00:00,0.08302296001817701
2012-11-15 03:00:00,0.07964617734381367
2012-11-15 04:00:00,0.0
2012-11-15 05:00:00,0.04954701547592187
2012-11-15 06:00:00,0.05370272668570026
2012-11-15 07:00:00,0.05542798566441434
2012-11-15 08:00:00,0.0
2012-11-15 09:00:00,0.0
2012-11-15 10:00:00,0.0
2012-11-15 11:00:00,0.0
2012-11-15 12:00:00,0.0
2012-11-15 13:00:00,0.0
2012-11-15 14:00:00,0.0
2012-11-15 15:00:00,0.0
2012-11-15 16:00:00,0.06880136256889205
2012-11-15 17:00:00,0.15458534736657453
2012-11-15 18:00:00,0.17158125649102515
2012-11-15 19:00:00,0.17484199033557624
2012-11-15 20:00:00,0.15329355451653678
2012-11-15 21:00:00,0.16699376858983891
2012-11-15 22:00:00,0.17814377604578902
2012-11-15 23:00:00,0.14198974462982084
2012-11-16 00:00:00,0.11423867882562662
2012-11-16 01:00:00,0.12894631897914202
2012-11-16 02:00:00,0.14239815208257026
2012-11-16 03:00:00,0.1701963023873874
2012-11-16 04:00:00,0.29290745470879975
2012-11-16 05:00:00,0.37104974738016666
2012-11-16 06:00:00,0.3664245270911397
2012-11-16 07:00:00,0.4020656470245047
2012-11-16 08:00:00,0.12329160248723445
2012-11-16 09:00:00,0.0
2012-11-16 10:00:00,0.0
2012-11-16 11:00:00,0.0
2012-11-16 12:00:00,0.04391062162311222
2012-11-16 13:00:00,0.0
2012-11-16 14:00:00,0.0
2012-11-16 15:00:00,0.06656072514732687
2012-11-16 16:00:00,0.10232530040648363
2012-11-16 17:00:00,0.21454872414732154
2012-11-16 18:00:00,0.4719085458600307
2012-11-16 19:00:00,0.7374808719989862
2012-11-16 20:00:00,0.883200219290946
2012-11-16 21:00:00,0.8172912410827863
2012-11-16 22:00:00,0.8120605930609714
2012-11-16 23:00:00,1.0133130933937182
2012-11-17 00:00:00,0.8424437150308348
2012-11-17 01:00:00,0.6791301329070546
2012-11-17 02:00:00,0.45043441084068947
2012-11-17 03:00:00,0.3520318578654382
2012-11-17 04:00:00,0.3250953696072465
2012-11-17 05:00:00,0.20088074814083443
2012-11-17 06:00:00,0.24961295260172897
2012-11-17 07:00:00,0.23733916014995593
2012-11-17 08:00:00,0.09187952325234106
2012-11-17 09:00:00,0.0
2012-11-17 10:00:00,0.0
2012-11-17 11:00:00,0.0
2012-11-17 12:00:00,0.0
2012-11-17 13:00:00,0.0
2012-11-17 14:00:00,0.0
2012-11-17 15:00:00,0.0442848578705457
2012-11-17 16:00:00,0.09972393587169856
2012-11-17 17:00:00,0.24901910760293683
2012-11-17 18:00:00,0.4028828533743282
2012-11-17 19:00:00,0.6012352441545378
2012-11-17 20:00:00,0.49311826828659394
2012-11-17 21:00:00,0.4557405211425258
2012-11-17 22:00:00,0.49593072313529263
2012-11-17 23:00:00,0.28699694625884986
2012-11-18 00:00:00,0.2735161251870697
2012-11-18 01:00:00,0.2188756281730431
2012-11-18 02:00:00,0.05097616947117639
2012-11-18 03:00:00,0.0
2012-11-18 04:00:00,0.04854271496072076
2012-11-18 05:00:00,0.0
2012-11-18 06:00:00,0.0
2012-11-18 07:00:00,0.06082465848873633
2012-11-18 08:00:00,0.0
2012-11-18 09:00:00,0.0
2012-11-18 10:00:00,0.0
2012-11-18 11:00:00,0.0
2012-11-18 12:00:00,0.0
2012-11-18 13:00:00,0.0
2012-11-18 14:00:00,0.0
2012-11-18 15:00:00,0.0
2012-11-18 16:00:00,0.0
2012-11-18 17:00:00,0.0
2012-11-18 18:00:00,0.0
2012-11-18 19:00:00,0.0
2012-11-18 20:00:00,0.0
2012-11-18 21:00:00,0.06730211258726634
2012-11-18 22:00:00,0.08737644669481304
2012-11-18 23:00:00,0.07826665554404214
2012-11-19 00:00:00,0.10298263438045784
2012-11-19 01:00:00,0.10037009328039771
2012-11-19 02:00:00,0.11318309199126793
2012-11-19 03:00:00,0.08532635768210453
2012-11-19 04:00:00,0.07881653636633666
2012-11-19 05:00:00,0.06509432429495104
2012-11-19 06:00:00,0.0
2012-11-19 07:00:00,0.0
2012-11-19 08:00:00,0.0
2012-11-19 09:00:00,0.0
2012-11-19 10:00:00,0.0
2012-11-19 11:00:00,0.0
2012-11-19 12:00:00,0.0
2012-11-19 13:00:00,0.0
2012-11-19 14:00:00,0.0
2012-11-19 15:00:00,0.0
2012-11-19 16:00:00,0.0
2012-11-19 17:00:00,0.0
2012-11-19 18:00:00,0.047355582244091025
2012-11-19 19:00:00,0.048542714960720774
2012-11-19 20:00:00,0.06854995710824976
2012-11-19 21:00:00,0.0511825504740249
2012-11-19 22:00:00,0.04676934376845497
2012-11-19 23:00:00,0.0
2012-11-20 00:00:00,0.0
2012-11-20 01:00:00,0.0
2012-11-20 02:00:00,0.0
2012-11-20 03:00:00,0.0
2012-11-20 04:00:00,0.06804898498950518
2012-11-20 05:00:00,0.10698583928066888
2012-11-20 06:00:00,0.14445194016303753
2012-11-20 07:00:00,0.13635377191969383
2012-11-20 08:00:00,0.07290785386627596
2012-11-20 09:00:00,0.0
2012-11-20 10:00:00,0.0
2012-11-20 11:00:00,0.0
2012-11-20 12:00:00,0.0
2012-11-20 13:00:00,0.0
2012-11-20 14:00:00,0.0
2012-11-20 15:00:00,0.0
2012-11-20 16:00:00,0.0
2012-11-20 17:00:00,0.0
2012-11-20 18:00:00,0.047552078185891404
2012-11-20 19:00:00,0.2896139236447338
2012-11-20 20:00:00,0.41028759627731487
2012-11-20 21:00:00,0.30769577232375295
2012-11-20 22:00:00,0.650583075987254
2012-11-20 23:00:00,0.28504459279558186
2012-11-21 00:00:00,0.5790867406572098
2012-11-21 01:00:00,0.3063312697822678
2012-11-21 02:00:00,0.3265149980413252
2012-11-21 03:00:00,0.3215643140701429
2012-11-21 04:00:00,0.32226846925257396
2012-11-21 05:00:00,0.24313237767994136
2012-11-21 06:00:00,0.1947733122494112
2012-11-21 07:00:00,0.07057843282891657
2012-11-21 08:00:00,0.0511825504740249
2012-11-21 09:00:00,0.0
2012-11-21 10:00:00,0.0
2012-11-21 11:00:00,0.0
2012-11-21 12:00:00,0.0
2012-11-21 13:00:00,0.0
2012-11-21 14:00:00,0.0
2012-11-21 15:00:00,0.0
2012-11-21 16:00:00,0.0
2012-11-21 17:00:00,0.0
2012-11-21 18:00:00,0.0
2012-11-21 19:00:00,0.0
2012-11-21 20:00:00,0.0
2012-11-21 21:00:00,0.0
2012-11-21 22:00:00,0.0
2012-11-21 23:00:00,0.0
2012-11-22 00:00:00,0.0
2012-11-22 01:00:00,0.0
2012-11-22 02:00:00,0.0
2012-11-22 03:00:00,0.0
2012-11-22 04:00:00,0.0
2012-11-22 05:00:00,0.0
2012-11-22 06:00:00,0.04696421578407091
2012-11-22 07:00:00,0.061056813423765545
2012-11-22 08:00:00,0.05990192351570564
2012-11-22 09:00:00,0.0
2012-11-22 10:00:00,0.0
2012-11-22 11:00:00,0.0
2012-11-22 12:00:00,0.0
2012-11-22 13:00:00,0.24313237767994136
2012-11-22 14:00:00,0.48197477899632485
2012-11-22 15:00:00,0.3286521803590784
2012-11-22 16:00:00,0.466477426933406
2012-11-22 17:00:00,0.7748042660316862
2012-11-22 18:00:00,0.5656521946186208
2012-11-22 19:00:00,0.5111112380155938
2012-11-22 20:00:00,0.3475663910340453
2012-11-22 21:00:00,0.7887987533985401
2012-11-22 22:00:00,0.87769170993712
2012-11-22 23:00:00,0.9409970525595837
2012-11-23 00:00:00,0.5843099811847808
2012-11-23 01:00:00,0.6942991519023399
2012-11-23 02:00:00,0.7192772939928677
2012-11-23 03:00:00,0.5168828289017545
2012-11-23 04:00:00,0.7241019439972098
2012-11-23 05:00:00,0.33295448191558386
2012-11-23 06:00:00,0.936684954662755
2012-11-23 07:00:00,0.5770061914861135
2012-11-23 08:00:00,0.7710165278353642
2012-11-23 09:00:00,0.5780458420317933
2012-11-23 10:00:00,0.4566289039748654
2012-11-23 11:00:00,0.5423953346720523
2012-11-23 12:00:00,0.6023037899547874
2012-11-23 13:00:00,0.6966527063495546
2012-11-23 14:00:00,0.4364864806414283
2012-11-23 15:00:00,0.7096923820210036
2012-11-23 16:00:00,0.5749306316391729
2012-11-23 17:00:00,0.4584091316195715
2012-11-23 18:00:00,1.0797478059121008
2012-11-23 19:00:00,0.9554662585718668
2012-11-23 20:00:00,0.5790867406572098
2012-11-23 21:00:00,0.23447738456418485
2012-11-23 22:00:00,0.23733916014995593
2012-11-23 23:00:00,0.10564012132501105
2012-11-24 00:00:00,0.1978113165193463
2012-11-24 01:00:00,0.14321731490531894
2012-11-24 02:00:00,0.13203164496221564
2012-11-24 03:00:00,0.13477134557193
2012-11-24 04:00:00,0.06631481138726691
2012-11-24 05:00:00,0.11780466924011092
2012-11-24 06:00:00,0.14403961327572112
2012-11-24 07:00:00,0.14736028202556156
2012-11-24 08:00:00,0.10037009328039771
2012-11-24 09:00:00,0.05015619331272233
2012-11-24 10:00:00,0.0
2012-11-24 11:00:00,0.0
2012-11-24 12:00:00,0.0
2012-11-24 13:00:00,0.0
2012-11-24 14:00:00,0.0
2012-11-24 15:00:00,0.0
2012-11-24 16:00:00,0.0
2012-11-24 17:00:00,0.0
2012-11-24 18:00:00,0.0
2012-11-24 19:00:00,0.0
2012-11-24 20:00:00,0.052013644799302004
2012-11-24 21:00:00,0.06730211258726634
2012-11-24 22:00:00,0.1343776612673673
2012-11-24 23:00:00,0.26291753850062816
2012-11-25 00:00:00,0.4408138103020212
2012-11-25 01:00:00,0.4434238853153145
2012-11-25 02:00:00,0.47281781063114914
2012-11-25 03:00:00,0.6427358063359374
2012-11-25 04:00:00,0.5948504987216044
2012-11-25 05:00:00,0.508241624558953
2012-11-25 06:00:00,0.48474474223291053
2012-11-25 07:00:00,0.544391879916041
2012-11-25 08:00:00,0.30293767521679454
2012-11-25 09:00:00,0.13164331684387864
2012-11-25 10:00:00,0.14362807177271428
2012-11-25 11:00:00,0.20922077382270154
2012-11-25 12:00:00,0.2140119052369073
2012-11-25 13:00:00,0.23107373410971305
2012-11-25 14:00:00,0.2254744555927246
2012-11-25 15:00:00,0.17204457196522036
2012-11-25 16:00:00,0.2199663685046283
2012-11-25 17:00:00,0.3343968820024518
2012-11-25 18:00:00,0.3505391452660779
2012-11-25 19:00:00,0.20922077382270154
2012-11-25 20:00:00,0.13125575090021016
2012-11-25 21:00:00,0.23504788889962958
2012-11-25 22:00:00,0.07854127513805244
2012-11-25 23:00:00,0.0
2012-11-26 00:00:00,0.0
2012-11-26 01:00:00,0.04995258249285329
2012-11-26 02:00:00,0.0
2012-11-26 03:00:00,0.0
2012-11-26 04:00:00,0.0
2012-11-26 05:00:00,0.0
2012-11-26 06:00:00,0.0
2012-11-26 07:00:00,0.0
2012-11-26 08:00:00,0.0
2012-11-26 09:00:00,0.0
2012-11-26 10:00:00,0.0
2012-11-26 11:00:00,0.0
2012-11-26 12:00:00,0.08767196993984692
2012-11-26 13:00:00,0.18487153027699582
2012-11-26 14:00:00,0.24022412665945378
2012-11-26 15:00:00,0.23277141192380982
2012-11-26 16:00:00,0.19276535584807522
2012-11-26 17:00:00,0.3899398317579108
2012-11-26 18:00:00,0.34461049149369755
2012-11-26 19:00:00,0.4136075068455434
2012-11-26 20:00:00,0.6596292936847404
2012-11-26 21:00:00,0.7192772939928677
2012-11-26 22:00:00,0.6393921007693961
2012-11-26 23:00:00,0.4339037271192937
2012-11-27 00:00:00,0.5707944559594188
2012-11-27 01:00:00,0.7824169175312159
2012-11-27 02:00:00,0.7647310980792169
2012-11-27 03:00:00,0.6699060814414552
2012-11-27 04:00:00,0.6641836801454161
2012-11-27 05:00:00,0.5453919872227359
2012-11-27 06:00:00,0.5149541636225365
2012-11-27 07:00:00,0.4893848966782066
2012-11-27 08:00:00,0.2502077409601301
2012-11-27 09:00:00,0.13320120985221773
2012-11-27 10:00:00,0.12144410693845654
2012-11-27 11:00:00,0.1297130938982582
2012-11-27 12:00:00,0.1043057356638336
2012-11-27 13:00:00,0.07475464888319587
2012-11-27 14:00:00,0.05542798566441434
2012-11-27 15:00:00,0.0450396972940769
2012-11-27 16:00:00,0.05159698207649065
2012-11-27 17:00:00,0.05413063485401214
2012-11-27 18:00:00,0.0
2012-11-27 19:00:00,0.0
2012-11-27 20:00:00,0.0
2012-11-27 21:00:00,0.0
2012-11-27 22:00:00,0.0
2012-11-27 23:00:00,0.0
2012-11-28 00:00:00,0.0
2012-11-28 01:00:00,0.0
2012-11-28 02:00:00,0.0
2012-11-28 03:00:00,0.0
2012-11-28 04:00:00,0.0
2012-11-28 05:00:00,0.0
2012-11-28 06:00:00,0.0
2012-11-28 07:00:00,0.0
2012-11-28 08:00:00,0.0
2012-11-28 09:00:00,0.0
2012-11-28 10:00:00,0.0
2012-11-28 11:00:00,0.0
2012-11-28 12:00:00,0.0
2012-11-28 13:00:00,0.0
2012-11-28 14:00:00,0.0
2012-11-28 15:00:00,0.0
2012-11-28 16:00:00,0.0
2012-11-28 17:00:00,0.0
2012-11-28 18:00:00,0.0
2012-11-28 19:00:00,0.0
2012-11-28 20:00:00,0.0
2012-11-28 21:00:00,0.04335322973666977
2012-11-28 22:00:00,0.06199134039191158
2012-11-28 23:00:00,0.05564620583035864
2012-11-29 00:00:00,0.06606950407266997
2012-11-29 01:00:00,0.09559138725990211
2012-11-29 02:00:00,0.14076920912169427
2012-11-29 03:00:00,0.17065712245080683
2012-11-29 04:00:00,0.2199663685046283
2012-11-29 05:00:00,0.28439578137689214
2012-11-29 06:00:00,0.31736091253819354
2012-11-29 07:00:00,0.3891402287978744
2012-11-29 08:00:00,0.21294095524226703
2012-11-29 09:00:00,0.05056507331875757
2012-11-29 10:00:00,0.0
2012-11-29 11:00:00,0.08132288449840674
2012-11-29 12:00:00,0.13955568816609062
2012-11-29 13:00:00,0.18977937112230622
2012-11-29 14:00:00,0.20711454031363097
2012-11-29 15:00:00,0.20294457538937608
2012-11-29 16:00:00,0.5524270556958278
2012-11-29 17:00:00,0.6619038754560963
2012-11-29 18:00:00,1.0469515710600963
2012-11-29 19:00:00,1.1956911625047342
2012-11-29 20:00:00,0.9804029791894362
2012-11-29 21:00:00,0.9082738282508808
2012-11-29 22:00:00,0.6596292936847404
2012-11-29 23:00:00,0.49311826828659394
2012-11-30 00:00:00,0.70730953326313
2012-11-30 01:00:00,0.8081522867683072
2012-11-30 02:00:00,1.0578087605668227
2012-11-30 03:00:00,1.10038948984042
2012-11-30 04:00:00,0.7647310980792169
2012-11-30 05:00:00,0.7786043891920202
2012-11-30 06:00:00,0.7836905205112861
2012-11-30 07:00:00,0.9848481244825804
2012-11-30 08:00:00,0.6055170221490896
2012-11-30 09:00:00,0.16428092690063895
2012-11-30 10:00:00,0.12515774061876614
2012-11-30 11:00:00,0.1259094367580967
2012-11-30 12:00:00,0.14321731490531894
2012-11-30 13:00:00,0.21027922430251955
2012-11-30 14:00:00,0.2580261760014231
2012-11-30 15:00:00,0.2293843309070457
2012-11-30 16:00:00,0.2747814252299653
2012-11-30 17:00:00,0.41444027338803263
2012-11-30 18:00:00,0.4810538083303727
2012-11-30 19:00:00,0.6012352441545378
2012-11-30 20:00:00,0.4575184405509814
2012-11-30 21:00:00,0.45219851227696434
2012-11-30 22:00:00,0.45574052114252545
2012-11-30 23:00:00,0.4425527187958431
2012-12-01 00:00:00,0.5130303019903448
2012-12-01 01:00:00,0.5149541636225365
2012-12-01 02:00:00,0.34093924598037956
2012-12-01 03:00:00,0.24783424468938803
2012-12-01 04:00:00,0.21454872414732154
2012-12-01 05:00:00,0.3453478888718822
2012-12-01 06:00:00,0.33511964158403346
2012-12-01 07:00:00,0.20139538686996034
2012-12-01 08:00:00,0.20659019995449218
2012-12-01 09:00:00,0.14117527389808088
2012-12-01 10:00:00,0.09006018012483266
2012-12-01 11:00:00,0.11816529552865301
2012-12-01 12:00:00,0.18977937112230622
2012-12-01 13:00:00,0.3187579505044235
2012-12-01 14:00:00,0.3387490648213422
2012-12-01 15:00:00,0.35804508457548406
2012-12-01 16:00:00,0.7760695966464207
2012-12-01 17:00:00,1.3745024808983426
2012-12-01 18:00:00,1.3968617792233995
2012-12-01 19:00:00,1.182231351523891
2012-12-01 20:00:00,1.1889485590944935
2012-12-01 21:00:00,1.175539491876249
2012-12-01 22:00:00,1.1457385192425515
2012-12-01 23:00:00,0.8133661564656435
2012-12-02 00:00:00,0.7423864937031203
2012-12-02 01:00:00,0.6033736010548307
2012-12-02 02:00:00,0.6896079573347794
2012-12-02 03:00:00,1.0469515710600963
2012-12-02 04:00:00,0.7132766802254069
2012-12-02 05:00:00,0.5226977065174131
2012-12-02 06:00:00,0.45574052114252556
2012-12-02 07:00:00,0.6184842322046729
2012-12-02 08:00:00,0.733815871626108
2012-12-02 09:00:00,1.0531465347510292
2012-12-02 10:00:00,0.9110887244793084
2012-12-02 11:00:00,0.6641836801454161
2012-12-02 12:00:00,0.6001679629053834
2012-12-02 13:00:00,0.5149541636225365
2012-12-02 14:00:00,0.5139916327249116
2012-12-02 15:00:00,0.5885111154093096
2012-12-02 16:00:00,0.5991019454586257
2012-12-02 17:00:00,0.49687057896218384
2012-12-02 18:00:00,0.672204213511628
2012-12-02 19:00:00,0.8818209375736991
2012-12-02 20:00:00,0.7436162888598135
2012-12-02 21:00:00,0.8107564274756566
2012-12-02 22:00:00,0.5544481282896561
2012-12-02 23:00:00,0.39234521121256727
2012-12-03 00:00:00,0.3490506583188086
2012-12-03 01:00:00,0.3695037087584515
2012-12-03 02:00:00,0.39476046225170636
2012-12-03 03:00:00,0.3265149980413252
2012-12-03 04:00:00,0.38041662548713123
2012-12-03 05:00:00,0.38278272075234654
2012-12-03 06:00:00,0.3394780797755709
2012-12-03 07:00:00,0.4801340116230456
2012-12-03 08:00:00,0.3955677431107844
2012-12-03 09:00:00,0.6676131932527939
2012-12-03 10:00:00,0.4601939802289665
2012-12-03 11:00:00,0.3603175783526152
2012-12-03 12:00:00,0.6687589822362848
2012-12-03 13:00:00,0.9110887244793084
2012-12-03 14:00:00,1.190631827215342
2012-12-03 15:00:00,0.9759712296027435
2012-12-03 16:00:00,0.8887317286504833
2012-12-03 17:00:00,1.1310287903461134
2012-12-03 18:00:00,1.139185216660562
2012-12-03 19:00:00,1.0315705518331362
2012-12-03 20:00:00,0.8424437150308348
2012-12-03 21:00:00,1.0956028820601504
2012-12-03 22:00:00,0.9153219642510884
2012-12-03 23:00:00,0.7939291357704595
2012-12-04 00:00:00,0.6573599288417626
2012-12-04 01:00:00,0.4094604037921992
2012-12-04 02:00:00,0.3923452112125674
2012-12-04 03:00:00,0.18682438249798314
2012-12-04 04:00:00,0.2556034109033437
2012-12-04 05:00:00,0.5256214283859261
2012-12-04 06:00:00,0.4801340116230456
2012-12-04 07:00:00,0.3915423222165591
2012-12-04 08:00:00,0.43304507883209714
2012-12-04 09:00:00,0.398807872409204
2012-12-04 10:00:00,0.2227090599136963
2012-12-04 11:00:00,0.2623027666411714
2012-12-04 12:00:00,0.5130303019903445
2012-12-04 13:00:00,0.19376760006393773
2012-12-04 14:00:00,0.24371683026103674
2012-12-04 15:00:00,0.24313237767994136
2012-12-04 16:00:00,0.2350478888996295
2012-12-04 17:00:00,0.341671398728356
2012-12-04 18:00:00,0.29889855976079227
2012-12-04 19:00:00,0.29092835700061004
2012-12-04 20:00:00,0.2556034109033437
2012-12-04 21:00:00,0.2915870624647251
2012-12-04 22:00:00,0.33802109430096683
2012-12-04 23:00:00,0.39476046225170636
2012-12-05 00:00:00,0.5443918799160414
2012-12-05 01:00:00,0.5738947208405154
2012-12-05 02:00:00,0.569763521008351
2012-12-05 03:00:00,0.5236710725739787
2012-12-05 04:00:00,0.48382024519889577
2012-12-05 05:00:00,0.5063345285233716
2012-12-05 06:00:00,0.3915423222165591
2012-12-05 07:00:00,0.2466531462298989
2012-12-05 08:00:00,0.2384903586020211
2012-12-05 09:00:00,0.11565630923403553
2012-12-05 10:00:00,0.05586499800165334
2012-12-05 11:00:00,0.06341093488500958
2012-12-05 12:00:00,0.08737644669481304
2012-12-05 13:00:00,0.10868399576241926
2012-12-05 14:00:00,0.12666413667421478
2012-12-05 15:00:00,0.11601253991601748
2012-12-05 16:00:00,0.18052747045816903
2012-12-05 17:00:00,0.4513158869330333
2012-12-05 18:00:00,0.6653255429560573
2012-12-05 19:00:00,0.7647310980792169
2012-12-05 20:00:00,0.9730241619547789
2012-12-05 21:00:00,1.0377047511860655
2012-12-05 22:00:00,1.0781707645754395
2012-12-05 23:00:00,1.0423213251350554
2012-12-06 00:00:00,1.059365888031352
2012-12-06 01:00:00,0.8681070182072806
2012-12-06 02:00:00,0.7423864937031206
2012-12-06 03:00:00,0.7025598489024011
2012-12-06 04:00:00,0.5666781657012686
2012-12-06 05:00:00,0.43476350968411576
2012-12-06 06:00:00,0.25985326253905716
2012-12-06 07:00:00,0.08678739398779249
2012-12-06 08:00:00,0.06680724610154808
2012-12-06 09:00:00,0.047946699236563355
2012-12-06 10:00:00,0.0
2012-12-06 11:00:00,0.0
2012-12-06 12:00:00,0.0
2012-12-06 13:00:00,0.0
2012-12-06 14:00:00,0.0
2012-12-06 15:00:00,0.0
2012-12-06 16:00:00,0.0
2012-12-06 17:00:00,0.11708561933284446
2012-12-06 18:00:00,0.11565630923403553
2012-12-06 19:00:00,0.09465422350182187
2012-12-06 20:00:00,0.12144410693845654
2012-12-06 21:00:00,0.08048161998288747
2012-12-06 22:00:00,0.0
2012-12-06 23:00:00,0.0
2012-12-07 00:00:00,0.0
2012-12-07 01:00:00,0.0
2012-12-07 02:00:00,0.0
2012-12-07 03:00:00,0.0
2012-12-07 04:00:00,0.04638121842252083
2012-12-07 05:00:00,0.0
2012-12-07 06:00:00,0.0450396972940769
2012-12-07 07:00:00,0.05876168937300339
2012-12-07 08:00:00,0.16383166299243251
2012-12-07 09:00:00,0.15200897836750948
2012-12-07 10:00:00,0.1207103076785696
2012-12-07 11:00:00,0.11423867882562662
2012-12-07 12:00:00,0.07555558477542072
2012-12-07 13:00:00,0.05327707958565816
2012-12-07 14:00:00,0.059216030327826207
2012-12-07 15:00:00,0.09780211469140204
2012-12-07 16:00:00,0.09748423157753519
2012-12-07 17:00:00,0.06199134039191158
2012-12-07 18:00:00,0.0853263576821045
2012-12-07 19:00:00,0.08826501395645224
2012-12-07 20:00:00,0.13203164496221564
2012-12-07 21:00:00,0.20450168812950917
2012-12-07 22:00:00,0.17578115748499598
2012-12-07 23:00:00,0.1207103076785696
2012-12-08 00:00:00,0.14569364061782542
2012-12-08 01:00:00,0.14486505318336165
2012-12-08 02:00:00,0.13281059071768705
2012-12-08 03:00:00,0.09653471654685694
2012-12-08 04:00:00,0.10868399576241926
2012-12-08 05:00:00,0.0
2012-12-08 06:00:00,0.0
2012-12-08 07:00:00,0.0
2012-12-08 08:00:00,0.0769031558836654
2012-12-08 09:00:00,0.04503969729407688
2012-12-08 10:00:00,0.06175682106827448
2012-12-08 11:00:00,0.05077034400231998
2012-12-08 12:00:00,0.07690315588366545
2012-12-08 13:00:00,0.05222281470258259
2012-12-08 14:00:00,0.06582480245483804
2012-12-08 15:00:00,0.09527831528004234
2012-12-08 16:00:00,0.09559138725990211
2012-12-08 17:00:00,0.12780183173208517
2012-12-08 18:00:00,0.12218087403762205
2012-12-08 19:00:00,0.13635377191969383
2012-12-08 20:00:00,0.19628839607285903
2012-12-08 21:00:00,0.155017552188514
2012-12-08 22:00:00,0.08915958502817586
2012-12-08 23:00:00,0.13915273647641455
2012-12-09 00:00:00,0.142807341924837
2012-12-09 01:00:00,0.14403961327572112
2012-12-09 02:00:00,0.22051309493703375
2012-12-09 03:00:00,0.12515774061876614
2012-12-09 04:00:00,0.0
2012-12-09 05:00:00,0.06606950407266997
2012-12-09 06:00:00,0.0931059301757708
2012-12-09 07:00:00,0.16115326965162954
2012-12-09 08:00:00,0.2580261760014231
2012-12-09 09:00:00,0.3343968820024518
2012-12-09 10:00:00,0.43562442727526124
2012-12-09 11:00:00,0.3971856050901765
2012-12-09 12:00:00,0.5217255473621891
2012-12-09 13:00:00,0.9096805505022842
2012-12-09 14:00:00,0.682610861456836
2012-12-09 15:00:00,0.5101535032780136
2012-12-09 16:00:00,0.720481440998661
2012-12-09 17:00:00,0.8585923604466533
2012-12-09 18:00:00,0.6108977700399872
2012-12-09 19:00:00,0.37649483564077196
2012-12-09 20:00:00,0.4773816577658319
2012-12-09 21:00:00,0.36489137206637345
2012-12-09 22:00:00,0.44691998401322675
2012-12-09 23:00:00,0.40452058655006057
2012-12-10 00:00:00,0.44429619434809053
2012-12-10 01:00:00,0.30906432082978436
2012-12-10 02:00:00,0.45574052114252545
2012-12-10 03:00:00,0.4513158869330333
2012-12-10 04:00:00,0.5554605105017427
2012-12-10 05:00:00,0.44604424294834844
2012-12-10 06:00:00,0.4792153881256451
2012-12-10 07:00:00,0.3664245270911397
2012-12-10 08:00:00,0.4287688253560609
2012-12-10 09:00:00,0.3372941674657462
2012-12-10 10:00:00,0.3104369212899467
2012-12-10 11:00:00,0.33079866824554827
2012-12-10 12:00:00,0.3286521803590784
2012-12-10 13:00:00,0.30429208905134764
2012-12-10 14:00:00,0.32367986200752435
2012-12-10 15:00:00,0.34830799759296277
2012-12-10 16:00:00,0.33151623560578863
2012-12-10 17:00:00,0.4996972695566046
2012-12-10 18:00:00,0.5246456462805839
2012-12-10 19:00:00,0.5246456462805839
2012-12-10 20:00:00,0.3490506583188086
2012-12-10 21:00:00,0.256207674036233
2012-12-10 22:00:00,0.18341585564798638
2012-12-10 23:00:00,0.15806556368207098
2012-12-11 00:00:00,0.10732404505583167
2012-12-11 01:00:00,0.10331235441132623
2012-12-11 02:00:00,0.06533721331467668
2012-12-11 03:00:00,0.060362115546199954
2012-12-11 04:00:00,0.08474656562191459
2012-12-11 05:00:00,0.0442848578705457
2012-12-11 06:00:00,0.0
2012-12-11 07:00:00,0.0
2012-12-11 08:00:00,0.0
2012-12-11 09:00:00,0.0
2012-12-11 10:00:00,0.0
2012-12-11 11:00:00,0.0
2012-12-11 12:00:00,0.0
2012-12-11 13:00:00,0.0
2012-12-11 14:00:00,0.0
2012-12-11 15:00:00,0.0
2012-12-11 16:00:00,0.04854271496072076
2012-12-11 17:00:00,0.07771933826405077
2012-12-11 18:00:00,0.060593092779113816
2012-12-11 19:00:00,0.0
2012-12-11 20:00:00,0.0
2012-12-11 21:00:00,0.0
2012-12-11 22:00:00,0.0
2012-12-11 23:00:00,0.0
2012-12-12 00:00:00,0.0
2012-12-12 01:00:00,0.0
2012-12-12 02:00:00,0.0
2012-12-12 03:00:00,0.0
2012-12-12 04:00:00,0.0
2012-12-12 05:00:00,0.0
2012-12-12 06:00:00,0.0
2012-12-12 07:00:00,0.0
2012-12-12 08:00:00,0.0
2012-12-12 09:00:00,0.0
2012-12-12 10:00:00,0.0
2012-12-12 11:00:00,0.0
2012-12-12 12:00:00,0.0
2012-12-12 13:00:00,0.0
2012-12-12 14:00:00,0.0
2012-12-12 15:00:00,0.0
2012-12-12 16:00:00,0.0
2012-12-12 17:00:00,0.0
2012-12-12 18:00:00,0.044661214431005646
2012-12-12 19:00:00,0.04894279027706989
2012-12-12 20:00:00,0.045229737960836985
2012-12-12 21:00:00,0.06082465848873635
2012-12-12 22:00:00,0.07212577393576419
2012-12-12 23:00:00,0.09559138725990211
2012-12-13 00:00:00,0.06804898498950512
2012-12-13 01:00:00,0.055210336755122255
2012-12-13 02:00:00,0.0
2012-12-13 03:00:00,0.0
2012-12-13 04:00:00,0.04676934376845497
2012-12-13 05:00:00,0.06152289396483651
2012-12-13 06:00:00,0.07528797374434842
2012-12-13 07:00:00,0.10430573566383351
2012-12-13 08:00:00,0.08915958502817586
2012-12-13 09:00:00,0.0
2012-12-13 10:00:00,0.0
2012-12-13 11:00:00,0.0
2012-12-13 12:00:00,0.0
2012-12-13 13:00:00,0.0
2012-12-13 14:00:00,0.0
2012-12-13 15:00:00,0.04580306588639246
2012-12-13 16:00:00,0.09496592761024826
2012-12-13 17:00:00,0.1819678424466603
2012-12-13 18:00:00,0.25500009861704487
2012-12-13 19:00:00,0.2766866825877898
2012-12-13 20:00:00,0.24488854378981026
2012-12-13 21:00:00,0.3152730185139282
2012-12-13 22:00:00,0.3483079975929629
2012-12-13 23:00:00,0.3535288021064741
2012-12-14 00:00:00,0.4203009587244833
2012-12-14 01:00:00,0.45574052114252556
2012-12-14 02:00:00,0.4477968705862016
2012-12-14 03:00:00,0.3104369212899467
2012-12-14 04:00:00,0.22106072654544515
2012-12-14 05:00:00,0.17578115748499598
2012-12-14 06:00:00,0.15982509007380716
2012-12-14 07:00:00,0.14362807177271428
2012-12-14 08:00:00,0.08590878815440793
2012-12-14 09:00:00,0.0
2012-12-14 10:00:00,0.0
2012-12-14 11:00:00,0.0
2012-12-14 12:00:00,0.0
2012-12-14 13:00:00,0.043538499699120346
2012-12-14 14:00:00,0.0
2012-12-14 15:00:00,0.08132288449840681
2012-12-14 16:00:00,0.10732404505583172
2012-12-14 17:00:00,0.28634517448786273
2012-12-14 18:00:00,0.4228295005144076
2012-12-14 19:00:00,0.573894720840516
2012-12-14 20:00:00,0.656227200896671
2012-12-14 21:00:00,0.7990817155437238
2012-12-14 22:00:00,0.7037452702199515
2012-12-14 23:00:00,0.5564741243222076
2012-12-15 00:00:00,0.7497856404621395
2012-12-15 01:00:00,0.7634781254753628
2012-12-15 02:00:00,0.26046420256162506
2012-12-15 03:00:00,0.29290745470879975
2012-12-15 04:00:00,0.3490506583188086
2012-12-15 05:00:00,0.728948120569397
2012-12-15 06:00:00,1.2910027662750294
2012-12-15 07:00:00,1.3726500519282012
2012-12-15 08:00:00,1.1572671868782403
2012-12-15 09:00:00,0.19730280438679376
2012-12-15 10:00:00,0.6733552478740252
2012-12-15 11:00:00,0.7387052450840208
2012-12-15 12:00:00,0.9612952182005704
2012-12-15 13:00:00,1.0797478059121008
2012-12-15 14:00:00,0.7990817155437238
2012-12-15 15:00:00,0.8291422197577031
2012-12-15 16:00:00,1.2610216734739965
2012-12-15 17:00:00,0.9395582193952595
2012-12-15 18:00:00,0.9068685569763991
2012-12-15 19:00:00,0.7990817155437238
2012-12-15 20:00:00,0.6261332443523371
2012-12-15 21:00:00,0.7313792962923948
2012-12-15 22:00:00,0.6517093014893255
2012-12-15 23:00:00,0.7192772939928677
2012-12-16 00:00:00,0.6584939595215538
2012-12-16 01:00:00,0.7939291357704595
2012-12-16 02:00:00,0.5025346605443072
2012-12-16 03:00:00,0.3173609125381933
2012-12-16 04:00:00,0.3633624995947538
2012-12-16 05:00:00,0.16881882103951135
2012-12-16 06:00:00,0.15030740120891162
2012-12-16 07:00:00,0.08590878815440793
2012-12-16 08:00:00,0.047355582244091025
2012-12-16 09:00:00,0.06730211258726634
2012-12-16 10:00:00,0.0511825504740249
2012-12-16 11:00:00,0.0
2012-12-16 12:00:00,0.0
2012-12-16 13:00:00,0.05499325835378436
2012-12-16 14:00:00,0.09716703801462076
2012-12-16 15:00:00,0.10265361662840973
2012-12-16 16:00:00,0.16699376858983891
2012-12-16 17:00:00,0.2282626491289759
2012-12-16 18:00:00,0.25985326253905716
2012-12-16 19:00:00,0.24313237767994136
2012-12-16 20:00:00,0.07609270778204756
2012-12-16 21:00:00,0.14321731490531894
2012-12-16 22:00:00,0.16699376858983891
2012-12-16 23:00:00,0.07992401259617452
2012-12-17 00:00:00,0.1786188258653456
2012-12-17 01:00:00,0.09908055763035613
2012-12-17 02:00:00,0.0
2012-12-17 03:00:00,0.09187952325234106
2012-12-17 04:00:00,0.1135342285313601
2012-12-17 05:00:00,0.11565630923403553
2012-12-17 06:00:00,0.13398474437835983
2012-12-17 07:00:00,0.07316979800140996
2012-12-17 08:00:00,0.0
2012-12-17 09:00:00,0.0
2012-12-17 10:00:00,0.08445765712461689
2012-12-17 11:00:00,0.08767196993984692
2012-12-17 12:00:00,0.11961516038516963
2012-12-17 13:00:00,0.22381248843202578
2012-12-17 14:00:00,0.2293843309070457
2012-12-17 15:00:00,0.13635377191969383
2012-12-17 16:00:00,0.1207103076785696
2012-12-17 17:00:00,0.22051309493703375
2012-12-17 18:00:00,0.26974354251208893
2012-12-17 19:00:00,0.32226846925257385
2012-12-17 20:00:00,0.24961295260172897
2012-12-17 21:00:00,0.26662635231211934
2012-12-17 22:00:00,0.1589437037004527
2012-12-17 23:00:00,0.3915423222165591
2012-12-18 00:00:00,0.2556034109033437
2012-12-18 01:00:00,0.23504788889962958
2012-12-18 02:00:00,0.08649386302840957
2012-12-18 03:00:00,0.0
2012-12-18 04:00:00,0.0
2012-12-18 05:00:00,0.0
2012-12-18 06:00:00,0.06269845917099864
2012-12-18 07:00:00,0.11780466924011086
2012-12-18 08:00:00,0.11925158871829211
2012-12-18 09:00:00,0.05370272668570026
2012-12-18 10:00:00,0.12255037239867958
2012-12-18 11:00:00,0.2172462877782577
2012-12-18 12:00:00,0.4177825176206607
2012-12-18 13:00:00,0.37806030073215435
2012-12-18 14:00:00,0.4136075068455434
2012-12-18 15:00:00,0.3656574138852642
2012-12-18 16:00:00,0.5034828388993063
2012-12-18 17:00:00,0.6239414146848611
2012-12-18 18:00:00,0.682610861456836
2012-12-18 19:00:00,0.6931243650926386
2012-12-18 20:00:00,0.7748042660316862
2012-12-18 21:00:00,0.5168828289017549
2012-12-18 22:00:00,0.33223483991290104
2012-12-18 23:00:00,0.18928472487861311
2012-12-19 00:00:00,0.059444076407668536
2012-12-19 01:00:00,0.07854127513805244
2012-12-19 02:00:00,0.2896139236447338
2012-12-19 03:00:00,0.3083795404568513
2012-12-19 04:00:00,0.6483345189619429
2012-12-19 05:00:00,0.7362578525601214
2012-12-19 06:00:00,0.5595223629208557
2012-12-19 07:00:00,0.6584939595215532
2012-12-19 08:00:00,0.40452058655006057
2012-12-19 09:00:00,0.16836131770868643
2012-12-19 10:00:00,0.12666413667421478
2012-12-19 11:00:00,0.16070972879171921
2012-12-19 12:00:00,0.17578115748499598
2012-12-19 13:00:00,0.19176657361223914
2012-12-19 14:00:00,0.20398176883266608
2012-12-19 15:00:00,0.2076397671313232
2012-12-19 16:00:00,0.49593072313529263
2012-12-19 17:00:00,0.7849655048393556
2012-12-19 18:00:00,1.0892423587577968
2012-12-19 19:00:00,1.3232614265306684
2012-12-19 20:00:00,1.5
2012-12-19 21:00:00,1.5
2012-12-19 22:00:00,1.5
2012-12-19 23:00:00,1.5
2012-12-20 00:00:00,1.467326845183891
2012-12-20 01:00:00,1.4308533371749272
2012-12-20 02:00:00,1.5
2012-12-20 03:00:00,1.5
2012-12-20 04:00:00,1.5
2012-12-20 05:00:00,1.5
2012-12-20 06:00:00,1.5
2012-12-20 07:00:00,0.7277345556901716
2012-12-20 08:00:00,1.4985178796644645
2012-12-20 09:00:00,1.5
2012-12-20 10:00:00,1.5
2012-12-20 11:00:00,1.5
2012-12-20 12:00:00,1.5
2012-12-20 13:00:00,1.5
2012-12-20 14:00:00,1.5
2012-12-20 15:00:00,1.5
2012-12-20 16:00:00,1.5
2012-12-20 17:00:00,1.5
2012-12-20 18:00:00,1.5
2012-12-20 19:00:00,1.5
2012-12-20 20:00:00,1.5
2012-12-20 21:00:00,1.5
2012-12-20 22:00:00,1.5
2012-12-20 23:00:00,1.5
2012-12-21 00:00:00,1.5
2012-12-21 01:00:00,1.5
2012-12-21 02:00:00,0.8790666836454846
2012-12-21 03:00:00,0.8357753261952274
2012-12-21 04:00:00,1.3341325297181503
2012-12-21 05:00:00,1.5
2012-12-21 06:00:00,1.5
2012-12-21 07:00:00,1.5
2012-12-21 08:00:00,1.5
2012-12-21 09:00:00,1.4461360213948327
2012-12-21 10:00:00,0.9554662585718668
2012-12-21 11:00:00,0.8942862859324091
2012-12-21 12:00:00,0.9525606358560684
2012-12-21 13:00:00,0.8344458853106681
2012-12-21 14:00:00,0.8384384426008133
2012-12-21 15:00:00,0.7710165278353642
2012-12-21 16:00:00,0.6942991519023399
2012-12-21 17:00:00,0.8464617228155807
2012-12-21 18:00:00,1.1245317524265315
2012-12-21 19:00:00,1.247075017059774
2012-12-21 20:00:00,1.0012619249501291
2012-12-21 21:00:00,0.5969736989775096
2012-12-21 22:00:00,0.4296218134856023
2012-12-21 23:00:00,0.29689253587404213
2012-12-22 00:00:00,0.2282626491289759
2012-12-22 01:00:00,0.08767196993984692
2012-12-22 02:00:00,0.0903617206565168
2012-12-22 03:00:00,0.07663237037263831
2012-12-22 04:00:00,0.0
2012-12-22 05:00:00,0.0
2012-12-22 06:00:00,0.0
2012-12-22 07:00:00,0.0
2012-12-22 08:00:00,0.0
2012-12-22 09:00:00,0.0
2012-12-22 10:00:00,0.0
2012-12-22 11:00:00,0.0
2012-12-22 12:00:00,0.0
2012-12-22 13:00:00,0.0
2012-12-22 14:00:00,0.05674590171429767
2012-12-22 15:00:00,0.0931059301757708
2012-12-22 16:00:00,0.3009135994700935
2012-12-22 17:00:00,0.6641836801454161
2012-12-22 18:00:00,1.0423213251350554
2012-12-22 19:00:00,1.108398115662443
2012-12-22 20:00:00,0.8708383440048029
2012-12-22 21:00:00,1.2927810067501886
2012-12-22 22:00:00,1.2349563723244739
2012-12-22 23:00:00,1.2892261572130364
2012-12-23 00:00:00,1.030040788535558
2012-12-23 01:00:00,1.0012619249501284
2012-12-23 02:00:00,0.8133661564656435
2012-12-23 03:00:00,0.6779725249753161
2012-12-23 04:00:00,0.45574052114252545
2012-12-23 05:00:00,0.39799618770788664
2012-12-23 06:00:00,0.5111112380155938
2012-12-23 07:00:00,0.5197848467609724
2012-12-23 08:00:00,0.29689253587404196
2012-12-23 09:00:00,0.1262864108697082
2012-12-23 10:00:00,0.06804898498950512
2012-12-23 11:00:00,0.054776749711702453
2012-12-23 12:00:00,0.0
2012-12-23 13:00:00,0.0
2012-12-23 14:00:00,0.0
2012-12-23 15:00:00,0.0
2012-12-23 16:00:00,0.265386231735111
2012-12-23 17:00:00,0.3265149980413252
2012-12-23 18:00:00,0.21401190523690725
2012-12-23 19:00:00,0.14652538156869707
2012-12-23 20:00:00,0.12971309389825827
2012-12-23 21:00:00,0.12553321359068198
2012-12-23 22:00:00,0.1010190358460384
2012-12-23 23:00:00,0.07609270778204756
2012-12-24 00:00:00,0.09780211469140204
2012-12-24 01:00:00,0.07992401259617452
2012-12-24 02:00:00,0.05180503417350408
2012-12-24 03:00:00,0.0
2012-12-24 04:00:00,0.0
2012-12-24 05:00:00,0.0
2012-12-24 06:00:00,0.0
2012-12-24 07:00:00,0.05222281470258259
2012-12-24 08:00:00,0.20346273150218763
2012-12-24 09:00:00,0.20139538686996034
2012-12-24 10:00:00,0.16653957001243863
2012-12-24 11:00:00,0.17957145760144175
2012-12-24 12:00:00,0.17531115463934863
2012-12-24 13:00:00,0.15458534736657453
2012-12-24 14:00:00,0.1810067466785147
2012-12-24 15:00:00,0.17158125649102515
2012-12-24 16:00:00,0.22714462998202387
2012-12-24 17:00:00,0.36565741388526407
2012-12-24 18:00:00,0.2988985597607921
2012-12-24 19:00:00,0.23619167224568702
2012-12-24 20:00:00,0.2580261760014231
2012-12-24 21:00:00,0.2805235776810827
2012-12-24 22:00:00,0.16744879223254833
2012-12-24 23:00:00,0.24724322527723502
2012-12-25 00:00:00,0.23791429518316495
2012-12-25 01:00:00,0.1786188258653456
2012-12-25 02:00:00,0.1967951644875307
2012-12-25 03:00:00,0.23447738456418485
2012-12-25 04:00:00,0.23504788889962958
2012-12-25 05:00:00,0.2935691429861554
2012-12-25 06:00:00,0.2556034109033438
2012-12-25 07:00:00,0.27288493437822386
2012-12-25 08:00:00,0.35728971544804516
2012-12-25 09:00:00,0.4321875640738276
2012-12-25 10:00:00,0.5149541636225365
2012-12-25 11:00:00,0.49781162147556723
2012-12-25 12:00:00,0.5453919872227359
2012-12-25 13:00:00,0.7085002898033593
2012-12-25 14:00:00,0.822544302130999
2012-12-25 15:00:00,0.7374808719989862
2012-12-25 16:00:00,0.7647310980792166
2012-12-25 17:00:00,1.0148262535621742
2012-12-25 18:00:00,1.2315083807240108
2012-12-25 19:00:00,1.5
2012-12-25 20:00:00,1.5
2012-12-25 21:00:00,1.5
2012-12-25 22:00:00,1.5
2012-12-25 23:00:00,1.5
2012-12-26 00:00:00,1.5
2012-12-26 01:00:00,1.5
2012-12-26 02:00:00,1.5
2012-12-26 03:00:00,1.5
2012-12-26 04:00:00,1.5
2012-12-26 05:00:00,1.5
2012-12-26 06:00:00,1.5
2012-12-26 07:00:00,1.5
2012-12-26 08:00:00,1.5
2012-12-26 09:00:00,1.5
2012-12-26 10:00:00,1.5
2012-12-26 11:00:00,1.5
2012-12-26 12:00:00,1.5
2012-12-26 13:00:00,1.5
2012-12-26 14:00:00,1.2315083807240108
2012-12-26 15:00:00,0.9096805505022842
2012-12-26 16:00:00,0.8186024032518691
2012-12-26 17:00:00,0.899863939053403
2012-12-26 18:00:00,1.1622316246831321
2012-12-26 19:00:00,1.097196872424457
2012-12-26 20:00:00,1.0797478059121008
2012-12-26 21:00:00,0.8317912344345276
2012-12-26 22:00:00,0.8424437150308348
2012-12-26 23:00:00,0.7399309725639224
2012-12-27 00:00:00,0.6239414146848611
2012-12-27 01:00:00,0.5315015393185629
2012-12-27 02:00:00,0.5072874790800767
2012-12-27 03:00:00,0.5524270556958278
2012-12-27 04:00:00,0.4253681632052825
2012-12-27 05:00:00,0.35804508457548406
2012-12-27 06:00:00,0.4020656470245047
2012-12-27 07:00:00,0.2889581942555764
2012-12-27 08:00:00,0.10766296284289
2012-12-27 09:00:00,0.0
2012-12-27 10:00:00,0.0
2012-12-27 11:00:00,0.0
2012-12-27 12:00:00,0.0
2012-12-27 13:00:00,0.0
2012-12-27 14:00:00,0.0
2012-12-27 15:00:00,0.0
2012-12-27 16:00:00,0.0
2012-12-27 17:00:00,0.17065712245080683
2012-12-27 18:00:00,0.2672478587110087
2012-12-27 19:00:00,0.2747814252299653
2012-12-27 20:00:00,0.27099718981771626
2012-12-27 21:00:00,0.24430221871476046
2012-12-27 22:00:00,0.2635332701910523
2012-12-27 23:00:00,0.2623027666411714
2012-12-28 00:00:00,0.23964527359146745
2012-12-28 01:00:00,0.22270905991369644
2012-12-28 02:00:00,0.19628839607285892
2012-12-28 03:00:00,0.1800490410153775
2012-12-28 04:00:00,0.17719620476016804
2012-12-28 05:00:00,0.20502249014141535
2012-12-28 06:00:00,0.2140119052369073
2012-12-28 07:00:00,0.15415394664639726
2012-12-28 08:00:00,0.14486505318336165
2012-12-28 09:00:00,0.0
2012-12-28 10:00:00,0.0
2012-12-28 11:00:00,0.0
2012-12-28 12:00:00,0.0
2012-12-28 13:00:00,0.0
2012-12-28 14:00:00,0.0
2012-12-28 15:00:00,0.0
2012-12-28 16:00:00,0.0
2012-12-28 17:00:00,0.04447277073729832
2012-12-28 18:00:00,0.044850189700365826
2012-12-28 19:00:00,0.07502099536317293
2012-12-28 20:00:00,0.07744663908067358
2012-12-28 21:00:00,0.08048161998288747
2012-12-28 22:00:00,0.11494603706332349
2012-12-28 23:00:00,0.15806556368207098
2012-12-29 00:00:00,0.15588437713247175
2012-12-29 01:00:00,0.14036392374003245
2012-12-29 02:00:00,0.2623027666411714
2012-12-29 03:00:00,0.38595274795002704
2012-12-29 04:00:00,0.5728600551268028
2012-12-29 05:00:00,0.5197848467609724
2012-12-29 06:00:00,0.7684982395907372
2012-12-29 07:00:00,0.9338175537337908
2012-12-29 08:00:00,0.8238610750436627
2012-12-29 09:00:00,0.42452081651594387
2012-12-29 10:00:00,0.32086118535281033
2012-12-29 11:00:00,0.3819929354705292
2012-12-29 12:00:00,0.39637612380737497
2012-12-29 13:00:00,0.4364864806414283
2012-12-29 14:00:00,0.4810538083303727
2012-12-29 15:00:00,0.37806030073215446
2012-12-29 16:00:00,0.5544481282896564
2012-12-29 17:00:00,1.5
2012-12-29 18:00:00,1.2315083807240108
2012-12-29 19:00:00,0.9612952182005704
2012-12-29 20:00:00,0.6405053775377835
2012-12-29 21:00:00,0.5687338281474356
2012-12-29 22:00:00,0.44691998401322675
2012-12-29 23:00:00,0.2988985597607921
2012-12-30 00:00:00,0.35502998397877056
2012-12-30 01:00:00,0.29822888437207845
2012-12-30 02:00:00,0.09843995256678552
2012-12-30 03:00:00,0.046964215784070895
2012-12-30 04:00:00,0.0
2012-12-30 05:00:00,0.0
2012-12-30 06:00:00,0.0
2012-12-30 07:00:00,0.0
2012-12-30 08:00:00,0.0
2012-12-30 09:00:00,0.0
2012-12-30 10:00:00,0.0
2012-12-30 11:00:00,0.0
2012-12-30 12:00:00,0.0
2012-12-30 13:00:00,0.062226452684445904
2012-12-30 14:00:00,0.07160750689085031
2012-12-30 15:00:00,0.07475464888319587
2012-12-30 16:00:00,0.13398474437835983
2012-12-30 17:00:00,0.3049708072157441
2012-12-30 18:00:00,0.48659726790989044
2012-12-30 19:00:00,0.48752529805025174
2012-12-30 20:00:00,0.49875385142414164
2012-12-30 21:00:00,0.4194603570563509
2012-12-30 22:00:00,0.3588015176029264
2012-12-30 23:00:00,0.2580261760014231
2012-12-31 00:00:00,0.15158238653524506
2012-12-31 01:00:00,0.21778849956110458
2012-12-31 02:00:00,0.29556018542387336
2012-12-31 03:00:00,0.36719271243269813
2012-12-31 04:00:00,0.3387490648213422
2012-12-31 05:00:00,0.29092835700061015
2012-12-31 06:00:00,0.19985410235641332
2012-12-31 07:00:00,0.14736028202556156
2012-12-31 08:00:00,0.12107683670295231
2012-12-31 09:00:00,0.07395939336347523
2012-12-31 10:00:00,0.047355582244091025
2012-12-31 11:00:00,0.0
2012-12-31 12:00:00,0.0
2012-12-31 13:00:00,0.0
2012-12-31 14:00:00,0.047552078185891404
2012-12-31 15:00:00,0.060362115546199954
2012-12-31 16:00:00,0.05159698207649065
2012-12-31 17:00:00,0.0
2012-12-31 18:00:00,1.3016967065278986
2012-12-31 19:00:00,1.3931185160652477
2012-12-31 20:00:00,1.5
2012-12-31 21:00:00,1.4750836230646924
2012-12-31 22:00:00,1.3578905010413105
2012-12-31 23:00:00,1.3671027526504642
